ISO-10303-21;
HEADER;
FILE_DESCRIPTION(('Open CASCADE Model'),'2;1');
FILE_NAME('battery_cover','2000-01-01T00:00:00',('Author'),(
    'Open CASCADE'),'Open CASCADE STEP processor 7.9','cadgen','Unknown'
  );
FILE_SCHEMA(('AUTOMOTIVE_DESIGN { 1 0 10303 214 1 1 1 1 }'));
ENDSEC;
DATA;
#1 = APPLICATION_PROTOCOL_DEFINITION('international standard',
  'automotive_design',2000,#2);
#2 = APPLICATION_CONTEXT(
  'core data for automotive mechanical design processes');
#3 = SHAPE_DEFINITION_REPRESENTATION(#4,#10);
#4 = PRODUCT_DEFINITION_SHAPE('','',#5);
#5 = PRODUCT_DEFINITION('design','',#6,#9);
#6 = PRODUCT_DEFINITION_FORMATION('','',#7);
#7 = PRODUCT('=>[0:1:1:2]','=>[0:1:1:2]','',(#8));
#8 = PRODUCT_CONTEXT('',#2,'mechanical');
#9 = PRODUCT_DEFINITION_CONTEXT('part definition',#2,'design');
#10 = SHAPE_REPRESENTATION('',(#11,#15),#19);
#11 = AXIS2_PLACEMENT_3D('',#12,#13,#14);
#12 = CARTESIAN_POINT('',(0.,0.,0.));
#13 = DIRECTION('',(0.,0.,1.));
#14 = DIRECTION('',(1.,0.,0.));
#15 = AXIS2_PLACEMENT_3D('',#16,#17,#18);
#16 = CARTESIAN_POINT('',(0.,0.,0.));
#17 = DIRECTION('',(0.,0.,1.));
#18 = DIRECTION('',(1.,0.,0.));
#19 = ( GEOMETRIC_REPRESENTATION_CONTEXT(3) 
GLOBAL_UNCERTAINTY_ASSIGNED_CONTEXT((#23)) GLOBAL_UNIT_ASSIGNED_CONTEXT(
(#20,#21,#22)) REPRESENTATION_CONTEXT('Context #1',
  '3D Context with UNIT and UNCERTAINTY') );
#20 = ( LENGTH_UNIT() NAMED_UNIT(*) SI_UNIT(.MILLI.,.METRE.) );
#21 = ( NAMED_UNIT(*) PLANE_ANGLE_UNIT() SI_UNIT($,.RADIAN.) );
#22 = ( NAMED_UNIT(*) SI_UNIT($,.STERADIAN.) SOLID_ANGLE_UNIT() );
#23 = UNCERTAINTY_MEASURE_WITH_UNIT(LENGTH_MEASURE(5.E-07),#20,
  'distance_accuracy_value','confusion accuracy');
#24 = PRODUCT_RELATED_PRODUCT_CATEGORY('part',$,(#7));
#25 = SHAPE_DEFINITION_REPRESENTATION(#26,#32);
#26 = PRODUCT_DEFINITION_SHAPE('','',#27);
#27 = PRODUCT_DEFINITION('design','',#28,#31);
#28 = PRODUCT_DEFINITION_FORMATION('','',#29);
#29 = PRODUCT('battery_cover','battery_cover','',(#30));
#30 = PRODUCT_CONTEXT('',#2,'mechanical');
#31 = PRODUCT_DEFINITION_CONTEXT('part definition',#2,'design');
#32 = ADVANCED_BREP_SHAPE_REPRESENTATION('',(#11,#33),#7845);
#33 = MANIFOLD_SOLID_BREP('',#34);
#34 = CLOSED_SHELL('',(#35,#671,#748,#823,#899,#968,#996,#1024,#1052,
    #1080,#1108,#1136,#1143,#1220,#1295,#1371,#1440,#1468,#1496,#1524,
    #1552,#1580,#1608,#1615,#1833,#2723,#2799,#2870,#2897,#2924,#2931,
    #3007,#3085,#3161,#3234,#3263,#3290,#3299,#3375,#3446,#3473,#3500,
    #3507,#3583,#3661,#3737,#3810,#3839,#3866,#3875,#4845,#5061,#5334,
    #5499,#5567,#5594,#5727,#5907,#5975,#6002,#6120,#6169,#6218,#6267,
    #6316,#6365,#6372,#6379,#6386,#6393,#6420,#6452,#6523,#6572,#6621,
    #6726,#6797,#6897,#6968,#6995,#7045,#7094,#7142,#7169,#7220,#7269,
    #7318,#7345,#7408,#7457,#7507,#7556,#7584,#7616,#7703,#7802,#7826));
#35 = ADVANCED_FACE('',(#36,#211,#441),#50,.F.);
#36 = FACE_BOUND('',#37,.F.);
#37 = EDGE_LOOP('',(#38,#73,#106,#129,#157,#185));
#38 = ORIENTED_EDGE('',*,*,#39,.F.);
#39 = EDGE_CURVE('',#40,#42,#44,.T.);
#40 = VERTEX_POINT('',#41);
#41 = CARTESIAN_POINT('',(7.52782331531,20.,11.5));
#42 = VERTEX_POINT('',#43);
#43 = CARTESIAN_POINT('',(0.,20.,11.5));
#44 = SURFACE_CURVE('',#45,(#49,#61),.PCURVE_S1.);
#45 = LINE('',#46,#47);
#46 = CARTESIAN_POINT('',(7.52782331531,20.,11.5));
#47 = VECTOR('',#48,1.);
#48 = DIRECTION('',(-1.,0.,-1.486624701388E-14));
#49 = PCURVE('',#50,#55);
#50 = PLANE('',#51);
#51 = AXIS2_PLACEMENT_3D('',#52,#53,#54);
#52 = CARTESIAN_POINT('',(0.,20.,11.5));
#53 = DIRECTION('',(0.,-1.,0.));
#54 = DIRECTION('',(0.,0.,1.));
#55 = DEFINITIONAL_REPRESENTATION('',(#56),#60);
#56 = LINE('',#57,#58);
#57 = CARTESIAN_POINT('',(1.119104808822E-13,-7.52782331531));
#58 = VECTOR('',#59,1.);
#59 = DIRECTION('',(-1.486624701388E-14,1.));
#60 = ( GEOMETRIC_REPRESENTATION_CONTEXT(2) 
PARAMETRIC_REPRESENTATION_CONTEXT() REPRESENTATION_CONTEXT('2D SPACE',''
  ) );
#61 = PCURVE('',#62,#67);
#62 = PLANE('',#63);
#63 = AXIS2_PLACEMENT_3D('',#64,#65,#66);
#64 = CARTESIAN_POINT('',(0.,18.,11.5));
#65 = DIRECTION('',(0.,0.,1.));
#66 = DIRECTION('',(0.,1.,0.));
#67 = DEFINITIONAL_REPRESENTATION('',(#68),#72);
#68 = LINE('',#69,#70);
#69 = CARTESIAN_POINT('',(2.,-7.52782331531));
#70 = VECTOR('',#71,1.);
#71 = DIRECTION('',(0.,1.));
#72 = ( GEOMETRIC_REPRESENTATION_CONTEXT(2) 
PARAMETRIC_REPRESENTATION_CONTEXT() REPRESENTATION_CONTEXT('2D SPACE',''
  ) );
#73 = ORIENTED_EDGE('',*,*,#74,.T.);
#74 = EDGE_CURVE('',#40,#75,#77,.T.);
#75 = VERTEX_POINT('',#76);
#76 = CARTESIAN_POINT('',(23.47217668469,20.,11.5));
#77 = SURFACE_CURVE('',#78,(#83,#94),.PCURVE_S1.);
#78 = CIRCLE('',#79,7.97217668469);
#79 = AXIS2_PLACEMENT_3D('',#80,#81,#82);
#80 = CARTESIAN_POINT('',(15.5,20.,11.5));
#81 = DIRECTION('',(0.,1.,0.));
#82 = DIRECTION('',(1.,0.,0.));
#83 = PCURVE('',#50,#84);
#84 = DEFINITIONAL_REPRESENTATION('',(#85),#93);
#85 = ( BOUNDED_CURVE() B_SPLINE_CURVE(2,(#86,#87,#88,#89,#90,#91,#92),
.UNSPECIFIED.,.T.,.F.) B_SPLINE_CURVE_WITH_KNOTS((1,2,2,2,2,1),(
    -2.094395102393,0.,2.094395102393,4.188790204786,6.28318530718,
8.377580409573),.UNSPECIFIED.) CURVE() GEOMETRIC_REPRESENTATION_ITEM() 
RATIONAL_B_SPLINE_CURVE((1.,0.5,1.,0.5,1.,0.5,1.)) REPRESENTATION_ITEM(
  '') );
#86 = CARTESIAN_POINT('',(0.,-23.47217668469));
#87 = CARTESIAN_POINT('',(-13.8082150648,-23.47217668469));
#88 = CARTESIAN_POINT('',(-6.9041075324,-11.51391165765));
#89 = CARTESIAN_POINT('',(-1.952620131829E-15,0.444353369381));
#90 = CARTESIAN_POINT('',(6.9041075324,-11.51391165765));
#91 = CARTESIAN_POINT('',(13.8082150648,-23.47217668469));
#92 = CARTESIAN_POINT('',(0.,-23.47217668469));
#93 = ( GEOMETRIC_REPRESENTATION_CONTEXT(2) 
PARAMETRIC_REPRESENTATION_CONTEXT() REPRESENTATION_CONTEXT('2D SPACE',''
  ) );
#94 = PCURVE('',#95,#100);
#95 = TOROIDAL_SURFACE('',#96,7.97217668469,1.25);
#96 = AXIS2_PLACEMENT_3D('',#97,#98,#99);
#97 = CARTESIAN_POINT('',(15.5,18.75,11.5));
#98 = DIRECTION('',(0.,-1.,0.));
#99 = DIRECTION('',(1.,0.,0.));
#100 = DEFINITIONAL_REPRESENTATION('',(#101),#105);
#101 = LINE('',#102,#103);
#102 = CARTESIAN_POINT('',(0.,4.712388980385));
#103 = VECTOR('',#104,1.);
#104 = DIRECTION('',(-1.,0.));
#105 = ( GEOMETRIC_REPRESENTATION_CONTEXT(2) 
PARAMETRIC_REPRESENTATION_CONTEXT() REPRESENTATION_CONTEXT('2D SPACE',''
  ) );
#106 = ORIENTED_EDGE('',*,*,#107,.F.);
#107 = EDGE_CURVE('',#108,#75,#110,.T.);
#108 = VERTEX_POINT('',#109);
#109 = CARTESIAN_POINT('',(31.,20.,11.5));
#110 = SURFACE_CURVE('',#111,(#115,#122),.PCURVE_S1.);
#111 = LINE('',#112,#113);
#112 = CARTESIAN_POINT('',(31.,20.,11.5));
#113 = VECTOR('',#114,1.);
#114 = DIRECTION('',(-1.,0.,0.));
#115 = PCURVE('',#50,#116);
#116 = DEFINITIONAL_REPRESENTATION('',(#117),#121);
#117 = LINE('',#118,#119);
#118 = CARTESIAN_POINT('',(0.,-31.));
#119 = VECTOR('',#120,1.);
#120 = DIRECTION('',(0.,1.));
#121 = ( GEOMETRIC_REPRESENTATION_CONTEXT(2) 
PARAMETRIC_REPRESENTATION_CONTEXT() REPRESENTATION_CONTEXT('2D SPACE',''
  ) );
#122 = PCURVE('',#62,#123);
#123 = DEFINITIONAL_REPRESENTATION('',(#124),#128);
#124 = LINE('',#125,#126);
#125 = CARTESIAN_POINT('',(2.,-31.));
#126 = VECTOR('',#127,1.);
#127 = DIRECTION('',(0.,1.));
#128 = ( GEOMETRIC_REPRESENTATION_CONTEXT(2) 
PARAMETRIC_REPRESENTATION_CONTEXT() REPRESENTATION_CONTEXT('2D SPACE',''
  ) );
#129 = ORIENTED_EDGE('',*,*,#130,.F.);
#130 = EDGE_CURVE('',#131,#108,#133,.T.);
#131 = VERTEX_POINT('',#132);
#132 = CARTESIAN_POINT('',(31.,20.,76.5));
#133 = SURFACE_CURVE('',#134,(#138,#145),.PCURVE_S1.);
#134 = LINE('',#135,#136);
#135 = CARTESIAN_POINT('',(31.,20.,76.5));
#136 = VECTOR('',#137,1.);
#137 = DIRECTION('',(0.,0.,-1.));
#138 = PCURVE('',#50,#139);
#139 = DEFINITIONAL_REPRESENTATION('',(#140),#144);
#140 = LINE('',#141,#142);
#141 = CARTESIAN_POINT('',(65.,-31.));
#142 = VECTOR('',#143,1.);
#143 = DIRECTION('',(-1.,0.));
#144 = ( GEOMETRIC_REPRESENTATION_CONTEXT(2) 
PARAMETRIC_REPRESENTATION_CONTEXT() REPRESENTATION_CONTEXT('2D SPACE',''
  ) );
#145 = PCURVE('',#146,#151);
#146 = PLANE('',#147);
#147 = AXIS2_PLACEMENT_3D('',#148,#149,#150);
#148 = CARTESIAN_POINT('',(31.,19.,44.140856679403));
#149 = DIRECTION('',(1.,0.,0.));
#150 = DIRECTION('',(0.,0.,1.));
#151 = DEFINITIONAL_REPRESENTATION('',(#152),#156);
#152 = LINE('',#153,#154);
#153 = CARTESIAN_POINT('',(32.359143320597,-1.));
#154 = VECTOR('',#155,1.);
#155 = DIRECTION('',(-1.,0.));
#156 = ( GEOMETRIC_REPRESENTATION_CONTEXT(2) 
PARAMETRIC_REPRESENTATION_CONTEXT() REPRESENTATION_CONTEXT('2D SPACE',''
  ) );
#157 = ORIENTED_EDGE('',*,*,#158,.F.);
#158 = EDGE_CURVE('',#159,#131,#161,.T.);
#159 = VERTEX_POINT('',#160);
#160 = CARTESIAN_POINT('',(0.,20.,76.5));
#161 = SURFACE_CURVE('',#162,(#166,#173),.PCURVE_S1.);
#162 = LINE('',#163,#164);
#163 = CARTESIAN_POINT('',(0.,20.,76.5));
#164 = VECTOR('',#165,1.);
#165 = DIRECTION('',(1.,0.,0.));
#166 = PCURVE('',#50,#167);
#167 = DEFINITIONAL_REPRESENTATION('',(#168),#172);
#168 = LINE('',#169,#170);
#169 = CARTESIAN_POINT('',(65.,0.));
#170 = VECTOR('',#171,1.);
#171 = DIRECTION('',(0.,-1.));
#172 = ( GEOMETRIC_REPRESENTATION_CONTEXT(2) 
PARAMETRIC_REPRESENTATION_CONTEXT() REPRESENTATION_CONTEXT('2D SPACE',''
  ) );
#173 = PCURVE('',#174,#179);
#174 = CYLINDRICAL_SURFACE('',#175,0.5);
#175 = AXIS2_PLACEMENT_3D('',#176,#177,#178);
#176 = CARTESIAN_POINT('',(0.,19.5,76.5));
#177 = DIRECTION('',(-1.,0.,0.));
#178 = DIRECTION('',(0.,1.,0.));
#179 = DEFINITIONAL_REPRESENTATION('',(#180),#184);
#180 = LINE('',#181,#182);
#181 = CARTESIAN_POINT('',(0.,0.));
#182 = VECTOR('',#183,1.);
#183 = DIRECTION('',(0.,-1.));
#184 = ( GEOMETRIC_REPRESENTATION_CONTEXT(2) 
PARAMETRIC_REPRESENTATION_CONTEXT() REPRESENTATION_CONTEXT('2D SPACE',''
  ) );
#185 = ORIENTED_EDGE('',*,*,#186,.F.);
#186 = EDGE_CURVE('',#42,#159,#187,.T.);
#187 = SURFACE_CURVE('',#188,(#192,#199),.PCURVE_S1.);
#188 = LINE('',#189,#190);
#189 = CARTESIAN_POINT('',(0.,20.,11.5));
#190 = VECTOR('',#191,1.);
#191 = DIRECTION('',(0.,0.,1.));
#192 = PCURVE('',#50,#193);
#193 = DEFINITIONAL_REPRESENTATION('',(#194),#198);
#194 = LINE('',#195,#196);
#195 = CARTESIAN_POINT('',(0.,0.));
#196 = VECTOR('',#197,1.);
#197 = DIRECTION('',(1.,0.));
#198 = ( GEOMETRIC_REPRESENTATION_CONTEXT(2) 
PARAMETRIC_REPRESENTATION_CONTEXT() REPRESENTATION_CONTEXT('2D SPACE',''
  ) );
#199 = PCURVE('',#200,#205);
#200 = PLANE('',#201);
#201 = AXIS2_PLACEMENT_3D('',#202,#203,#204);
#202 = CARTESIAN_POINT('',(0.,19.,44.140856679403));
#203 = DIRECTION('',(1.,0.,0.));
#204 = DIRECTION('',(0.,0.,1.));
#205 = DEFINITIONAL_REPRESENTATION('',(#206),#210);
#206 = LINE('',#207,#208);
#207 = CARTESIAN_POINT('',(-32.6408566794,-1.));
#208 = VECTOR('',#209,1.);
#209 = DIRECTION('',(1.,0.));
#210 = ( GEOMETRIC_REPRESENTATION_CONTEXT(2) 
PARAMETRIC_REPRESENTATION_CONTEXT() REPRESENTATION_CONTEXT('2D SPACE',''
  ) );
#211 = FACE_BOUND('',#212,.F.);
#212 = EDGE_LOOP('',(#213,#243,#275,#301,#329,#357,#389,#415));
#213 = ORIENTED_EDGE('',*,*,#214,.F.);
#214 = EDGE_CURVE('',#215,#217,#219,.T.);
#215 = VERTEX_POINT('',#216);
#216 = CARTESIAN_POINT('',(4.75,20.,68.5));
#217 = VERTEX_POINT('',#218);
#218 = CARTESIAN_POINT('',(7.25,20.,68.5));
#219 = SURFACE_CURVE('',#220,(#224,#231),.PCURVE_S1.);
#220 = LINE('',#221,#222);
#221 = CARTESIAN_POINT('',(4.5,20.,68.5));
#222 = VECTOR('',#223,1.);
#223 = DIRECTION('',(1.,0.,0.));
#224 = PCURVE('',#50,#225);
#225 = DEFINITIONAL_REPRESENTATION('',(#226),#230);
#226 = LINE('',#227,#228);
#227 = CARTESIAN_POINT('',(57.,-4.5));
#228 = VECTOR('',#229,1.);
#229 = DIRECTION('',(0.,-1.));
#230 = ( GEOMETRIC_REPRESENTATION_CONTEXT(2) 
PARAMETRIC_REPRESENTATION_CONTEXT() REPRESENTATION_CONTEXT('2D SPACE',''
  ) );
#231 = PCURVE('',#232,#237);
#232 = CYLINDRICAL_SURFACE('',#233,2.);
#233 = AXIS2_PLACEMENT_3D('',#234,#235,#236);
#234 = CARTESIAN_POINT('',(4.5,20.,70.5));
#235 = DIRECTION('',(-1.,0.,0.));
#236 = DIRECTION('',(0.,1.7763568394E-15,-1.));
#237 = DEFINITIONAL_REPRESENTATION('',(#238),#242);
#238 = LINE('',#239,#240);
#239 = CARTESIAN_POINT('',(0.,0.));
#240 = VECTOR('',#241,1.);
#241 = DIRECTION('',(0.,-1.));
#242 = ( GEOMETRIC_REPRESENTATION_CONTEXT(2) 
PARAMETRIC_REPRESENTATION_CONTEXT() REPRESENTATION_CONTEXT('2D SPACE',''
  ) );
#243 = ORIENTED_EDGE('',*,*,#244,.T.);
#244 = EDGE_CURVE('',#215,#245,#247,.T.);
#245 = VERTEX_POINT('',#246);
#246 = CARTESIAN_POINT('',(4.5,20.,68.75));
#247 = SURFACE_CURVE('',#248,(#253,#264),.PCURVE_S1.);
#248 = CIRCLE('',#249,0.25);
#249 = AXIS2_PLACEMENT_3D('',#250,#251,#252);
#250 = CARTESIAN_POINT('',(4.75,20.,68.75));
#251 = DIRECTION('',(0.,1.,0.));
#252 = DIRECTION('',(0.,0.,-1.));
#253 = PCURVE('',#50,#254);
#254 = DEFINITIONAL_REPRESENTATION('',(#255),#263);
#255 = ( BOUNDED_CURVE() B_SPLINE_CURVE(2,(#256,#257,#258,#259,#260,#261
,#262),.UNSPECIFIED.,.T.,.F.) B_SPLINE_CURVE_WITH_KNOTS((1,2,2,2,2,1),(
    -2.094395102393,0.,2.094395102393,4.188790204786,6.28318530718,
8.377580409573),.UNSPECIFIED.) CURVE() GEOMETRIC_REPRESENTATION_ITEM() 
RATIONAL_B_SPLINE_CURVE((1.,0.5,1.,0.5,1.,0.5,1.)) REPRESENTATION_ITEM(
  '') );
#256 = CARTESIAN_POINT('',(57.,-4.75));
#257 = CARTESIAN_POINT('',(57.,-4.316987298108));
#258 = CARTESIAN_POINT('',(57.375,-4.533493649054));
#259 = CARTESIAN_POINT('',(57.75,-4.75));
#260 = CARTESIAN_POINT('',(57.375,-4.966506350946));
#261 = CARTESIAN_POINT('',(57.,-5.183012701892));
#262 = CARTESIAN_POINT('',(57.,-4.75));
#263 = ( GEOMETRIC_REPRESENTATION_CONTEXT(2) 
PARAMETRIC_REPRESENTATION_CONTEXT() REPRESENTATION_CONTEXT('2D SPACE',''
  ) );
#264 = PCURVE('',#265,#270);
#265 = TOROIDAL_SURFACE('',#266,1.75,0.25);
#266 = AXIS2_PLACEMENT_3D('',#267,#268,#269);
#267 = CARTESIAN_POINT('',(4.75,20.,70.5));
#268 = DIRECTION('',(-1.,0.,0.));
#269 = DIRECTION('',(0.,1.7763568394E-15,-1.));
#270 = DEFINITIONAL_REPRESENTATION('',(#271),#274);
#271 = B_SPLINE_CURVE_WITH_KNOTS('',1,(#272,#273),.UNSPECIFIED.,.F.,.F.,
  (2,2),(0.,1.570796326795),.PIECEWISE_BEZIER_KNOTS.);
#272 = CARTESIAN_POINT('',(0.,0.));
#273 = CARTESIAN_POINT('',(0.,1.570796326795));
#274 = ( GEOMETRIC_REPRESENTATION_CONTEXT(2) 
PARAMETRIC_REPRESENTATION_CONTEXT() REPRESENTATION_CONTEXT('2D SPACE',''
  ) );
#275 = ORIENTED_EDGE('',*,*,#276,.T.);
#276 = EDGE_CURVE('',#245,#277,#279,.T.);
#277 = VERTEX_POINT('',#278);
#278 = CARTESIAN_POINT('',(4.5,20.,75.25));
#279 = SURFACE_CURVE('',#280,(#284,#290),.PCURVE_S1.);
#280 = LINE('',#281,#282);
#281 = CARTESIAN_POINT('',(4.5,20.,41.75));
#282 = VECTOR('',#283,1.);
#283 = DIRECTION('',(0.,0.,1.));
#284 = PCURVE('',#50,#285);
#285 = DEFINITIONAL_REPRESENTATION('',(#286),#289);
#286 = B_SPLINE_CURVE_WITH_KNOTS('',1,(#287,#288),.UNSPECIFIED.,.F.,.F.,
  (2,2),(27.,33.5),.PIECEWISE_BEZIER_KNOTS.);
#287 = CARTESIAN_POINT('',(57.25,-4.5));
#288 = CARTESIAN_POINT('',(63.75,-4.5));
#289 = ( GEOMETRIC_REPRESENTATION_CONTEXT(2) 
PARAMETRIC_REPRESENTATION_CONTEXT() REPRESENTATION_CONTEXT('2D SPACE',''
  ) );
#290 = PCURVE('',#291,#296);
#291 = PLANE('',#292);
#292 = AXIS2_PLACEMENT_3D('',#293,#294,#295);
#293 = CARTESIAN_POINT('',(4.5,20.579688902847,72.));
#294 = DIRECTION('',(1.,0.,0.));
#295 = DIRECTION('',(0.,0.,1.));
#296 = DEFINITIONAL_REPRESENTATION('',(#297),#300);
#297 = B_SPLINE_CURVE_WITH_KNOTS('',1,(#298,#299),.UNSPECIFIED.,.F.,.F.,
  (2,2),(27.,33.5),.PIECEWISE_BEZIER_KNOTS.);
#298 = CARTESIAN_POINT('',(-3.25,0.579688902847));
#299 = CARTESIAN_POINT('',(3.25,0.579688902847));
#300 = ( GEOMETRIC_REPRESENTATION_CONTEXT(2) 
PARAMETRIC_REPRESENTATION_CONTEXT() REPRESENTATION_CONTEXT('2D SPACE',''
  ) );
#301 = ORIENTED_EDGE('',*,*,#302,.F.);
#302 = EDGE_CURVE('',#303,#277,#305,.T.);
#303 = VERTEX_POINT('',#304);
#304 = CARTESIAN_POINT('',(4.75,20.,75.5));
#305 = SURFACE_CURVE('',#306,(#311,#318),.PCURVE_S1.);
#306 = CIRCLE('',#307,0.25);
#307 = AXIS2_PLACEMENT_3D('',#308,#309,#310);
#308 = CARTESIAN_POINT('',(4.75,20.,75.25));
#309 = DIRECTION('',(0.,-1.,3.613946018758E-15));
#310 = DIRECTION('',(0.,3.613946018758E-15,1.));
#311 = PCURVE('',#50,#312);
#312 = DEFINITIONAL_REPRESENTATION('',(#313),#317);
#313 = CIRCLE('',#314,0.25);
#314 = AXIS2_PLACEMENT_2D('',#315,#316);
#315 = CARTESIAN_POINT('',(63.75,-4.75));
#316 = DIRECTION('',(1.,0.));
#317 = ( GEOMETRIC_REPRESENTATION_CONTEXT(2) 
PARAMETRIC_REPRESENTATION_CONTEXT() REPRESENTATION_CONTEXT('2D SPACE',''
  ) );
#318 = PCURVE('',#319,#324);
#319 = TOROIDAL_SURFACE('',#320,1.75,0.25);
#320 = AXIS2_PLACEMENT_3D('',#321,#322,#323);
#321 = CARTESIAN_POINT('',(4.75,20.,73.5));
#322 = DIRECTION('',(-1.,0.,0.));
#323 = DIRECTION('',(0.,1.,0.));
#324 = DEFINITIONAL_REPRESENTATION('',(#325),#328);
#325 = B_SPLINE_CURVE_WITH_KNOTS('',1,(#326,#327),.UNSPECIFIED.,.F.,.F.,
  (2,2),(0.,1.570796326795),.PIECEWISE_BEZIER_KNOTS.);
#326 = CARTESIAN_POINT('',(-1.570796326795,0.));
#327 = CARTESIAN_POINT('',(-1.570796326795,1.570796326795));
#328 = ( GEOMETRIC_REPRESENTATION_CONTEXT(2) 
PARAMETRIC_REPRESENTATION_CONTEXT() REPRESENTATION_CONTEXT('2D SPACE',''
  ) );
#329 = ORIENTED_EDGE('',*,*,#330,.T.);
#330 = EDGE_CURVE('',#303,#331,#333,.T.);
#331 = VERTEX_POINT('',#332);
#332 = CARTESIAN_POINT('',(7.25,20.,75.5));
#333 = SURFACE_CURVE('',#334,(#338,#345),.PCURVE_S1.);
#334 = LINE('',#335,#336);
#335 = CARTESIAN_POINT('',(4.5,20.,75.5));
#336 = VECTOR('',#337,1.);
#337 = DIRECTION('',(1.,0.,0.));
#338 = PCURVE('',#50,#339);
#339 = DEFINITIONAL_REPRESENTATION('',(#340),#344);
#340 = LINE('',#341,#342);
#341 = CARTESIAN_POINT('',(64.,-4.5));
#342 = VECTOR('',#343,1.);
#343 = DIRECTION('',(0.,-1.));
#344 = ( GEOMETRIC_REPRESENTATION_CONTEXT(2) 
PARAMETRIC_REPRESENTATION_CONTEXT() REPRESENTATION_CONTEXT('2D SPACE',''
  ) );
#345 = PCURVE('',#346,#351);
#346 = CYLINDRICAL_SURFACE('',#347,2.);
#347 = AXIS2_PLACEMENT_3D('',#348,#349,#350);
#348 = CARTESIAN_POINT('',(4.5,20.,73.5));
#349 = DIRECTION('',(-1.,0.,0.));
#350 = DIRECTION('',(0.,1.,0.));
#351 = DEFINITIONAL_REPRESENTATION('',(#352),#356);
#352 = LINE('',#353,#354);
#353 = CARTESIAN_POINT('',(-1.570796326795,0.));
#354 = VECTOR('',#355,1.);
#355 = DIRECTION('',(0.,-1.));
#356 = ( GEOMETRIC_REPRESENTATION_CONTEXT(2) 
PARAMETRIC_REPRESENTATION_CONTEXT() REPRESENTATION_CONTEXT('2D SPACE',''
  ) );
#357 = ORIENTED_EDGE('',*,*,#358,.T.);
#358 = EDGE_CURVE('',#331,#359,#361,.T.);
#359 = VERTEX_POINT('',#360);
#360 = CARTESIAN_POINT('',(7.5,20.,75.25));
#361 = SURFACE_CURVE('',#362,(#367,#378),.PCURVE_S1.);
#362 = CIRCLE('',#363,0.25);
#363 = AXIS2_PLACEMENT_3D('',#364,#365,#366);
#364 = CARTESIAN_POINT('',(7.25,20.,75.25));
#365 = DIRECTION('',(0.,1.,-3.613946018758E-15));
#366 = DIRECTION('',(0.,3.613946018758E-15,1.));
#367 = PCURVE('',#50,#368);
#368 = DEFINITIONAL_REPRESENTATION('',(#369),#377);
#369 = ( BOUNDED_CURVE() B_SPLINE_CURVE(2,(#370,#371,#372,#373,#374,#375
,#376),.UNSPECIFIED.,.T.,.F.) B_SPLINE_CURVE_WITH_KNOTS((1,2,2,2,2,1),(
    -2.094395102393,0.,2.094395102393,4.188790204786,6.28318530718,
8.377580409573),.UNSPECIFIED.) CURVE() GEOMETRIC_REPRESENTATION_ITEM() 
RATIONAL_B_SPLINE_CURVE((1.,0.5,1.,0.5,1.,0.5,1.)) REPRESENTATION_ITEM(
  '') );
#370 = CARTESIAN_POINT('',(64.,-7.25));
#371 = CARTESIAN_POINT('',(64.,-7.683012701892));
#372 = CARTESIAN_POINT('',(63.625,-7.466506350946));
#373 = CARTESIAN_POINT('',(63.25,-7.25));
#374 = CARTESIAN_POINT('',(63.625,-7.033493649054));
#375 = CARTESIAN_POINT('',(64.,-6.816987298108));
#376 = CARTESIAN_POINT('',(64.,-7.25));
#377 = ( GEOMETRIC_REPRESENTATION_CONTEXT(2) 
PARAMETRIC_REPRESENTATION_CONTEXT() REPRESENTATION_CONTEXT('2D SPACE',''
  ) );
#378 = PCURVE('',#379,#384);
#379 = TOROIDAL_SURFACE('',#380,1.75,0.25);
#380 = AXIS2_PLACEMENT_3D('',#381,#382,#383);
#381 = CARTESIAN_POINT('',(7.25,20.,73.5));
#382 = DIRECTION('',(1.,0.,0.));
#383 = DIRECTION('',(0.,1.,0.));
#384 = DEFINITIONAL_REPRESENTATION('',(#385),#388);
#385 = B_SPLINE_CURVE_WITH_KNOTS('',1,(#386,#387),.UNSPECIFIED.,.F.,.F.,
  (2,2),(0.,1.570796326795),.PIECEWISE_BEZIER_KNOTS.);
#386 = CARTESIAN_POINT('',(1.570796326795,0.));
#387 = CARTESIAN_POINT('',(1.570796326795,1.570796326795));
#388 = ( GEOMETRIC_REPRESENTATION_CONTEXT(2) 
PARAMETRIC_REPRESENTATION_CONTEXT() REPRESENTATION_CONTEXT('2D SPACE',''
  ) );
#389 = ORIENTED_EDGE('',*,*,#390,.F.);
#390 = EDGE_CURVE('',#391,#359,#393,.T.);
#391 = VERTEX_POINT('',#392);
#392 = CARTESIAN_POINT('',(7.5,20.,68.75));
#393 = SURFACE_CURVE('',#394,(#398,#404),.PCURVE_S1.);
#394 = LINE('',#395,#396);
#395 = CARTESIAN_POINT('',(7.5,20.,41.75));
#396 = VECTOR('',#397,1.);
#397 = DIRECTION('',(0.,0.,1.));
#398 = PCURVE('',#50,#399);
#399 = DEFINITIONAL_REPRESENTATION('',(#400),#403);
#400 = B_SPLINE_CURVE_WITH_KNOTS('',1,(#401,#402),.UNSPECIFIED.,.F.,.F.,
  (2,2),(27.,33.5),.PIECEWISE_BEZIER_KNOTS.);
#401 = CARTESIAN_POINT('',(57.25,-7.5));
#402 = CARTESIAN_POINT('',(63.75,-7.5));
#403 = ( GEOMETRIC_REPRESENTATION_CONTEXT(2) 
PARAMETRIC_REPRESENTATION_CONTEXT() REPRESENTATION_CONTEXT('2D SPACE',''
  ) );
#404 = PCURVE('',#405,#410);
#405 = PLANE('',#406);
#406 = AXIS2_PLACEMENT_3D('',#407,#408,#409);
#407 = CARTESIAN_POINT('',(7.5,20.579688902847,72.));
#408 = DIRECTION('',(1.,0.,0.));
#409 = DIRECTION('',(0.,0.,1.));
#410 = DEFINITIONAL_REPRESENTATION('',(#411),#414);
#411 = B_SPLINE_CURVE_WITH_KNOTS('',1,(#412,#413),.UNSPECIFIED.,.F.,.F.,
  (2,2),(27.,33.5),.PIECEWISE_BEZIER_KNOTS.);
#412 = CARTESIAN_POINT('',(-3.25,0.579688902847));
#413 = CARTESIAN_POINT('',(3.25,0.579688902847));
#414 = ( GEOMETRIC_REPRESENTATION_CONTEXT(2) 
PARAMETRIC_REPRESENTATION_CONTEXT() REPRESENTATION_CONTEXT('2D SPACE',''
  ) );
#415 = ORIENTED_EDGE('',*,*,#416,.F.);
#416 = EDGE_CURVE('',#217,#391,#417,.T.);
#417 = SURFACE_CURVE('',#418,(#423,#430),.PCURVE_S1.);
#418 = CIRCLE('',#419,0.25);
#419 = AXIS2_PLACEMENT_3D('',#420,#421,#422);
#420 = CARTESIAN_POINT('',(7.25,20.,68.75));
#421 = DIRECTION('',(0.,-1.,0.));
#422 = DIRECTION('',(0.,0.,-1.));
#423 = PCURVE('',#50,#424);
#424 = DEFINITIONAL_REPRESENTATION('',(#425),#429);
#425 = CIRCLE('',#426,0.25);
#426 = AXIS2_PLACEMENT_2D('',#427,#428);
#427 = CARTESIAN_POINT('',(57.25,-7.25));
#428 = DIRECTION('',(-1.,0.));
#429 = ( GEOMETRIC_REPRESENTATION_CONTEXT(2) 
PARAMETRIC_REPRESENTATION_CONTEXT() REPRESENTATION_CONTEXT('2D SPACE',''
  ) );
#430 = PCURVE('',#431,#436);
#431 = TOROIDAL_SURFACE('',#432,1.75,0.25);
#432 = AXIS2_PLACEMENT_3D('',#433,#434,#435);
#433 = CARTESIAN_POINT('',(7.25,20.,70.5));
#434 = DIRECTION('',(1.,0.,0.));
#435 = DIRECTION('',(0.,1.7763568394E-15,-1.));
#436 = DEFINITIONAL_REPRESENTATION('',(#437),#440);
#437 = B_SPLINE_CURVE_WITH_KNOTS('',1,(#438,#439),.UNSPECIFIED.,.F.,.F.,
  (2,2),(0.,1.570796326795),.PIECEWISE_BEZIER_KNOTS.);
#438 = CARTESIAN_POINT('',(0.,0.));
#439 = CARTESIAN_POINT('',(0.,1.570796326795));
#440 = ( GEOMETRIC_REPRESENTATION_CONTEXT(2) 
PARAMETRIC_REPRESENTATION_CONTEXT() REPRESENTATION_CONTEXT('2D SPACE',''
  ) );
#441 = FACE_BOUND('',#442,.F.);
#442 = EDGE_LOOP('',(#443,#473,#505,#531,#559,#587,#619,#645));
#443 = ORIENTED_EDGE('',*,*,#444,.F.);
#444 = EDGE_CURVE('',#445,#447,#449,.T.);
#445 = VERTEX_POINT('',#446);
#446 = CARTESIAN_POINT('',(23.75,20.,68.5));
#447 = VERTEX_POINT('',#448);
#448 = CARTESIAN_POINT('',(26.25,20.,68.5));
#449 = SURFACE_CURVE('',#450,(#454,#461),.PCURVE_S1.);
#450 = LINE('',#451,#452);
#451 = CARTESIAN_POINT('',(23.5,20.,68.5));
#452 = VECTOR('',#453,1.);
#453 = DIRECTION('',(1.,0.,0.));
#454 = PCURVE('',#50,#455);
#455 = DEFINITIONAL_REPRESENTATION('',(#456),#460);
#456 = LINE('',#457,#458);
#457 = CARTESIAN_POINT('',(57.,-23.5));
#458 = VECTOR('',#459,1.);
#459 = DIRECTION('',(0.,-1.));
#460 = ( GEOMETRIC_REPRESENTATION_CONTEXT(2) 
PARAMETRIC_REPRESENTATION_CONTEXT() REPRESENTATION_CONTEXT('2D SPACE',''
  ) );
#461 = PCURVE('',#462,#467);
#462 = CYLINDRICAL_SURFACE('',#463,2.);
#463 = AXIS2_PLACEMENT_3D('',#464,#465,#466);
#464 = CARTESIAN_POINT('',(23.5,20.,70.5));
#465 = DIRECTION('',(-1.,0.,0.));
#466 = DIRECTION('',(0.,1.7763568394E-15,-1.));
#467 = DEFINITIONAL_REPRESENTATION('',(#468),#472);
#468 = LINE('',#469,#470);
#469 = CARTESIAN_POINT('',(0.,0.));
#470 = VECTOR('',#471,1.);
#471 = DIRECTION('',(0.,-1.));
#472 = ( GEOMETRIC_REPRESENTATION_CONTEXT(2) 
PARAMETRIC_REPRESENTATION_CONTEXT() REPRESENTATION_CONTEXT('2D SPACE',''
  ) );
#473 = ORIENTED_EDGE('',*,*,#474,.T.);
#474 = EDGE_CURVE('',#445,#475,#477,.T.);
#475 = VERTEX_POINT('',#476);
#476 = CARTESIAN_POINT('',(23.5,20.,68.75));
#477 = SURFACE_CURVE('',#478,(#483,#494),.PCURVE_S1.);
#478 = CIRCLE('',#479,0.25);
#479 = AXIS2_PLACEMENT_3D('',#480,#481,#482);
#480 = CARTESIAN_POINT('',(23.75,20.,68.75));
#481 = DIRECTION('',(0.,1.,0.));
#482 = DIRECTION('',(0.,0.,-1.));
#483 = PCURVE('',#50,#484);
#484 = DEFINITIONAL_REPRESENTATION('',(#485),#493);
#485 = ( BOUNDED_CURVE() B_SPLINE_CURVE(2,(#486,#487,#488,#489,#490,#491
,#492),.UNSPECIFIED.,.T.,.F.) B_SPLINE_CURVE_WITH_KNOTS((1,2,2,2,2,1),(
    -2.094395102393,0.,2.094395102393,4.188790204786,6.28318530718,
8.377580409573),.UNSPECIFIED.) CURVE() GEOMETRIC_REPRESENTATION_ITEM() 
RATIONAL_B_SPLINE_CURVE((1.,0.5,1.,0.5,1.,0.5,1.)) REPRESENTATION_ITEM(
  '') );
#486 = CARTESIAN_POINT('',(57.,-23.75));
#487 = CARTESIAN_POINT('',(57.,-23.3169872981));
#488 = CARTESIAN_POINT('',(57.375,-23.53349364905));
#489 = CARTESIAN_POINT('',(57.75,-23.75));
#490 = CARTESIAN_POINT('',(57.375,-23.96650635094));
#491 = CARTESIAN_POINT('',(57.,-24.18301270189));
#492 = CARTESIAN_POINT('',(57.,-23.75));
#493 = ( GEOMETRIC_REPRESENTATION_CONTEXT(2) 
PARAMETRIC_REPRESENTATION_CONTEXT() REPRESENTATION_CONTEXT('2D SPACE',''
  ) );
#494 = PCURVE('',#495,#500);
#495 = TOROIDAL_SURFACE('',#496,1.75,0.25);
#496 = AXIS2_PLACEMENT_3D('',#497,#498,#499);
#497 = CARTESIAN_POINT('',(23.75,20.,70.5));
#498 = DIRECTION('',(-1.,0.,0.));
#499 = DIRECTION('',(0.,1.7763568394E-15,-1.));
#500 = DEFINITIONAL_REPRESENTATION('',(#501),#504);
#501 = B_SPLINE_CURVE_WITH_KNOTS('',1,(#502,#503),.UNSPECIFIED.,.F.,.F.,
  (2,2),(0.,1.570796326795),.PIECEWISE_BEZIER_KNOTS.);
#502 = CARTESIAN_POINT('',(0.,0.));
#503 = CARTESIAN_POINT('',(0.,1.570796326795));
#504 = ( GEOMETRIC_REPRESENTATION_CONTEXT(2) 
PARAMETRIC_REPRESENTATION_CONTEXT() REPRESENTATION_CONTEXT('2D SPACE',''
  ) );
#505 = ORIENTED_EDGE('',*,*,#506,.T.);
#506 = EDGE_CURVE('',#475,#507,#509,.T.);
#507 = VERTEX_POINT('',#508);
#508 = CARTESIAN_POINT('',(23.5,20.,75.25));
#509 = SURFACE_CURVE('',#510,(#514,#520),.PCURVE_S1.);
#510 = LINE('',#511,#512);
#511 = CARTESIAN_POINT('',(23.5,20.,41.75));
#512 = VECTOR('',#513,1.);
#513 = DIRECTION('',(0.,0.,1.));
#514 = PCURVE('',#50,#515);
#515 = DEFINITIONAL_REPRESENTATION('',(#516),#519);
#516 = B_SPLINE_CURVE_WITH_KNOTS('',1,(#517,#518),.UNSPECIFIED.,.F.,.F.,
  (2,2),(27.,33.5),.PIECEWISE_BEZIER_KNOTS.);
#517 = CARTESIAN_POINT('',(57.25,-23.5));
#518 = CARTESIAN_POINT('',(63.75,-23.5));
#519 = ( GEOMETRIC_REPRESENTATION_CONTEXT(2) 
PARAMETRIC_REPRESENTATION_CONTEXT() REPRESENTATION_CONTEXT('2D SPACE',''
  ) );
#520 = PCURVE('',#521,#526);
#521 = PLANE('',#522);
#522 = AXIS2_PLACEMENT_3D('',#523,#524,#525);
#523 = CARTESIAN_POINT('',(23.5,20.579688902847,72.));
#524 = DIRECTION('',(1.,0.,0.));
#525 = DIRECTION('',(0.,0.,1.));
#526 = DEFINITIONAL_REPRESENTATION('',(#527),#530);
#527 = B_SPLINE_CURVE_WITH_KNOTS('',1,(#528,#529),.UNSPECIFIED.,.F.,.F.,
  (2,2),(27.,33.5),.PIECEWISE_BEZIER_KNOTS.);
#528 = CARTESIAN_POINT('',(-3.25,0.579688902847));
#529 = CARTESIAN_POINT('',(3.25,0.579688902847));
#530 = ( GEOMETRIC_REPRESENTATION_CONTEXT(2) 
PARAMETRIC_REPRESENTATION_CONTEXT() REPRESENTATION_CONTEXT('2D SPACE',''
  ) );
#531 = ORIENTED_EDGE('',*,*,#532,.F.);
#532 = EDGE_CURVE('',#533,#507,#535,.T.);
#533 = VERTEX_POINT('',#534);
#534 = CARTESIAN_POINT('',(23.75,20.,75.5));
#535 = SURFACE_CURVE('',#536,(#541,#548),.PCURVE_S1.);
#536 = CIRCLE('',#537,0.25);
#537 = AXIS2_PLACEMENT_3D('',#538,#539,#540);
#538 = CARTESIAN_POINT('',(23.75,20.,75.25));
#539 = DIRECTION('',(0.,-1.,3.613946018758E-15));
#540 = DIRECTION('',(0.,3.613946018758E-15,1.));
#541 = PCURVE('',#50,#542);
#542 = DEFINITIONAL_REPRESENTATION('',(#543),#547);
#543 = CIRCLE('',#544,0.25);
#544 = AXIS2_PLACEMENT_2D('',#545,#546);
#545 = CARTESIAN_POINT('',(63.75,-23.75));
#546 = DIRECTION('',(1.,0.));
#547 = ( GEOMETRIC_REPRESENTATION_CONTEXT(2) 
PARAMETRIC_REPRESENTATION_CONTEXT() REPRESENTATION_CONTEXT('2D SPACE',''
  ) );
#548 = PCURVE('',#549,#554);
#549 = TOROIDAL_SURFACE('',#550,1.75,0.25);
#550 = AXIS2_PLACEMENT_3D('',#551,#552,#553);
#551 = CARTESIAN_POINT('',(23.75,20.,73.5));
#552 = DIRECTION('',(-1.,0.,0.));
#553 = DIRECTION('',(0.,1.,0.));
#554 = DEFINITIONAL_REPRESENTATION('',(#555),#558);
#555 = B_SPLINE_CURVE_WITH_KNOTS('',1,(#556,#557),.UNSPECIFIED.,.F.,.F.,
  (2,2),(0.,1.570796326795),.PIECEWISE_BEZIER_KNOTS.);
#556 = CARTESIAN_POINT('',(-1.570796326795,0.));
#557 = CARTESIAN_POINT('',(-1.570796326795,1.570796326795));
#558 = ( GEOMETRIC_REPRESENTATION_CONTEXT(2) 
PARAMETRIC_REPRESENTATION_CONTEXT() REPRESENTATION_CONTEXT('2D SPACE',''
  ) );
#559 = ORIENTED_EDGE('',*,*,#560,.T.);
#560 = EDGE_CURVE('',#533,#561,#563,.T.);
#561 = VERTEX_POINT('',#562);
#562 = CARTESIAN_POINT('',(26.25,20.,75.5));
#563 = SURFACE_CURVE('',#564,(#568,#575),.PCURVE_S1.);
#564 = LINE('',#565,#566);
#565 = CARTESIAN_POINT('',(23.5,20.,75.5));
#566 = VECTOR('',#567,1.);
#567 = DIRECTION('',(1.,0.,0.));
#568 = PCURVE('',#50,#569);
#569 = DEFINITIONAL_REPRESENTATION('',(#570),#574);
#570 = LINE('',#571,#572);
#571 = CARTESIAN_POINT('',(64.,-23.5));
#572 = VECTOR('',#573,1.);
#573 = DIRECTION('',(0.,-1.));
#574 = ( GEOMETRIC_REPRESENTATION_CONTEXT(2) 
PARAMETRIC_REPRESENTATION_CONTEXT() REPRESENTATION_CONTEXT('2D SPACE',''
  ) );
#575 = PCURVE('',#576,#581);
#576 = CYLINDRICAL_SURFACE('',#577,2.);
#577 = AXIS2_PLACEMENT_3D('',#578,#579,#580);
#578 = CARTESIAN_POINT('',(23.5,20.,73.5));
#579 = DIRECTION('',(-1.,0.,0.));
#580 = DIRECTION('',(0.,1.,0.));
#581 = DEFINITIONAL_REPRESENTATION('',(#582),#586);
#582 = LINE('',#583,#584);
#583 = CARTESIAN_POINT('',(-1.570796326795,0.));
#584 = VECTOR('',#585,1.);
#585 = DIRECTION('',(0.,-1.));
#586 = ( GEOMETRIC_REPRESENTATION_CONTEXT(2) 
PARAMETRIC_REPRESENTATION_CONTEXT() REPRESENTATION_CONTEXT('2D SPACE',''
  ) );
#587 = ORIENTED_EDGE('',*,*,#588,.T.);
#588 = EDGE_CURVE('',#561,#589,#591,.T.);
#589 = VERTEX_POINT('',#590);
#590 = CARTESIAN_POINT('',(26.5,20.,75.25));
#591 = SURFACE_CURVE('',#592,(#597,#608),.PCURVE_S1.);
#592 = CIRCLE('',#593,0.25);
#593 = AXIS2_PLACEMENT_3D('',#594,#595,#596);
#594 = CARTESIAN_POINT('',(26.25,20.,75.25));
#595 = DIRECTION('',(0.,1.,-3.613946018758E-15));
#596 = DIRECTION('',(0.,3.613946018758E-15,1.));
#597 = PCURVE('',#50,#598);
#598 = DEFINITIONAL_REPRESENTATION('',(#599),#607);
#599 = ( BOUNDED_CURVE() B_SPLINE_CURVE(2,(#600,#601,#602,#603,#604,#605
,#606),.UNSPECIFIED.,.T.,.F.) B_SPLINE_CURVE_WITH_KNOTS((1,2,2,2,2,1),(
    -2.094395102393,0.,2.094395102393,4.188790204786,6.28318530718,
8.377580409573),.UNSPECIFIED.) CURVE() GEOMETRIC_REPRESENTATION_ITEM() 
RATIONAL_B_SPLINE_CURVE((1.,0.5,1.,0.5,1.,0.5,1.)) REPRESENTATION_ITEM(
  '') );
#600 = CARTESIAN_POINT('',(64.,-26.25));
#601 = CARTESIAN_POINT('',(64.,-26.68301270189));
#602 = CARTESIAN_POINT('',(63.625,-26.46650635094));
#603 = CARTESIAN_POINT('',(63.25,-26.25));
#604 = CARTESIAN_POINT('',(63.625,-26.03349364905));
#605 = CARTESIAN_POINT('',(64.,-25.8169872981));
#606 = CARTESIAN_POINT('',(64.,-26.25));
#607 = ( GEOMETRIC_REPRESENTATION_CONTEXT(2) 
PARAMETRIC_REPRESENTATION_CONTEXT() REPRESENTATION_CONTEXT('2D SPACE',''
  ) );
#608 = PCURVE('',#609,#614);
#609 = TOROIDAL_SURFACE('',#610,1.75,0.25);
#610 = AXIS2_PLACEMENT_3D('',#611,#612,#613);
#611 = CARTESIAN_POINT('',(26.25,20.,73.5));
#612 = DIRECTION('',(1.,0.,0.));
#613 = DIRECTION('',(0.,1.,0.));
#614 = DEFINITIONAL_REPRESENTATION('',(#615),#618);
#615 = B_SPLINE_CURVE_WITH_KNOTS('',1,(#616,#617),.UNSPECIFIED.,.F.,.F.,
  (2,2),(0.,1.570796326795),.PIECEWISE_BEZIER_KNOTS.);
#616 = CARTESIAN_POINT('',(1.570796326795,0.));
#617 = CARTESIAN_POINT('',(1.570796326795,1.570796326795));
#618 = ( GEOMETRIC_REPRESENTATION_CONTEXT(2) 
PARAMETRIC_REPRESENTATION_CONTEXT() REPRESENTATION_CONTEXT('2D SPACE',''
  ) );
#619 = ORIENTED_EDGE('',*,*,#620,.F.);
#620 = EDGE_CURVE('',#621,#589,#623,.T.);
#621 = VERTEX_POINT('',#622);
#622 = CARTESIAN_POINT('',(26.5,20.,68.75));
#623 = SURFACE_CURVE('',#624,(#628,#634),.PCURVE_S1.);
#624 = LINE('',#625,#626);
#625 = CARTESIAN_POINT('',(26.5,20.,41.75));
#626 = VECTOR('',#627,1.);
#627 = DIRECTION('',(0.,0.,1.));
#628 = PCURVE('',#50,#629);
#629 = DEFINITIONAL_REPRESENTATION('',(#630),#633);
#630 = B_SPLINE_CURVE_WITH_KNOTS('',1,(#631,#632),.UNSPECIFIED.,.F.,.F.,
  (2,2),(27.,33.5),.PIECEWISE_BEZIER_KNOTS.);
#631 = CARTESIAN_POINT('',(57.25,-26.5));
#632 = CARTESIAN_POINT('',(63.75,-26.5));
#633 = ( GEOMETRIC_REPRESENTATION_CONTEXT(2) 
PARAMETRIC_REPRESENTATION_CONTEXT() REPRESENTATION_CONTEXT('2D SPACE',''
  ) );
#634 = PCURVE('',#635,#640);
#635 = PLANE('',#636);
#636 = AXIS2_PLACEMENT_3D('',#637,#638,#639);
#637 = CARTESIAN_POINT('',(26.5,20.579688902847,72.));
#638 = DIRECTION('',(1.,0.,0.));
#639 = DIRECTION('',(0.,0.,1.));
#640 = DEFINITIONAL_REPRESENTATION('',(#641),#644);
#641 = B_SPLINE_CURVE_WITH_KNOTS('',1,(#642,#643),.UNSPECIFIED.,.F.,.F.,
  (2,2),(27.,33.5),.PIECEWISE_BEZIER_KNOTS.);
#642 = CARTESIAN_POINT('',(-3.25,0.579688902847));
#643 = CARTESIAN_POINT('',(3.25,0.579688902847));
#644 = ( GEOMETRIC_REPRESENTATION_CONTEXT(2) 
PARAMETRIC_REPRESENTATION_CONTEXT() REPRESENTATION_CONTEXT('2D SPACE',''
  ) );
#645 = ORIENTED_EDGE('',*,*,#646,.F.);
#646 = EDGE_CURVE('',#447,#621,#647,.T.);
#647 = SURFACE_CURVE('',#648,(#653,#660),.PCURVE_S1.);
#648 = CIRCLE('',#649,0.25);
#649 = AXIS2_PLACEMENT_3D('',#650,#651,#652);
#650 = CARTESIAN_POINT('',(26.25,20.,68.75));
#651 = DIRECTION('',(0.,-1.,0.));
#652 = DIRECTION('',(0.,0.,-1.));
#653 = PCURVE('',#50,#654);
#654 = DEFINITIONAL_REPRESENTATION('',(#655),#659);
#655 = CIRCLE('',#656,0.25);
#656 = AXIS2_PLACEMENT_2D('',#657,#658);
#657 = CARTESIAN_POINT('',(57.25,-26.25));
#658 = DIRECTION('',(-1.,0.));
#659 = ( GEOMETRIC_REPRESENTATION_CONTEXT(2) 
PARAMETRIC_REPRESENTATION_CONTEXT() REPRESENTATION_CONTEXT('2D SPACE',''
  ) );
#660 = PCURVE('',#661,#666);
#661 = TOROIDAL_SURFACE('',#662,1.75,0.25);
#662 = AXIS2_PLACEMENT_3D('',#663,#664,#665);
#663 = CARTESIAN_POINT('',(26.25,20.,70.5));
#664 = DIRECTION('',(1.,0.,0.));
#665 = DIRECTION('',(0.,1.7763568394E-15,-1.));
#666 = DEFINITIONAL_REPRESENTATION('',(#667),#670);
#667 = B_SPLINE_CURVE_WITH_KNOTS('',1,(#668,#669),.UNSPECIFIED.,.F.,.F.,
  (2,2),(0.,1.570796326795),.PIECEWISE_BEZIER_KNOTS.);
#668 = CARTESIAN_POINT('',(0.,0.));
#669 = CARTESIAN_POINT('',(0.,1.570796326795));
#670 = ( GEOMETRIC_REPRESENTATION_CONTEXT(2) 
PARAMETRIC_REPRESENTATION_CONTEXT() REPRESENTATION_CONTEXT('2D SPACE',''
  ) );
#671 = ADVANCED_FACE('',(#672),#661,.T.);
#672 = FACE_BOUND('',#673,.T.);
#673 = EDGE_LOOP('',(#674,#675,#699,#726));
#674 = ORIENTED_EDGE('',*,*,#646,.F.);
#675 = ORIENTED_EDGE('',*,*,#676,.T.);
#676 = EDGE_CURVE('',#447,#677,#679,.T.);
#677 = VERTEX_POINT('',#678);
#678 = CARTESIAN_POINT('',(26.25,22.,70.5));
#679 = SURFACE_CURVE('',#680,(#685,#692),.PCURVE_S1.);
#680 = CIRCLE('',#681,2.);
#681 = AXIS2_PLACEMENT_3D('',#682,#683,#684);
#682 = CARTESIAN_POINT('',(26.25,20.,70.5));
#683 = DIRECTION('',(1.,0.,0.));
#684 = DIRECTION('',(0.,1.7763568394E-15,-1.));
#685 = PCURVE('',#661,#686);
#686 = DEFINITIONAL_REPRESENTATION('',(#687),#691);
#687 = LINE('',#688,#689);
#688 = CARTESIAN_POINT('',(0.,0.));
#689 = VECTOR('',#690,1.);
#690 = DIRECTION('',(1.,0.));
#691 = ( GEOMETRIC_REPRESENTATION_CONTEXT(2) 
PARAMETRIC_REPRESENTATION_CONTEXT() REPRESENTATION_CONTEXT('2D SPACE',''
  ) );
#692 = PCURVE('',#462,#693);
#693 = DEFINITIONAL_REPRESENTATION('',(#694),#698);
#694 = LINE('',#695,#696);
#695 = CARTESIAN_POINT('',(0.,-2.75));
#696 = VECTOR('',#697,1.);
#697 = DIRECTION('',(-1.,0.));
#698 = ( GEOMETRIC_REPRESENTATION_CONTEXT(2) 
PARAMETRIC_REPRESENTATION_CONTEXT() REPRESENTATION_CONTEXT('2D SPACE',''
  ) );
#699 = ORIENTED_EDGE('',*,*,#700,.T.);
#700 = EDGE_CURVE('',#677,#701,#703,.T.);
#701 = VERTEX_POINT('',#702);
#702 = CARTESIAN_POINT('',(26.5,21.75,70.5));
#703 = SURFACE_CURVE('',#704,(#709,#715),.PCURVE_S1.);
#704 = CIRCLE('',#705,0.25);
#705 = AXIS2_PLACEMENT_3D('',#706,#707,#708);
#706 = CARTESIAN_POINT('',(26.25,21.75,70.5));
#707 = DIRECTION('',(0.,-6.123233995737E-17,-1.));
#708 = DIRECTION('',(0.,1.,-6.123233995737E-17));
#709 = PCURVE('',#661,#710);
#710 = DEFINITIONAL_REPRESENTATION('',(#711),#714);
#711 = B_SPLINE_CURVE_WITH_KNOTS('',1,(#712,#713),.UNSPECIFIED.,.F.,.F.,
  (2,2),(0.,1.570796326795),.PIECEWISE_BEZIER_KNOTS.);
#712 = CARTESIAN_POINT('',(1.570796326795,0.));
#713 = CARTESIAN_POINT('',(1.570796326795,1.570796326795));
#714 = ( GEOMETRIC_REPRESENTATION_CONTEXT(2) 
PARAMETRIC_REPRESENTATION_CONTEXT() REPRESENTATION_CONTEXT('2D SPACE',''
  ) );
#715 = PCURVE('',#716,#721);
#716 = CYLINDRICAL_SURFACE('',#717,0.25);
#717 = AXIS2_PLACEMENT_3D('',#718,#719,#720);
#718 = CARTESIAN_POINT('',(26.25,21.75,70.5));
#719 = DIRECTION('',(0.,0.,1.));
#720 = DIRECTION('',(0.,1.,0.));
#721 = DEFINITIONAL_REPRESENTATION('',(#722),#725);
#722 = B_SPLINE_CURVE_WITH_KNOTS('',1,(#723,#724),.UNSPECIFIED.,.F.,.F.,
  (2,2),(0.,1.570796326795),.PIECEWISE_BEZIER_KNOTS.);
#723 = CARTESIAN_POINT('',(0.,0.));
#724 = CARTESIAN_POINT('',(-1.570796326795,0.));
#725 = ( GEOMETRIC_REPRESENTATION_CONTEXT(2) 
PARAMETRIC_REPRESENTATION_CONTEXT() REPRESENTATION_CONTEXT('2D SPACE',''
  ) );
#726 = ORIENTED_EDGE('',*,*,#727,.F.);
#727 = EDGE_CURVE('',#621,#701,#728,.T.);
#728 = SURFACE_CURVE('',#729,(#734,#741),.PCURVE_S1.);
#729 = CIRCLE('',#730,1.75);
#730 = AXIS2_PLACEMENT_3D('',#731,#732,#733);
#731 = CARTESIAN_POINT('',(26.5,20.,70.5));
#732 = DIRECTION('',(1.,0.,0.));
#733 = DIRECTION('',(0.,1.7763568394E-15,-1.));
#734 = PCURVE('',#661,#735);
#735 = DEFINITIONAL_REPRESENTATION('',(#736),#740);
#736 = LINE('',#737,#738);
#737 = CARTESIAN_POINT('',(0.,1.570796326795));
#738 = VECTOR('',#739,1.);
#739 = DIRECTION('',(1.,0.));
#740 = ( GEOMETRIC_REPRESENTATION_CONTEXT(2) 
PARAMETRIC_REPRESENTATION_CONTEXT() REPRESENTATION_CONTEXT('2D SPACE',''
  ) );
#741 = PCURVE('',#635,#742);
#742 = DEFINITIONAL_REPRESENTATION('',(#743),#747);
#743 = CIRCLE('',#744,1.75);
#744 = AXIS2_PLACEMENT_2D('',#745,#746);
#745 = CARTESIAN_POINT('',(-1.5,0.579688902847));
#746 = DIRECTION('',(-1.,-2.030122102172E-15));
#747 = ( GEOMETRIC_REPRESENTATION_CONTEXT(2) 
PARAMETRIC_REPRESENTATION_CONTEXT() REPRESENTATION_CONTEXT('2D SPACE',''
  ) );
#748 = ADVANCED_FACE('',(#749),#716,.T.);
#749 = FACE_BOUND('',#750,.F.);
#750 = EDGE_LOOP('',(#751,#752,#775,#797));
#751 = ORIENTED_EDGE('',*,*,#700,.T.);
#752 = ORIENTED_EDGE('',*,*,#753,.T.);
#753 = EDGE_CURVE('',#701,#754,#756,.T.);
#754 = VERTEX_POINT('',#755);
#755 = CARTESIAN_POINT('',(26.5,21.75,73.5));
#756 = SURFACE_CURVE('',#757,(#761,#768),.PCURVE_S1.);
#757 = LINE('',#758,#759);
#758 = CARTESIAN_POINT('',(26.5,21.75,70.5));
#759 = VECTOR('',#760,1.);
#760 = DIRECTION('',(0.,0.,1.));
#761 = PCURVE('',#716,#762);
#762 = DEFINITIONAL_REPRESENTATION('',(#763),#767);
#763 = LINE('',#764,#765);
#764 = CARTESIAN_POINT('',(-1.570796326795,0.));
#765 = VECTOR('',#766,1.);
#766 = DIRECTION('',(0.,1.));
#767 = ( GEOMETRIC_REPRESENTATION_CONTEXT(2) 
PARAMETRIC_REPRESENTATION_CONTEXT() REPRESENTATION_CONTEXT('2D SPACE',''
  ) );
#768 = PCURVE('',#635,#769);
#769 = DEFINITIONAL_REPRESENTATION('',(#770),#774);
#770 = LINE('',#771,#772);
#771 = CARTESIAN_POINT('',(-1.5,-1.170311097153));
#772 = VECTOR('',#773,1.);
#773 = DIRECTION('',(1.,0.));
#774 = ( GEOMETRIC_REPRESENTATION_CONTEXT(2) 
PARAMETRIC_REPRESENTATION_CONTEXT() REPRESENTATION_CONTEXT('2D SPACE',''
  ) );
#775 = ORIENTED_EDGE('',*,*,#776,.F.);
#776 = EDGE_CURVE('',#777,#754,#779,.T.);
#777 = VERTEX_POINT('',#778);
#778 = CARTESIAN_POINT('',(26.25,22.,73.5));
#779 = SURFACE_CURVE('',#780,(#785,#791),.PCURVE_S1.);
#780 = CIRCLE('',#781,0.25);
#781 = AXIS2_PLACEMENT_3D('',#782,#783,#784);
#782 = CARTESIAN_POINT('',(26.25,21.75,73.5));
#783 = DIRECTION('',(0.,0.,-1.));
#784 = DIRECTION('',(0.,1.,0.));
#785 = PCURVE('',#716,#786);
#786 = DEFINITIONAL_REPRESENTATION('',(#787),#790);
#787 = B_SPLINE_CURVE_WITH_KNOTS('',1,(#788,#789),.UNSPECIFIED.,.F.,.F.,
  (2,2),(0.,1.570796326795),.PIECEWISE_BEZIER_KNOTS.);
#788 = CARTESIAN_POINT('',(0.,3.));
#789 = CARTESIAN_POINT('',(-1.570796326795,3.));
#790 = ( GEOMETRIC_REPRESENTATION_CONTEXT(2) 
PARAMETRIC_REPRESENTATION_CONTEXT() REPRESENTATION_CONTEXT('2D SPACE',''
  ) );
#791 = PCURVE('',#609,#792);
#792 = DEFINITIONAL_REPRESENTATION('',(#793),#796);
#793 = B_SPLINE_CURVE_WITH_KNOTS('',1,(#794,#795),.UNSPECIFIED.,.F.,.F.,
  (2,2),(0.,1.570796326795),.PIECEWISE_BEZIER_KNOTS.);
#794 = CARTESIAN_POINT('',(0.,0.));
#795 = CARTESIAN_POINT('',(0.,1.570796326795));
#796 = ( GEOMETRIC_REPRESENTATION_CONTEXT(2) 
PARAMETRIC_REPRESENTATION_CONTEXT() REPRESENTATION_CONTEXT('2D SPACE',''
  ) );
#797 = ORIENTED_EDGE('',*,*,#798,.F.);
#798 = EDGE_CURVE('',#677,#777,#799,.T.);
#799 = SURFACE_CURVE('',#800,(#804,#811),.PCURVE_S1.);
#800 = LINE('',#801,#802);
#801 = CARTESIAN_POINT('',(26.25,22.,70.5));
#802 = VECTOR('',#803,1.);
#803 = DIRECTION('',(0.,0.,1.));
#804 = PCURVE('',#716,#805);
#805 = DEFINITIONAL_REPRESENTATION('',(#806),#810);
#806 = LINE('',#807,#808);
#807 = CARTESIAN_POINT('',(0.,0.));
#808 = VECTOR('',#809,1.);
#809 = DIRECTION('',(0.,1.));
#810 = ( GEOMETRIC_REPRESENTATION_CONTEXT(2) 
PARAMETRIC_REPRESENTATION_CONTEXT() REPRESENTATION_CONTEXT('2D SPACE',''
  ) );
#811 = PCURVE('',#812,#817);
#812 = PLANE('',#813);
#813 = AXIS2_PLACEMENT_3D('',#814,#815,#816);
#814 = CARTESIAN_POINT('',(23.5,22.,70.5));
#815 = DIRECTION('',(0.,-1.,0.));
#816 = DIRECTION('',(0.,0.,1.));
#817 = DEFINITIONAL_REPRESENTATION('',(#818),#822);
#818 = LINE('',#819,#820);
#819 = CARTESIAN_POINT('',(0.,-2.75));
#820 = VECTOR('',#821,1.);
#821 = DIRECTION('',(1.,0.));
#822 = ( GEOMETRIC_REPRESENTATION_CONTEXT(2) 
PARAMETRIC_REPRESENTATION_CONTEXT() REPRESENTATION_CONTEXT('2D SPACE',''
  ) );
#823 = ADVANCED_FACE('',(#824),#812,.F.);
#824 = FACE_BOUND('',#825,.F.);
#825 = EDGE_LOOP('',(#826,#849,#850,#873));
#826 = ORIENTED_EDGE('',*,*,#827,.T.);
#827 = EDGE_CURVE('',#828,#677,#830,.T.);
#828 = VERTEX_POINT('',#829);
#829 = CARTESIAN_POINT('',(23.75,22.,70.5));
#830 = SURFACE_CURVE('',#831,(#835,#842),.PCURVE_S1.);
#831 = LINE('',#832,#833);
#832 = CARTESIAN_POINT('',(23.5,22.,70.5));
#833 = VECTOR('',#834,1.);
#834 = DIRECTION('',(1.,0.,0.));
#835 = PCURVE('',#812,#836);
#836 = DEFINITIONAL_REPRESENTATION('',(#837),#841);
#837 = LINE('',#838,#839);
#838 = CARTESIAN_POINT('',(0.,0.));
#839 = VECTOR('',#840,1.);
#840 = DIRECTION('',(0.,-1.));
#841 = ( GEOMETRIC_REPRESENTATION_CONTEXT(2) 
PARAMETRIC_REPRESENTATION_CONTEXT() REPRESENTATION_CONTEXT('2D SPACE',''
  ) );
#842 = PCURVE('',#462,#843);
#843 = DEFINITIONAL_REPRESENTATION('',(#844),#848);
#844 = LINE('',#845,#846);
#845 = CARTESIAN_POINT('',(-1.570796326795,0.));
#846 = VECTOR('',#847,1.);
#847 = DIRECTION('',(0.,-1.));
#848 = ( GEOMETRIC_REPRESENTATION_CONTEXT(2) 
PARAMETRIC_REPRESENTATION_CONTEXT() REPRESENTATION_CONTEXT('2D SPACE',''
  ) );
#849 = ORIENTED_EDGE('',*,*,#798,.T.);
#850 = ORIENTED_EDGE('',*,*,#851,.F.);
#851 = EDGE_CURVE('',#852,#777,#854,.T.);
#852 = VERTEX_POINT('',#853);
#853 = CARTESIAN_POINT('',(23.75,22.,73.5));
#854 = SURFACE_CURVE('',#855,(#859,#866),.PCURVE_S1.);
#855 = LINE('',#856,#857);
#856 = CARTESIAN_POINT('',(23.5,22.,73.5));
#857 = VECTOR('',#858,1.);
#858 = DIRECTION('',(1.,0.,0.));
#859 = PCURVE('',#812,#860);
#860 = DEFINITIONAL_REPRESENTATION('',(#861),#865);
#861 = LINE('',#862,#863);
#862 = CARTESIAN_POINT('',(3.,0.));
#863 = VECTOR('',#864,1.);
#864 = DIRECTION('',(0.,-1.));
#865 = ( GEOMETRIC_REPRESENTATION_CONTEXT(2) 
PARAMETRIC_REPRESENTATION_CONTEXT() REPRESENTATION_CONTEXT('2D SPACE',''
  ) );
#866 = PCURVE('',#576,#867);
#867 = DEFINITIONAL_REPRESENTATION('',(#868),#872);
#868 = LINE('',#869,#870);
#869 = CARTESIAN_POINT('',(0.,0.));
#870 = VECTOR('',#871,1.);
#871 = DIRECTION('',(0.,-1.));
#872 = ( GEOMETRIC_REPRESENTATION_CONTEXT(2) 
PARAMETRIC_REPRESENTATION_CONTEXT() REPRESENTATION_CONTEXT('2D SPACE',''
  ) );
#873 = ORIENTED_EDGE('',*,*,#874,.F.);
#874 = EDGE_CURVE('',#828,#852,#875,.T.);
#875 = SURFACE_CURVE('',#876,(#880,#887),.PCURVE_S1.);
#876 = LINE('',#877,#878);
#877 = CARTESIAN_POINT('',(23.75,22.,70.5));
#878 = VECTOR('',#879,1.);
#879 = DIRECTION('',(0.,0.,1.));
#880 = PCURVE('',#812,#881);
#881 = DEFINITIONAL_REPRESENTATION('',(#882),#886);
#882 = LINE('',#883,#884);
#883 = CARTESIAN_POINT('',(0.,-0.25));
#884 = VECTOR('',#885,1.);
#885 = DIRECTION('',(1.,0.));
#886 = ( GEOMETRIC_REPRESENTATION_CONTEXT(2) 
PARAMETRIC_REPRESENTATION_CONTEXT() REPRESENTATION_CONTEXT('2D SPACE',''
  ) );
#887 = PCURVE('',#888,#893);
#888 = CYLINDRICAL_SURFACE('',#889,0.25);
#889 = AXIS2_PLACEMENT_3D('',#890,#891,#892);
#890 = CARTESIAN_POINT('',(23.75,21.75,70.5));
#891 = DIRECTION('',(0.,0.,1.));
#892 = DIRECTION('',(0.,1.,0.));
#893 = DEFINITIONAL_REPRESENTATION('',(#894),#898);
#894 = LINE('',#895,#896);
#895 = CARTESIAN_POINT('',(0.,0.));
#896 = VECTOR('',#897,1.);
#897 = DIRECTION('',(0.,1.));
#898 = ( GEOMETRIC_REPRESENTATION_CONTEXT(2) 
PARAMETRIC_REPRESENTATION_CONTEXT() REPRESENTATION_CONTEXT('2D SPACE',''
  ) );
#899 = ADVANCED_FACE('',(#900),#888,.T.);
#900 = FACE_BOUND('',#901,.T.);
#901 = EDGE_LOOP('',(#902,#924,#947,#967));
#902 = ORIENTED_EDGE('',*,*,#903,.T.);
#903 = EDGE_CURVE('',#828,#904,#906,.T.);
#904 = VERTEX_POINT('',#905);
#905 = CARTESIAN_POINT('',(23.5,21.75,70.5));
#906 = SURFACE_CURVE('',#907,(#912,#918),.PCURVE_S1.);
#907 = CIRCLE('',#908,0.25);
#908 = AXIS2_PLACEMENT_3D('',#909,#910,#911);
#909 = CARTESIAN_POINT('',(23.75,21.75,70.5));
#910 = DIRECTION('',(0.,6.123233995737E-17,1.));
#911 = DIRECTION('',(0.,1.,-6.123233995737E-17));
#912 = PCURVE('',#888,#913);
#913 = DEFINITIONAL_REPRESENTATION('',(#914),#917);
#914 = B_SPLINE_CURVE_WITH_KNOTS('',1,(#915,#916),.UNSPECIFIED.,.F.,.F.,
  (2,2),(0.,1.570796326795),.PIECEWISE_BEZIER_KNOTS.);
#915 = CARTESIAN_POINT('',(0.,0.));
#916 = CARTESIAN_POINT('',(1.570796326795,0.));
#917 = ( GEOMETRIC_REPRESENTATION_CONTEXT(2) 
PARAMETRIC_REPRESENTATION_CONTEXT() REPRESENTATION_CONTEXT('2D SPACE',''
  ) );
#918 = PCURVE('',#495,#919);
#919 = DEFINITIONAL_REPRESENTATION('',(#920),#923);
#920 = B_SPLINE_CURVE_WITH_KNOTS('',1,(#921,#922),.UNSPECIFIED.,.F.,.F.,
  (2,2),(0.,1.570796326795),.PIECEWISE_BEZIER_KNOTS.);
#921 = CARTESIAN_POINT('',(-1.570796326795,0.));
#922 = CARTESIAN_POINT('',(-1.570796326795,1.570796326795));
#923 = ( GEOMETRIC_REPRESENTATION_CONTEXT(2) 
PARAMETRIC_REPRESENTATION_CONTEXT() REPRESENTATION_CONTEXT('2D SPACE',''
  ) );
#924 = ORIENTED_EDGE('',*,*,#925,.T.);
#925 = EDGE_CURVE('',#904,#926,#928,.T.);
#926 = VERTEX_POINT('',#927);
#927 = CARTESIAN_POINT('',(23.5,21.75,73.5));
#928 = SURFACE_CURVE('',#929,(#933,#940),.PCURVE_S1.);
#929 = LINE('',#930,#931);
#930 = CARTESIAN_POINT('',(23.5,21.75,70.5));
#931 = VECTOR('',#932,1.);
#932 = DIRECTION('',(0.,0.,1.));
#933 = PCURVE('',#888,#934);
#934 = DEFINITIONAL_REPRESENTATION('',(#935),#939);
#935 = LINE('',#936,#937);
#936 = CARTESIAN_POINT('',(1.570796326795,0.));
#937 = VECTOR('',#938,1.);
#938 = DIRECTION('',(0.,1.));
#939 = ( GEOMETRIC_REPRESENTATION_CONTEXT(2) 
PARAMETRIC_REPRESENTATION_CONTEXT() REPRESENTATION_CONTEXT('2D SPACE',''
  ) );
#940 = PCURVE('',#521,#941);
#941 = DEFINITIONAL_REPRESENTATION('',(#942),#946);
#942 = LINE('',#943,#944);
#943 = CARTESIAN_POINT('',(-1.5,-1.170311097153));
#944 = VECTOR('',#945,1.);
#945 = DIRECTION('',(1.,0.));
#946 = ( GEOMETRIC_REPRESENTATION_CONTEXT(2) 
PARAMETRIC_REPRESENTATION_CONTEXT() REPRESENTATION_CONTEXT('2D SPACE',''
  ) );
#947 = ORIENTED_EDGE('',*,*,#948,.F.);
#948 = EDGE_CURVE('',#852,#926,#949,.T.);
#949 = SURFACE_CURVE('',#950,(#955,#961),.PCURVE_S1.);
#950 = CIRCLE('',#951,0.25);
#951 = AXIS2_PLACEMENT_3D('',#952,#953,#954);
#952 = CARTESIAN_POINT('',(23.75,21.75,73.5));
#953 = DIRECTION('',(0.,0.,1.));
#954 = DIRECTION('',(0.,1.,0.));
#955 = PCURVE('',#888,#956);
#956 = DEFINITIONAL_REPRESENTATION('',(#957),#960);
#957 = B_SPLINE_CURVE_WITH_KNOTS('',1,(#958,#959),.UNSPECIFIED.,.F.,.F.,
  (2,2),(0.,1.570796326795),.PIECEWISE_BEZIER_KNOTS.);
#958 = CARTESIAN_POINT('',(0.,3.));
#959 = CARTESIAN_POINT('',(1.570796326795,3.));
#960 = ( GEOMETRIC_REPRESENTATION_CONTEXT(2) 
PARAMETRIC_REPRESENTATION_CONTEXT() REPRESENTATION_CONTEXT('2D SPACE',''
  ) );
#961 = PCURVE('',#549,#962);
#962 = DEFINITIONAL_REPRESENTATION('',(#963),#966);
#963 = B_SPLINE_CURVE_WITH_KNOTS('',1,(#964,#965),.UNSPECIFIED.,.F.,.F.,
  (2,2),(0.,1.570796326795),.PIECEWISE_BEZIER_KNOTS.);
#964 = CARTESIAN_POINT('',(0.,0.));
#965 = CARTESIAN_POINT('',(0.,1.570796326795));
#966 = ( GEOMETRIC_REPRESENTATION_CONTEXT(2) 
PARAMETRIC_REPRESENTATION_CONTEXT() REPRESENTATION_CONTEXT('2D SPACE',''
  ) );
#967 = ORIENTED_EDGE('',*,*,#874,.F.);
#968 = ADVANCED_FACE('',(#969),#635,.T.);
#969 = FACE_BOUND('',#970,.T.);
#970 = EDGE_LOOP('',(#971,#993,#994,#995));
#971 = ORIENTED_EDGE('',*,*,#972,.T.);
#972 = EDGE_CURVE('',#754,#589,#973,.T.);
#973 = SURFACE_CURVE('',#974,(#979,#986),.PCURVE_S1.);
#974 = CIRCLE('',#975,1.75);
#975 = AXIS2_PLACEMENT_3D('',#976,#977,#978);
#976 = CARTESIAN_POINT('',(26.5,20.,73.5));
#977 = DIRECTION('',(1.,0.,0.));
#978 = DIRECTION('',(0.,1.,0.));
#979 = PCURVE('',#635,#980);
#980 = DEFINITIONAL_REPRESENTATION('',(#981),#985);
#981 = CIRCLE('',#982,1.75);
#982 = AXIS2_PLACEMENT_2D('',#983,#984);
#983 = CARTESIAN_POINT('',(1.5,0.579688902847));
#984 = DIRECTION('',(0.,-1.));
#985 = ( GEOMETRIC_REPRESENTATION_CONTEXT(2) 
PARAMETRIC_REPRESENTATION_CONTEXT() REPRESENTATION_CONTEXT('2D SPACE',''
  ) );
#986 = PCURVE('',#609,#987);
#987 = DEFINITIONAL_REPRESENTATION('',(#988),#992);
#988 = LINE('',#989,#990);
#989 = CARTESIAN_POINT('',(0.,1.570796326795));
#990 = VECTOR('',#991,1.);
#991 = DIRECTION('',(1.,0.));
#992 = ( GEOMETRIC_REPRESENTATION_CONTEXT(2) 
PARAMETRIC_REPRESENTATION_CONTEXT() REPRESENTATION_CONTEXT('2D SPACE',''
  ) );
#993 = ORIENTED_EDGE('',*,*,#620,.F.);
#994 = ORIENTED_EDGE('',*,*,#727,.T.);
#995 = ORIENTED_EDGE('',*,*,#753,.T.);
#996 = ADVANCED_FACE('',(#997),#609,.T.);
#997 = FACE_BOUND('',#998,.T.);
#998 = EDGE_LOOP('',(#999,#1000,#1022,#1023));
#999 = ORIENTED_EDGE('',*,*,#776,.F.);
#1000 = ORIENTED_EDGE('',*,*,#1001,.T.);
#1001 = EDGE_CURVE('',#777,#561,#1002,.T.);
#1002 = SURFACE_CURVE('',#1003,(#1008,#1015),.PCURVE_S1.);
#1003 = CIRCLE('',#1004,2.);
#1004 = AXIS2_PLACEMENT_3D('',#1005,#1006,#1007);
#1005 = CARTESIAN_POINT('',(26.25,20.,73.5));
#1006 = DIRECTION('',(1.,0.,0.));
#1007 = DIRECTION('',(0.,1.,0.));
#1008 = PCURVE('',#609,#1009);
#1009 = DEFINITIONAL_REPRESENTATION('',(#1010),#1014);
#1010 = LINE('',#1011,#1012);
#1011 = CARTESIAN_POINT('',(0.,0.));
#1012 = VECTOR('',#1013,1.);
#1013 = DIRECTION('',(1.,0.));
#1014 = ( GEOMETRIC_REPRESENTATION_CONTEXT(2) 
PARAMETRIC_REPRESENTATION_CONTEXT() REPRESENTATION_CONTEXT('2D SPACE',''
  ) );
#1015 = PCURVE('',#576,#1016);
#1016 = DEFINITIONAL_REPRESENTATION('',(#1017),#1021);
#1017 = LINE('',#1018,#1019);
#1018 = CARTESIAN_POINT('',(0.,-2.75));
#1019 = VECTOR('',#1020,1.);
#1020 = DIRECTION('',(-1.,0.));
#1021 = ( GEOMETRIC_REPRESENTATION_CONTEXT(2) 
PARAMETRIC_REPRESENTATION_CONTEXT() REPRESENTATION_CONTEXT('2D SPACE',''
  ) );
#1022 = ORIENTED_EDGE('',*,*,#588,.T.);
#1023 = ORIENTED_EDGE('',*,*,#972,.F.);
#1024 = ADVANCED_FACE('',(#1025),#576,.T.);
#1025 = FACE_BOUND('',#1026,.F.);
#1026 = EDGE_LOOP('',(#1027,#1028,#1029,#1030));
#1027 = ORIENTED_EDGE('',*,*,#851,.T.);
#1028 = ORIENTED_EDGE('',*,*,#1001,.T.);
#1029 = ORIENTED_EDGE('',*,*,#560,.F.);
#1030 = ORIENTED_EDGE('',*,*,#1031,.F.);
#1031 = EDGE_CURVE('',#852,#533,#1032,.T.);
#1032 = SURFACE_CURVE('',#1033,(#1038,#1045),.PCURVE_S1.);
#1033 = CIRCLE('',#1034,2.);
#1034 = AXIS2_PLACEMENT_3D('',#1035,#1036,#1037);
#1035 = CARTESIAN_POINT('',(23.75,20.,73.5));
#1036 = DIRECTION('',(1.,0.,0.));
#1037 = DIRECTION('',(0.,1.,0.));
#1038 = PCURVE('',#576,#1039);
#1039 = DEFINITIONAL_REPRESENTATION('',(#1040),#1044);
#1040 = LINE('',#1041,#1042);
#1041 = CARTESIAN_POINT('',(0.,-0.25));
#1042 = VECTOR('',#1043,1.);
#1043 = DIRECTION('',(-1.,0.));
#1044 = ( GEOMETRIC_REPRESENTATION_CONTEXT(2) 
PARAMETRIC_REPRESENTATION_CONTEXT() REPRESENTATION_CONTEXT('2D SPACE',''
  ) );
#1045 = PCURVE('',#549,#1046);
#1046 = DEFINITIONAL_REPRESENTATION('',(#1047),#1051);
#1047 = LINE('',#1048,#1049);
#1048 = CARTESIAN_POINT('',(0.,0.));
#1049 = VECTOR('',#1050,1.);
#1050 = DIRECTION('',(-1.,0.));
#1051 = ( GEOMETRIC_REPRESENTATION_CONTEXT(2) 
PARAMETRIC_REPRESENTATION_CONTEXT() REPRESENTATION_CONTEXT('2D SPACE',''
  ) );
#1052 = ADVANCED_FACE('',(#1053),#549,.T.);
#1053 = FACE_BOUND('',#1054,.F.);
#1054 = EDGE_LOOP('',(#1055,#1056,#1057,#1058));
#1055 = ORIENTED_EDGE('',*,*,#948,.F.);
#1056 = ORIENTED_EDGE('',*,*,#1031,.T.);
#1057 = ORIENTED_EDGE('',*,*,#532,.T.);
#1058 = ORIENTED_EDGE('',*,*,#1059,.F.);
#1059 = EDGE_CURVE('',#926,#507,#1060,.T.);
#1060 = SURFACE_CURVE('',#1061,(#1066,#1073),.PCURVE_S1.);
#1061 = CIRCLE('',#1062,1.75);
#1062 = AXIS2_PLACEMENT_3D('',#1063,#1064,#1065);
#1063 = CARTESIAN_POINT('',(23.5,20.,73.5));
#1064 = DIRECTION('',(1.,0.,0.));
#1065 = DIRECTION('',(0.,1.,0.));
#1066 = PCURVE('',#549,#1067);
#1067 = DEFINITIONAL_REPRESENTATION('',(#1068),#1072);
#1068 = LINE('',#1069,#1070);
#1069 = CARTESIAN_POINT('',(0.,1.570796326795));
#1070 = VECTOR('',#1071,1.);
#1071 = DIRECTION('',(-1.,0.));
#1072 = ( GEOMETRIC_REPRESENTATION_CONTEXT(2) 
PARAMETRIC_REPRESENTATION_CONTEXT() REPRESENTATION_CONTEXT('2D SPACE',''
  ) );
#1073 = PCURVE('',#521,#1074);
#1074 = DEFINITIONAL_REPRESENTATION('',(#1075),#1079);
#1075 = CIRCLE('',#1076,1.75);
#1076 = AXIS2_PLACEMENT_2D('',#1077,#1078);
#1077 = CARTESIAN_POINT('',(1.5,0.579688902847));
#1078 = DIRECTION('',(0.,-1.));
#1079 = ( GEOMETRIC_REPRESENTATION_CONTEXT(2) 
PARAMETRIC_REPRESENTATION_CONTEXT() REPRESENTATION_CONTEXT('2D SPACE',''
  ) );
#1080 = ADVANCED_FACE('',(#1081),#521,.F.);
#1081 = FACE_BOUND('',#1082,.F.);
#1082 = EDGE_LOOP('',(#1083,#1084,#1085,#1107));
#1083 = ORIENTED_EDGE('',*,*,#1059,.T.);
#1084 = ORIENTED_EDGE('',*,*,#506,.F.);
#1085 = ORIENTED_EDGE('',*,*,#1086,.T.);
#1086 = EDGE_CURVE('',#475,#904,#1087,.T.);
#1087 = SURFACE_CURVE('',#1088,(#1093,#1100),.PCURVE_S1.);
#1088 = CIRCLE('',#1089,1.75);
#1089 = AXIS2_PLACEMENT_3D('',#1090,#1091,#1092);
#1090 = CARTESIAN_POINT('',(23.5,20.,70.5));
#1091 = DIRECTION('',(1.,0.,0.));
#1092 = DIRECTION('',(0.,1.7763568394E-15,-1.));
#1093 = PCURVE('',#521,#1094);
#1094 = DEFINITIONAL_REPRESENTATION('',(#1095),#1099);
#1095 = CIRCLE('',#1096,1.75);
#1096 = AXIS2_PLACEMENT_2D('',#1097,#1098);
#1097 = CARTESIAN_POINT('',(-1.5,0.579688902847));
#1098 = DIRECTION('',(-1.,-2.030122102172E-15));
#1099 = ( GEOMETRIC_REPRESENTATION_CONTEXT(2) 
PARAMETRIC_REPRESENTATION_CONTEXT() REPRESENTATION_CONTEXT('2D SPACE',''
  ) );
#1100 = PCURVE('',#495,#1101);
#1101 = DEFINITIONAL_REPRESENTATION('',(#1102),#1106);
#1102 = LINE('',#1103,#1104);
#1103 = CARTESIAN_POINT('',(0.,1.570796326795));
#1104 = VECTOR('',#1105,1.);
#1105 = DIRECTION('',(-1.,0.));
#1106 = ( GEOMETRIC_REPRESENTATION_CONTEXT(2) 
PARAMETRIC_REPRESENTATION_CONTEXT() REPRESENTATION_CONTEXT('2D SPACE',''
  ) );
#1107 = ORIENTED_EDGE('',*,*,#925,.T.);
#1108 = ADVANCED_FACE('',(#1109),#495,.T.);
#1109 = FACE_BOUND('',#1110,.F.);
#1110 = EDGE_LOOP('',(#1111,#1112,#1134,#1135));
#1111 = ORIENTED_EDGE('',*,*,#474,.F.);
#1112 = ORIENTED_EDGE('',*,*,#1113,.T.);
#1113 = EDGE_CURVE('',#445,#828,#1114,.T.);
#1114 = SURFACE_CURVE('',#1115,(#1120,#1127),.PCURVE_S1.);
#1115 = CIRCLE('',#1116,2.);
#1116 = AXIS2_PLACEMENT_3D('',#1117,#1118,#1119);
#1117 = CARTESIAN_POINT('',(23.75,20.,70.5));
#1118 = DIRECTION('',(1.,0.,0.));
#1119 = DIRECTION('',(0.,1.7763568394E-15,-1.));
#1120 = PCURVE('',#495,#1121);
#1121 = DEFINITIONAL_REPRESENTATION('',(#1122),#1126);
#1122 = LINE('',#1123,#1124);
#1123 = CARTESIAN_POINT('',(0.,0.));
#1124 = VECTOR('',#1125,1.);
#1125 = DIRECTION('',(-1.,0.));
#1126 = ( GEOMETRIC_REPRESENTATION_CONTEXT(2) 
PARAMETRIC_REPRESENTATION_CONTEXT() REPRESENTATION_CONTEXT('2D SPACE',''
  ) );
#1127 = PCURVE('',#462,#1128);
#1128 = DEFINITIONAL_REPRESENTATION('',(#1129),#1133);
#1129 = LINE('',#1130,#1131);
#1130 = CARTESIAN_POINT('',(0.,-0.25));
#1131 = VECTOR('',#1132,1.);
#1132 = DIRECTION('',(-1.,0.));
#1133 = ( GEOMETRIC_REPRESENTATION_CONTEXT(2) 
PARAMETRIC_REPRESENTATION_CONTEXT() REPRESENTATION_CONTEXT('2D SPACE',''
  ) );
#1134 = ORIENTED_EDGE('',*,*,#903,.T.);
#1135 = ORIENTED_EDGE('',*,*,#1086,.F.);
#1136 = ADVANCED_FACE('',(#1137),#462,.T.);
#1137 = FACE_BOUND('',#1138,.F.);
#1138 = EDGE_LOOP('',(#1139,#1140,#1141,#1142));
#1139 = ORIENTED_EDGE('',*,*,#444,.T.);
#1140 = ORIENTED_EDGE('',*,*,#676,.T.);
#1141 = ORIENTED_EDGE('',*,*,#827,.F.);
#1142 = ORIENTED_EDGE('',*,*,#1113,.F.);
#1143 = ADVANCED_FACE('',(#1144),#431,.T.);
#1144 = FACE_BOUND('',#1145,.T.);
#1145 = EDGE_LOOP('',(#1146,#1147,#1171,#1198));
#1146 = ORIENTED_EDGE('',*,*,#416,.F.);
#1147 = ORIENTED_EDGE('',*,*,#1148,.T.);
#1148 = EDGE_CURVE('',#217,#1149,#1151,.T.);
#1149 = VERTEX_POINT('',#1150);
#1150 = CARTESIAN_POINT('',(7.25,22.,70.5));
#1151 = SURFACE_CURVE('',#1152,(#1157,#1164),.PCURVE_S1.);
#1152 = CIRCLE('',#1153,2.);
#1153 = AXIS2_PLACEMENT_3D('',#1154,#1155,#1156);
#1154 = CARTESIAN_POINT('',(7.25,20.,70.5));
#1155 = DIRECTION('',(1.,0.,0.));
#1156 = DIRECTION('',(0.,1.7763568394E-15,-1.));
#1157 = PCURVE('',#431,#1158);
#1158 = DEFINITIONAL_REPRESENTATION('',(#1159),#1163);
#1159 = LINE('',#1160,#1161);
#1160 = CARTESIAN_POINT('',(0.,0.));
#1161 = VECTOR('',#1162,1.);
#1162 = DIRECTION('',(1.,0.));
#1163 = ( GEOMETRIC_REPRESENTATION_CONTEXT(2) 
PARAMETRIC_REPRESENTATION_CONTEXT() REPRESENTATION_CONTEXT('2D SPACE',''
  ) );
#1164 = PCURVE('',#232,#1165);
#1165 = DEFINITIONAL_REPRESENTATION('',(#1166),#1170);
#1166 = LINE('',#1167,#1168);
#1167 = CARTESIAN_POINT('',(0.,-2.75));
#1168 = VECTOR('',#1169,1.);
#1169 = DIRECTION('',(-1.,0.));
#1170 = ( GEOMETRIC_REPRESENTATION_CONTEXT(2) 
PARAMETRIC_REPRESENTATION_CONTEXT() REPRESENTATION_CONTEXT('2D SPACE',''
  ) );
#1171 = ORIENTED_EDGE('',*,*,#1172,.T.);
#1172 = EDGE_CURVE('',#1149,#1173,#1175,.T.);
#1173 = VERTEX_POINT('',#1174);
#1174 = CARTESIAN_POINT('',(7.5,21.75,70.5));
#1175 = SURFACE_CURVE('',#1176,(#1181,#1187),.PCURVE_S1.);
#1176 = CIRCLE('',#1177,0.25);
#1177 = AXIS2_PLACEMENT_3D('',#1178,#1179,#1180);
#1178 = CARTESIAN_POINT('',(7.25,21.75,70.5));
#1179 = DIRECTION('',(0.,-6.123233995737E-17,-1.));
#1180 = DIRECTION('',(0.,1.,-6.123233995737E-17));
#1181 = PCURVE('',#431,#1182);
#1182 = DEFINITIONAL_REPRESENTATION('',(#1183),#1186);
#1183 = B_SPLINE_CURVE_WITH_KNOTS('',1,(#1184,#1185),.UNSPECIFIED.,.F.,
  .F.,(2,2),(0.,1.570796326795),.PIECEWISE_BEZIER_KNOTS.);
#1184 = CARTESIAN_POINT('',(1.570796326795,0.));
#1185 = CARTESIAN_POINT('',(1.570796326795,1.570796326795));
#1186 = ( GEOMETRIC_REPRESENTATION_CONTEXT(2) 
PARAMETRIC_REPRESENTATION_CONTEXT() REPRESENTATION_CONTEXT('2D SPACE',''
  ) );
#1187 = PCURVE('',#1188,#1193);
#1188 = CYLINDRICAL_SURFACE('',#1189,0.25);
#1189 = AXIS2_PLACEMENT_3D('',#1190,#1191,#1192);
#1190 = CARTESIAN_POINT('',(7.25,21.75,70.5));
#1191 = DIRECTION('',(0.,0.,1.));
#1192 = DIRECTION('',(0.,1.,0.));
#1193 = DEFINITIONAL_REPRESENTATION('',(#1194),#1197);
#1194 = B_SPLINE_CURVE_WITH_KNOTS('',1,(#1195,#1196),.UNSPECIFIED.,.F.,
  .F.,(2,2),(0.,1.570796326795),.PIECEWISE_BEZIER_KNOTS.);
#1195 = CARTESIAN_POINT('',(0.,0.));
#1196 = CARTESIAN_POINT('',(-1.570796326795,0.));
#1197 = ( GEOMETRIC_REPRESENTATION_CONTEXT(2) 
PARAMETRIC_REPRESENTATION_CONTEXT() REPRESENTATION_CONTEXT('2D SPACE',''
  ) );
#1198 = ORIENTED_EDGE('',*,*,#1199,.F.);
#1199 = EDGE_CURVE('',#391,#1173,#1200,.T.);
#1200 = SURFACE_CURVE('',#1201,(#1206,#1213),.PCURVE_S1.);
#1201 = CIRCLE('',#1202,1.75);
#1202 = AXIS2_PLACEMENT_3D('',#1203,#1204,#1205);
#1203 = CARTESIAN_POINT('',(7.5,20.,70.5));
#1204 = DIRECTION('',(1.,0.,0.));
#1205 = DIRECTION('',(0.,1.7763568394E-15,-1.));
#1206 = PCURVE('',#431,#1207);
#1207 = DEFINITIONAL_REPRESENTATION('',(#1208),#1212);
#1208 = LINE('',#1209,#1210);
#1209 = CARTESIAN_POINT('',(0.,1.570796326795));
#1210 = VECTOR('',#1211,1.);
#1211 = DIRECTION('',(1.,0.));
#1212 = ( GEOMETRIC_REPRESENTATION_CONTEXT(2) 
PARAMETRIC_REPRESENTATION_CONTEXT() REPRESENTATION_CONTEXT('2D SPACE',''
  ) );
#1213 = PCURVE('',#405,#1214);
#1214 = DEFINITIONAL_REPRESENTATION('',(#1215),#1219);
#1215 = CIRCLE('',#1216,1.75);
#1216 = AXIS2_PLACEMENT_2D('',#1217,#1218);
#1217 = CARTESIAN_POINT('',(-1.5,0.579688902847));
#1218 = DIRECTION('',(-1.,-2.030122102172E-15));
#1219 = ( GEOMETRIC_REPRESENTATION_CONTEXT(2) 
PARAMETRIC_REPRESENTATION_CONTEXT() REPRESENTATION_CONTEXT('2D SPACE',''
  ) );
#1220 = ADVANCED_FACE('',(#1221),#1188,.T.);
#1221 = FACE_BOUND('',#1222,.F.);
#1222 = EDGE_LOOP('',(#1223,#1224,#1247,#1269));
#1223 = ORIENTED_EDGE('',*,*,#1172,.T.);
#1224 = ORIENTED_EDGE('',*,*,#1225,.T.);
#1225 = EDGE_CURVE('',#1173,#1226,#1228,.T.);
#1226 = VERTEX_POINT('',#1227);
#1227 = CARTESIAN_POINT('',(7.5,21.75,73.5));
#1228 = SURFACE_CURVE('',#1229,(#1233,#1240),.PCURVE_S1.);
#1229 = LINE('',#1230,#1231);
#1230 = CARTESIAN_POINT('',(7.5,21.75,70.5));
#1231 = VECTOR('',#1232,1.);
#1232 = DIRECTION('',(0.,0.,1.));
#1233 = PCURVE('',#1188,#1234);
#1234 = DEFINITIONAL_REPRESENTATION('',(#1235),#1239);
#1235 = LINE('',#1236,#1237);
#1236 = CARTESIAN_POINT('',(-1.570796326795,0.));
#1237 = VECTOR('',#1238,1.);
#1238 = DIRECTION('',(0.,1.));
#1239 = ( GEOMETRIC_REPRESENTATION_CONTEXT(2) 
PARAMETRIC_REPRESENTATION_CONTEXT() REPRESENTATION_CONTEXT('2D SPACE',''
  ) );
#1240 = PCURVE('',#405,#1241);
#1241 = DEFINITIONAL_REPRESENTATION('',(#1242),#1246);
#1242 = LINE('',#1243,#1244);
#1243 = CARTESIAN_POINT('',(-1.5,-1.170311097153));
#1244 = VECTOR('',#1245,1.);
#1245 = DIRECTION('',(1.,0.));
#1246 = ( GEOMETRIC_REPRESENTATION_CONTEXT(2) 
PARAMETRIC_REPRESENTATION_CONTEXT() REPRESENTATION_CONTEXT('2D SPACE',''
  ) );
#1247 = ORIENTED_EDGE('',*,*,#1248,.F.);
#1248 = EDGE_CURVE('',#1249,#1226,#1251,.T.);
#1249 = VERTEX_POINT('',#1250);
#1250 = CARTESIAN_POINT('',(7.25,22.,73.5));
#1251 = SURFACE_CURVE('',#1252,(#1257,#1263),.PCURVE_S1.);
#1252 = CIRCLE('',#1253,0.25);
#1253 = AXIS2_PLACEMENT_3D('',#1254,#1255,#1256);
#1254 = CARTESIAN_POINT('',(7.25,21.75,73.5));
#1255 = DIRECTION('',(0.,0.,-1.));
#1256 = DIRECTION('',(0.,1.,0.));
#1257 = PCURVE('',#1188,#1258);
#1258 = DEFINITIONAL_REPRESENTATION('',(#1259),#1262);
#1259 = B_SPLINE_CURVE_WITH_KNOTS('',1,(#1260,#1261),.UNSPECIFIED.,.F.,
  .F.,(2,2),(0.,1.570796326795),.PIECEWISE_BEZIER_KNOTS.);
#1260 = CARTESIAN_POINT('',(0.,3.));
#1261 = CARTESIAN_POINT('',(-1.570796326795,3.));
#1262 = ( GEOMETRIC_REPRESENTATION_CONTEXT(2) 
PARAMETRIC_REPRESENTATION_CONTEXT() REPRESENTATION_CONTEXT('2D SPACE',''
  ) );
#1263 = PCURVE('',#379,#1264);
#1264 = DEFINITIONAL_REPRESENTATION('',(#1265),#1268);
#1265 = B_SPLINE_CURVE_WITH_KNOTS('',1,(#1266,#1267),.UNSPECIFIED.,.F.,
  .F.,(2,2),(0.,1.570796326795),.PIECEWISE_BEZIER_KNOTS.);
#1266 = CARTESIAN_POINT('',(0.,0.));
#1267 = CARTESIAN_POINT('',(0.,1.570796326795));
#1268 = ( GEOMETRIC_REPRESENTATION_CONTEXT(2) 
PARAMETRIC_REPRESENTATION_CONTEXT() REPRESENTATION_CONTEXT('2D SPACE',''
  ) );
#1269 = ORIENTED_EDGE('',*,*,#1270,.F.);
#1270 = EDGE_CURVE('',#1149,#1249,#1271,.T.);
#1271 = SURFACE_CURVE('',#1272,(#1276,#1283),.PCURVE_S1.);
#1272 = LINE('',#1273,#1274);
#1273 = CARTESIAN_POINT('',(7.25,22.,70.5));
#1274 = VECTOR('',#1275,1.);
#1275 = DIRECTION('',(0.,0.,1.));
#1276 = PCURVE('',#1188,#1277);
#1277 = DEFINITIONAL_REPRESENTATION('',(#1278),#1282);
#1278 = LINE('',#1279,#1280);
#1279 = CARTESIAN_POINT('',(0.,0.));
#1280 = VECTOR('',#1281,1.);
#1281 = DIRECTION('',(0.,1.));
#1282 = ( GEOMETRIC_REPRESENTATION_CONTEXT(2) 
PARAMETRIC_REPRESENTATION_CONTEXT() REPRESENTATION_CONTEXT('2D SPACE',''
  ) );
#1283 = PCURVE('',#1284,#1289);
#1284 = PLANE('',#1285);
#1285 = AXIS2_PLACEMENT_3D('',#1286,#1287,#1288);
#1286 = CARTESIAN_POINT('',(4.5,22.,70.5));
#1287 = DIRECTION('',(0.,-1.,0.));
#1288 = DIRECTION('',(0.,0.,1.));
#1289 = DEFINITIONAL_REPRESENTATION('',(#1290),#1294);
#1290 = LINE('',#1291,#1292);
#1291 = CARTESIAN_POINT('',(0.,-2.75));
#1292 = VECTOR('',#1293,1.);
#1293 = DIRECTION('',(1.,0.));
#1294 = ( GEOMETRIC_REPRESENTATION_CONTEXT(2) 
PARAMETRIC_REPRESENTATION_CONTEXT() REPRESENTATION_CONTEXT('2D SPACE',''
  ) );
#1295 = ADVANCED_FACE('',(#1296),#1284,.F.);
#1296 = FACE_BOUND('',#1297,.F.);
#1297 = EDGE_LOOP('',(#1298,#1321,#1322,#1345));
#1298 = ORIENTED_EDGE('',*,*,#1299,.T.);
#1299 = EDGE_CURVE('',#1300,#1149,#1302,.T.);
#1300 = VERTEX_POINT('',#1301);
#1301 = CARTESIAN_POINT('',(4.75,22.,70.5));
#1302 = SURFACE_CURVE('',#1303,(#1307,#1314),.PCURVE_S1.);
#1303 = LINE('',#1304,#1305);
#1304 = CARTESIAN_POINT('',(4.5,22.,70.5));
#1305 = VECTOR('',#1306,1.);
#1306 = DIRECTION('',(1.,0.,0.));
#1307 = PCURVE('',#1284,#1308);
#1308 = DEFINITIONAL_REPRESENTATION('',(#1309),#1313);
#1309 = LINE('',#1310,#1311);
#1310 = CARTESIAN_POINT('',(0.,0.));
#1311 = VECTOR('',#1312,1.);
#1312 = DIRECTION('',(0.,-1.));
#1313 = ( GEOMETRIC_REPRESENTATION_CONTEXT(2) 
PARAMETRIC_REPRESENTATION_CONTEXT() REPRESENTATION_CONTEXT('2D SPACE',''
  ) );
#1314 = PCURVE('',#232,#1315);
#1315 = DEFINITIONAL_REPRESENTATION('',(#1316),#1320);
#1316 = LINE('',#1317,#1318);
#1317 = CARTESIAN_POINT('',(-1.570796326795,0.));
#1318 = VECTOR('',#1319,1.);
#1319 = DIRECTION('',(0.,-1.));
#1320 = ( GEOMETRIC_REPRESENTATION_CONTEXT(2) 
PARAMETRIC_REPRESENTATION_CONTEXT() REPRESENTATION_CONTEXT('2D SPACE',''
  ) );
#1321 = ORIENTED_EDGE('',*,*,#1270,.T.);
#1322 = ORIENTED_EDGE('',*,*,#1323,.F.);
#1323 = EDGE_CURVE('',#1324,#1249,#1326,.T.);
#1324 = VERTEX_POINT('',#1325);
#1325 = CARTESIAN_POINT('',(4.75,22.,73.5));
#1326 = SURFACE_CURVE('',#1327,(#1331,#1338),.PCURVE_S1.);
#1327 = LINE('',#1328,#1329);
#1328 = CARTESIAN_POINT('',(4.5,22.,73.5));
#1329 = VECTOR('',#1330,1.);
#1330 = DIRECTION('',(1.,0.,0.));
#1331 = PCURVE('',#1284,#1332);
#1332 = DEFINITIONAL_REPRESENTATION('',(#1333),#1337);
#1333 = LINE('',#1334,#1335);
#1334 = CARTESIAN_POINT('',(3.,0.));
#1335 = VECTOR('',#1336,1.);
#1336 = DIRECTION('',(0.,-1.));
#1337 = ( GEOMETRIC_REPRESENTATION_CONTEXT(2) 
PARAMETRIC_REPRESENTATION_CONTEXT() REPRESENTATION_CONTEXT('2D SPACE',''
  ) );
#1338 = PCURVE('',#346,#1339);
#1339 = DEFINITIONAL_REPRESENTATION('',(#1340),#1344);
#1340 = LINE('',#1341,#1342);
#1341 = CARTESIAN_POINT('',(0.,0.));
#1342 = VECTOR('',#1343,1.);
#1343 = DIRECTION('',(0.,-1.));
#1344 = ( GEOMETRIC_REPRESENTATION_CONTEXT(2) 
PARAMETRIC_REPRESENTATION_CONTEXT() REPRESENTATION_CONTEXT('2D SPACE',''
  ) );
#1345 = ORIENTED_EDGE('',*,*,#1346,.F.);
#1346 = EDGE_CURVE('',#1300,#1324,#1347,.T.);
#1347 = SURFACE_CURVE('',#1348,(#1352,#1359),.PCURVE_S1.);
#1348 = LINE('',#1349,#1350);
#1349 = CARTESIAN_POINT('',(4.75,22.,70.5));
#1350 = VECTOR('',#1351,1.);
#1351 = DIRECTION('',(0.,0.,1.));
#1352 = PCURVE('',#1284,#1353);
#1353 = DEFINITIONAL_REPRESENTATION('',(#1354),#1358);
#1354 = LINE('',#1355,#1356);
#1355 = CARTESIAN_POINT('',(0.,-0.25));
#1356 = VECTOR('',#1357,1.);
#1357 = DIRECTION('',(1.,0.));
#1358 = ( GEOMETRIC_REPRESENTATION_CONTEXT(2) 
PARAMETRIC_REPRESENTATION_CONTEXT() REPRESENTATION_CONTEXT('2D SPACE',''
  ) );
#1359 = PCURVE('',#1360,#1365);
#1360 = CYLINDRICAL_SURFACE('',#1361,0.25);
#1361 = AXIS2_PLACEMENT_3D('',#1362,#1363,#1364);
#1362 = CARTESIAN_POINT('',(4.75,21.75,70.5));
#1363 = DIRECTION('',(0.,0.,1.));
#1364 = DIRECTION('',(0.,1.,0.));
#1365 = DEFINITIONAL_REPRESENTATION('',(#1366),#1370);
#1366 = LINE('',#1367,#1368);
#1367 = CARTESIAN_POINT('',(0.,0.));
#1368 = VECTOR('',#1369,1.);
#1369 = DIRECTION('',(0.,1.));
#1370 = ( GEOMETRIC_REPRESENTATION_CONTEXT(2) 
PARAMETRIC_REPRESENTATION_CONTEXT() REPRESENTATION_CONTEXT('2D SPACE',''
  ) );
#1371 = ADVANCED_FACE('',(#1372),#1360,.T.);
#1372 = FACE_BOUND('',#1373,.T.);
#1373 = EDGE_LOOP('',(#1374,#1396,#1419,#1439));
#1374 = ORIENTED_EDGE('',*,*,#1375,.T.);
#1375 = EDGE_CURVE('',#1300,#1376,#1378,.T.);
#1376 = VERTEX_POINT('',#1377);
#1377 = CARTESIAN_POINT('',(4.5,21.75,70.5));
#1378 = SURFACE_CURVE('',#1379,(#1384,#1390),.PCURVE_S1.);
#1379 = CIRCLE('',#1380,0.25);
#1380 = AXIS2_PLACEMENT_3D('',#1381,#1382,#1383);
#1381 = CARTESIAN_POINT('',(4.75,21.75,70.5));
#1382 = DIRECTION('',(0.,6.123233995737E-17,1.));
#1383 = DIRECTION('',(0.,1.,-6.123233995737E-17));
#1384 = PCURVE('',#1360,#1385);
#1385 = DEFINITIONAL_REPRESENTATION('',(#1386),#1389);
#1386 = B_SPLINE_CURVE_WITH_KNOTS('',1,(#1387,#1388),.UNSPECIFIED.,.F.,
  .F.,(2,2),(0.,1.570796326795),.PIECEWISE_BEZIER_KNOTS.);
#1387 = CARTESIAN_POINT('',(0.,0.));
#1388 = CARTESIAN_POINT('',(1.570796326795,0.));
#1389 = ( GEOMETRIC_REPRESENTATION_CONTEXT(2) 
PARAMETRIC_REPRESENTATION_CONTEXT() REPRESENTATION_CONTEXT('2D SPACE',''
  ) );
#1390 = PCURVE('',#265,#1391);
#1391 = DEFINITIONAL_REPRESENTATION('',(#1392),#1395);
#1392 = B_SPLINE_CURVE_WITH_KNOTS('',1,(#1393,#1394),.UNSPECIFIED.,.F.,
  .F.,(2,2),(0.,1.570796326795),.PIECEWISE_BEZIER_KNOTS.);
#1393 = CARTESIAN_POINT('',(-1.570796326795,0.));
#1394 = CARTESIAN_POINT('',(-1.570796326795,1.570796326795));
#1395 = ( GEOMETRIC_REPRESENTATION_CONTEXT(2) 
PARAMETRIC_REPRESENTATION_CONTEXT() REPRESENTATION_CONTEXT('2D SPACE',''
  ) );
#1396 = ORIENTED_EDGE('',*,*,#1397,.T.);
#1397 = EDGE_CURVE('',#1376,#1398,#1400,.T.);
#1398 = VERTEX_POINT('',#1399);
#1399 = CARTESIAN_POINT('',(4.5,21.75,73.5));
#1400 = SURFACE_CURVE('',#1401,(#1405,#1412),.PCURVE_S1.);
#1401 = LINE('',#1402,#1403);
#1402 = CARTESIAN_POINT('',(4.5,21.75,70.5));
#1403 = VECTOR('',#1404,1.);
#1404 = DIRECTION('',(0.,0.,1.));
#1405 = PCURVE('',#1360,#1406);
#1406 = DEFINITIONAL_REPRESENTATION('',(#1407),#1411);
#1407 = LINE('',#1408,#1409);
#1408 = CARTESIAN_POINT('',(1.570796326795,0.));
#1409 = VECTOR('',#1410,1.);
#1410 = DIRECTION('',(0.,1.));
#1411 = ( GEOMETRIC_REPRESENTATION_CONTEXT(2) 
PARAMETRIC_REPRESENTATION_CONTEXT() REPRESENTATION_CONTEXT('2D SPACE',''
  ) );
#1412 = PCURVE('',#291,#1413);
#1413 = DEFINITIONAL_REPRESENTATION('',(#1414),#1418);
#1414 = LINE('',#1415,#1416);
#1415 = CARTESIAN_POINT('',(-1.5,-1.170311097153));
#1416 = VECTOR('',#1417,1.);
#1417 = DIRECTION('',(1.,0.));
#1418 = ( GEOMETRIC_REPRESENTATION_CONTEXT(2) 
PARAMETRIC_REPRESENTATION_CONTEXT() REPRESENTATION_CONTEXT('2D SPACE',''
  ) );
#1419 = ORIENTED_EDGE('',*,*,#1420,.F.);
#1420 = EDGE_CURVE('',#1324,#1398,#1421,.T.);
#1421 = SURFACE_CURVE('',#1422,(#1427,#1433),.PCURVE_S1.);
#1422 = CIRCLE('',#1423,0.25);
#1423 = AXIS2_PLACEMENT_3D('',#1424,#1425,#1426);
#1424 = CARTESIAN_POINT('',(4.75,21.75,73.5));
#1425 = DIRECTION('',(0.,0.,1.));
#1426 = DIRECTION('',(0.,1.,0.));
#1427 = PCURVE('',#1360,#1428);
#1428 = DEFINITIONAL_REPRESENTATION('',(#1429),#1432);
#1429 = B_SPLINE_CURVE_WITH_KNOTS('',1,(#1430,#1431),.UNSPECIFIED.,.F.,
  .F.,(2,2),(0.,1.570796326795),.PIECEWISE_BEZIER_KNOTS.);
#1430 = CARTESIAN_POINT('',(0.,3.));
#1431 = CARTESIAN_POINT('',(1.570796326795,3.));
#1432 = ( GEOMETRIC_REPRESENTATION_CONTEXT(2) 
PARAMETRIC_REPRESENTATION_CONTEXT() REPRESENTATION_CONTEXT('2D SPACE',''
  ) );
#1433 = PCURVE('',#319,#1434);
#1434 = DEFINITIONAL_REPRESENTATION('',(#1435),#1438);
#1435 = B_SPLINE_CURVE_WITH_KNOTS('',1,(#1436,#1437),.UNSPECIFIED.,.F.,
  .F.,(2,2),(0.,1.570796326795),.PIECEWISE_BEZIER_KNOTS.);
#1436 = CARTESIAN_POINT('',(0.,0.));
#1437 = CARTESIAN_POINT('',(0.,1.570796326795));
#1438 = ( GEOMETRIC_REPRESENTATION_CONTEXT(2) 
PARAMETRIC_REPRESENTATION_CONTEXT() REPRESENTATION_CONTEXT('2D SPACE',''
  ) );
#1439 = ORIENTED_EDGE('',*,*,#1346,.F.);
#1440 = ADVANCED_FACE('',(#1441),#405,.T.);
#1441 = FACE_BOUND('',#1442,.T.);
#1442 = EDGE_LOOP('',(#1443,#1465,#1466,#1467));
#1443 = ORIENTED_EDGE('',*,*,#1444,.T.);
#1444 = EDGE_CURVE('',#1226,#359,#1445,.T.);
#1445 = SURFACE_CURVE('',#1446,(#1451,#1458),.PCURVE_S1.);
#1446 = CIRCLE('',#1447,1.75);
#1447 = AXIS2_PLACEMENT_3D('',#1448,#1449,#1450);
#1448 = CARTESIAN_POINT('',(7.5,20.,73.5));
#1449 = DIRECTION('',(1.,0.,0.));
#1450 = DIRECTION('',(0.,1.,0.));
#1451 = PCURVE('',#405,#1452);
#1452 = DEFINITIONAL_REPRESENTATION('',(#1453),#1457);
#1453 = CIRCLE('',#1454,1.75);
#1454 = AXIS2_PLACEMENT_2D('',#1455,#1456);
#1455 = CARTESIAN_POINT('',(1.5,0.579688902847));
#1456 = DIRECTION('',(0.,-1.));
#1457 = ( GEOMETRIC_REPRESENTATION_CONTEXT(2) 
PARAMETRIC_REPRESENTATION_CONTEXT() REPRESENTATION_CONTEXT('2D SPACE',''
  ) );
#1458 = PCURVE('',#379,#1459);
#1459 = DEFINITIONAL_REPRESENTATION('',(#1460),#1464);
#1460 = LINE('',#1461,#1462);
#1461 = CARTESIAN_POINT('',(0.,1.570796326795));
#1462 = VECTOR('',#1463,1.);
#1463 = DIRECTION('',(1.,0.));
#1464 = ( GEOMETRIC_REPRESENTATION_CONTEXT(2) 
PARAMETRIC_REPRESENTATION_CONTEXT() REPRESENTATION_CONTEXT('2D SPACE',''
  ) );
#1465 = ORIENTED_EDGE('',*,*,#390,.F.);
#1466 = ORIENTED_EDGE('',*,*,#1199,.T.);
#1467 = ORIENTED_EDGE('',*,*,#1225,.T.);
#1468 = ADVANCED_FACE('',(#1469),#379,.T.);
#1469 = FACE_BOUND('',#1470,.T.);
#1470 = EDGE_LOOP('',(#1471,#1472,#1494,#1495));
#1471 = ORIENTED_EDGE('',*,*,#1248,.F.);
#1472 = ORIENTED_EDGE('',*,*,#1473,.T.);
#1473 = EDGE_CURVE('',#1249,#331,#1474,.T.);
#1474 = SURFACE_CURVE('',#1475,(#1480,#1487),.PCURVE_S1.);
#1475 = CIRCLE('',#1476,2.);
#1476 = AXIS2_PLACEMENT_3D('',#1477,#1478,#1479);
#1477 = CARTESIAN_POINT('',(7.25,20.,73.5));
#1478 = DIRECTION('',(1.,0.,0.));
#1479 = DIRECTION('',(0.,1.,0.));
#1480 = PCURVE('',#379,#1481);
#1481 = DEFINITIONAL_REPRESENTATION('',(#1482),#1486);
#1482 = LINE('',#1483,#1484);
#1483 = CARTESIAN_POINT('',(0.,0.));
#1484 = VECTOR('',#1485,1.);
#1485 = DIRECTION('',(1.,0.));
#1486 = ( GEOMETRIC_REPRESENTATION_CONTEXT(2) 
PARAMETRIC_REPRESENTATION_CONTEXT() REPRESENTATION_CONTEXT('2D SPACE',''
  ) );
#1487 = PCURVE('',#346,#1488);
#1488 = DEFINITIONAL_REPRESENTATION('',(#1489),#1493);
#1489 = LINE('',#1490,#1491);
#1490 = CARTESIAN_POINT('',(0.,-2.75));
#1491 = VECTOR('',#1492,1.);
#1492 = DIRECTION('',(-1.,0.));
#1493 = ( GEOMETRIC_REPRESENTATION_CONTEXT(2) 
PARAMETRIC_REPRESENTATION_CONTEXT() REPRESENTATION_CONTEXT('2D SPACE',''
  ) );
#1494 = ORIENTED_EDGE('',*,*,#358,.T.);
#1495 = ORIENTED_EDGE('',*,*,#1444,.F.);
#1496 = ADVANCED_FACE('',(#1497),#346,.T.);
#1497 = FACE_BOUND('',#1498,.F.);
#1498 = EDGE_LOOP('',(#1499,#1500,#1501,#1502));
#1499 = ORIENTED_EDGE('',*,*,#1323,.T.);
#1500 = ORIENTED_EDGE('',*,*,#1473,.T.);
#1501 = ORIENTED_EDGE('',*,*,#330,.F.);
#1502 = ORIENTED_EDGE('',*,*,#1503,.F.);
#1503 = EDGE_CURVE('',#1324,#303,#1504,.T.);
#1504 = SURFACE_CURVE('',#1505,(#1510,#1517),.PCURVE_S1.);
#1505 = CIRCLE('',#1506,2.);
#1506 = AXIS2_PLACEMENT_3D('',#1507,#1508,#1509);
#1507 = CARTESIAN_POINT('',(4.75,20.,73.5));
#1508 = DIRECTION('',(1.,0.,0.));
#1509 = DIRECTION('',(0.,1.,0.));
#1510 = PCURVE('',#346,#1511);
#1511 = DEFINITIONAL_REPRESENTATION('',(#1512),#1516);
#1512 = LINE('',#1513,#1514);
#1513 = CARTESIAN_POINT('',(0.,-0.25));
#1514 = VECTOR('',#1515,1.);
#1515 = DIRECTION('',(-1.,0.));
#1516 = ( GEOMETRIC_REPRESENTATION_CONTEXT(2) 
PARAMETRIC_REPRESENTATION_CONTEXT() REPRESENTATION_CONTEXT('2D SPACE',''
  ) );
#1517 = PCURVE('',#319,#1518);
#1518 = DEFINITIONAL_REPRESENTATION('',(#1519),#1523);
#1519 = LINE('',#1520,#1521);
#1520 = CARTESIAN_POINT('',(0.,0.));
#1521 = VECTOR('',#1522,1.);
#1522 = DIRECTION('',(-1.,0.));
#1523 = ( GEOMETRIC_REPRESENTATION_CONTEXT(2) 
PARAMETRIC_REPRESENTATION_CONTEXT() REPRESENTATION_CONTEXT('2D SPACE',''
  ) );
#1524 = ADVANCED_FACE('',(#1525),#319,.T.);
#1525 = FACE_BOUND('',#1526,.F.);
#1526 = EDGE_LOOP('',(#1527,#1528,#1529,#1530));
#1527 = ORIENTED_EDGE('',*,*,#1420,.F.);
#1528 = ORIENTED_EDGE('',*,*,#1503,.T.);
#1529 = ORIENTED_EDGE('',*,*,#302,.T.);
#1530 = ORIENTED_EDGE('',*,*,#1531,.F.);
#1531 = EDGE_CURVE('',#1398,#277,#1532,.T.);
#1532 = SURFACE_CURVE('',#1533,(#1538,#1545),.PCURVE_S1.);
#1533 = CIRCLE('',#1534,1.75);
#1534 = AXIS2_PLACEMENT_3D('',#1535,#1536,#1537);
#1535 = CARTESIAN_POINT('',(4.5,20.,73.5));
#1536 = DIRECTION('',(1.,0.,0.));
#1537 = DIRECTION('',(0.,1.,0.));
#1538 = PCURVE('',#319,#1539);
#1539 = DEFINITIONAL_REPRESENTATION('',(#1540),#1544);
#1540 = LINE('',#1541,#1542);
#1541 = CARTESIAN_POINT('',(0.,1.570796326795));
#1542 = VECTOR('',#1543,1.);
#1543 = DIRECTION('',(-1.,0.));
#1544 = ( GEOMETRIC_REPRESENTATION_CONTEXT(2) 
PARAMETRIC_REPRESENTATION_CONTEXT() REPRESENTATION_CONTEXT('2D SPACE',''
  ) );
#1545 = PCURVE('',#291,#1546);
#1546 = DEFINITIONAL_REPRESENTATION('',(#1547),#1551);
#1547 = CIRCLE('',#1548,1.75);
#1548 = AXIS2_PLACEMENT_2D('',#1549,#1550);
#1549 = CARTESIAN_POINT('',(1.5,0.579688902847));
#1550 = DIRECTION('',(0.,-1.));
#1551 = ( GEOMETRIC_REPRESENTATION_CONTEXT(2) 
PARAMETRIC_REPRESENTATION_CONTEXT() REPRESENTATION_CONTEXT('2D SPACE',''
  ) );
#1552 = ADVANCED_FACE('',(#1553),#291,.F.);
#1553 = FACE_BOUND('',#1554,.F.);
#1554 = EDGE_LOOP('',(#1555,#1556,#1557,#1579));
#1555 = ORIENTED_EDGE('',*,*,#1531,.T.);
#1556 = ORIENTED_EDGE('',*,*,#276,.F.);
#1557 = ORIENTED_EDGE('',*,*,#1558,.T.);
#1558 = EDGE_CURVE('',#245,#1376,#1559,.T.);
#1559 = SURFACE_CURVE('',#1560,(#1565,#1572),.PCURVE_S1.);
#1560 = CIRCLE('',#1561,1.75);
#1561 = AXIS2_PLACEMENT_3D('',#1562,#1563,#1564);
#1562 = CARTESIAN_POINT('',(4.5,20.,70.5));
#1563 = DIRECTION('',(1.,0.,0.));
#1564 = DIRECTION('',(0.,1.7763568394E-15,-1.));
#1565 = PCURVE('',#291,#1566);
#1566 = DEFINITIONAL_REPRESENTATION('',(#1567),#1571);
#1567 = CIRCLE('',#1568,1.75);
#1568 = AXIS2_PLACEMENT_2D('',#1569,#1570);
#1569 = CARTESIAN_POINT('',(-1.5,0.579688902847));
#1570 = DIRECTION('',(-1.,-2.030122102172E-15));
#1571 = ( GEOMETRIC_REPRESENTATION_CONTEXT(2) 
PARAMETRIC_REPRESENTATION_CONTEXT() REPRESENTATION_CONTEXT('2D SPACE',''
  ) );
#1572 = PCURVE('',#265,#1573);
#1573 = DEFINITIONAL_REPRESENTATION('',(#1574),#1578);
#1574 = LINE('',#1575,#1576);
#1575 = CARTESIAN_POINT('',(0.,1.570796326795));
#1576 = VECTOR('',#1577,1.);
#1577 = DIRECTION('',(-1.,0.));
#1578 = ( GEOMETRIC_REPRESENTATION_CONTEXT(2) 
PARAMETRIC_REPRESENTATION_CONTEXT() REPRESENTATION_CONTEXT('2D SPACE',''
  ) );
#1579 = ORIENTED_EDGE('',*,*,#1397,.T.);
#1580 = ADVANCED_FACE('',(#1581),#265,.T.);
#1581 = FACE_BOUND('',#1582,.F.);
#1582 = EDGE_LOOP('',(#1583,#1584,#1606,#1607));
#1583 = ORIENTED_EDGE('',*,*,#244,.F.);
#1584 = ORIENTED_EDGE('',*,*,#1585,.T.);
#1585 = EDGE_CURVE('',#215,#1300,#1586,.T.);
#1586 = SURFACE_CURVE('',#1587,(#1592,#1599),.PCURVE_S1.);
#1587 = CIRCLE('',#1588,2.);
#1588 = AXIS2_PLACEMENT_3D('',#1589,#1590,#1591);
#1589 = CARTESIAN_POINT('',(4.75,20.,70.5));
#1590 = DIRECTION('',(1.,0.,0.));
#1591 = DIRECTION('',(0.,1.7763568394E-15,-1.));
#1592 = PCURVE('',#265,#1593);
#1593 = DEFINITIONAL_REPRESENTATION('',(#1594),#1598);
#1594 = LINE('',#1595,#1596);
#1595 = CARTESIAN_POINT('',(0.,0.));
#1596 = VECTOR('',#1597,1.);
#1597 = DIRECTION('',(-1.,0.));
#1598 = ( GEOMETRIC_REPRESENTATION_CONTEXT(2) 
PARAMETRIC_REPRESENTATION_CONTEXT() REPRESENTATION_CONTEXT('2D SPACE',''
  ) );
#1599 = PCURVE('',#232,#1600);
#1600 = DEFINITIONAL_REPRESENTATION('',(#1601),#1605);
#1601 = LINE('',#1602,#1603);
#1602 = CARTESIAN_POINT('',(0.,-0.25));
#1603 = VECTOR('',#1604,1.);
#1604 = DIRECTION('',(-1.,0.));
#1605 = ( GEOMETRIC_REPRESENTATION_CONTEXT(2) 
PARAMETRIC_REPRESENTATION_CONTEXT() REPRESENTATION_CONTEXT('2D SPACE',''
  ) );
#1606 = ORIENTED_EDGE('',*,*,#1375,.T.);
#1607 = ORIENTED_EDGE('',*,*,#1558,.F.);
#1608 = ADVANCED_FACE('',(#1609),#232,.T.);
#1609 = FACE_BOUND('',#1610,.F.);
#1610 = EDGE_LOOP('',(#1611,#1612,#1613,#1614));
#1611 = ORIENTED_EDGE('',*,*,#214,.T.);
#1612 = ORIENTED_EDGE('',*,*,#1148,.T.);
#1613 = ORIENTED_EDGE('',*,*,#1299,.F.);
#1614 = ORIENTED_EDGE('',*,*,#1585,.F.);
#1615 = ADVANCED_FACE('',(#1616),#200,.F.);
#1616 = FACE_BOUND('',#1617,.F.);
#1617 = EDGE_LOOP('',(#1618,#1641,#1642,#1666,#1694,#1723,#1751,#1779,
    #1807));
#1618 = ORIENTED_EDGE('',*,*,#1619,.T.);
#1619 = EDGE_CURVE('',#1620,#42,#1622,.T.);
#1620 = VERTEX_POINT('',#1621);
#1621 = CARTESIAN_POINT('',(0.,18.,11.5));
#1622 = SURFACE_CURVE('',#1623,(#1627,#1634),.PCURVE_S1.);
#1623 = LINE('',#1624,#1625);
#1624 = CARTESIAN_POINT('',(0.,18.,11.5));
#1625 = VECTOR('',#1626,1.);
#1626 = DIRECTION('',(0.,1.,0.));
#1627 = PCURVE('',#200,#1628);
#1628 = DEFINITIONAL_REPRESENTATION('',(#1629),#1633);
#1629 = LINE('',#1630,#1631);
#1630 = CARTESIAN_POINT('',(-32.6408566794,1.));
#1631 = VECTOR('',#1632,1.);
#1632 = DIRECTION('',(0.,-1.));
#1633 = ( GEOMETRIC_REPRESENTATION_CONTEXT(2) 
PARAMETRIC_REPRESENTATION_CONTEXT() REPRESENTATION_CONTEXT('2D SPACE',''
  ) );
#1634 = PCURVE('',#62,#1635);
#1635 = DEFINITIONAL_REPRESENTATION('',(#1636),#1640);
#1636 = LINE('',#1637,#1638);
#1637 = CARTESIAN_POINT('',(0.,0.));
#1638 = VECTOR('',#1639,1.);
#1639 = DIRECTION('',(1.,0.));
#1640 = ( GEOMETRIC_REPRESENTATION_CONTEXT(2) 
PARAMETRIC_REPRESENTATION_CONTEXT() REPRESENTATION_CONTEXT('2D SPACE',''
  ) );
#1641 = ORIENTED_EDGE('',*,*,#186,.T.);
#1642 = ORIENTED_EDGE('',*,*,#1643,.T.);
#1643 = EDGE_CURVE('',#159,#1644,#1646,.T.);
#1644 = VERTEX_POINT('',#1645);
#1645 = CARTESIAN_POINT('',(0.,19.5,77.));
#1646 = SURFACE_CURVE('',#1647,(#1652,#1659),.PCURVE_S1.);
#1647 = CIRCLE('',#1648,0.5);
#1648 = AXIS2_PLACEMENT_3D('',#1649,#1650,#1651);
#1649 = CARTESIAN_POINT('',(0.,19.5,76.5));
#1650 = DIRECTION('',(1.,0.,0.));
#1651 = DIRECTION('',(0.,1.,0.));
#1652 = PCURVE('',#200,#1653);
#1653 = DEFINITIONAL_REPRESENTATION('',(#1654),#1658);
#1654 = CIRCLE('',#1655,0.5);
#1655 = AXIS2_PLACEMENT_2D('',#1656,#1657);
#1656 = CARTESIAN_POINT('',(32.359143320597,-0.5));
#1657 = DIRECTION('',(0.,-1.));
#1658 = ( GEOMETRIC_REPRESENTATION_CONTEXT(2) 
PARAMETRIC_REPRESENTATION_CONTEXT() REPRESENTATION_CONTEXT('2D SPACE',''
  ) );
#1659 = PCURVE('',#174,#1660);
#1660 = DEFINITIONAL_REPRESENTATION('',(#1661),#1665);
#1661 = LINE('',#1662,#1663);
#1662 = CARTESIAN_POINT('',(0.,0.));
#1663 = VECTOR('',#1664,1.);
#1664 = DIRECTION('',(-1.,0.));
#1665 = ( GEOMETRIC_REPRESENTATION_CONTEXT(2) 
PARAMETRIC_REPRESENTATION_CONTEXT() REPRESENTATION_CONTEXT('2D SPACE',''
  ) );
#1666 = ORIENTED_EDGE('',*,*,#1667,.T.);
#1667 = EDGE_CURVE('',#1644,#1668,#1670,.T.);
#1668 = VERTEX_POINT('',#1669);
#1669 = CARTESIAN_POINT('',(0.,18.5,77.));
#1670 = SURFACE_CURVE('',#1671,(#1675,#1682),.PCURVE_S1.);
#1671 = LINE('',#1672,#1673);
#1672 = CARTESIAN_POINT('',(0.,19.5,77.));
#1673 = VECTOR('',#1674,1.);
#1674 = DIRECTION('',(0.,-1.,0.));
#1675 = PCURVE('',#200,#1676);
#1676 = DEFINITIONAL_REPRESENTATION('',(#1677),#1681);
#1677 = LINE('',#1678,#1679);
#1678 = CARTESIAN_POINT('',(32.859143320597,-0.5));
#1679 = VECTOR('',#1680,1.);
#1680 = DIRECTION('',(0.,1.));
#1681 = ( GEOMETRIC_REPRESENTATION_CONTEXT(2) 
PARAMETRIC_REPRESENTATION_CONTEXT() REPRESENTATION_CONTEXT('2D SPACE',''
  ) );
#1682 = PCURVE('',#1683,#1688);
#1683 = PLANE('',#1684);
#1684 = AXIS2_PLACEMENT_3D('',#1685,#1686,#1687);
#1685 = CARTESIAN_POINT('',(0.,19.5,77.));
#1686 = DIRECTION('',(0.,0.,-1.));
#1687 = DIRECTION('',(0.,-1.,0.));
#1688 = DEFINITIONAL_REPRESENTATION('',(#1689),#1693);
#1689 = LINE('',#1690,#1691);
#1690 = CARTESIAN_POINT('',(0.,0.));
#1691 = VECTOR('',#1692,1.);
#1692 = DIRECTION('',(1.,0.));
#1693 = ( GEOMETRIC_REPRESENTATION_CONTEXT(2) 
PARAMETRIC_REPRESENTATION_CONTEXT() REPRESENTATION_CONTEXT('2D SPACE',''
  ) );
#1694 = ORIENTED_EDGE('',*,*,#1695,.T.);
#1695 = EDGE_CURVE('',#1668,#1696,#1698,.T.);
#1696 = VERTEX_POINT('',#1697);
#1697 = CARTESIAN_POINT('',(0.,18.,76.5));
#1698 = SURFACE_CURVE('',#1699,(#1704,#1711),.PCURVE_S1.);
#1699 = CIRCLE('',#1700,0.5);
#1700 = AXIS2_PLACEMENT_3D('',#1701,#1702,#1703);
#1701 = CARTESIAN_POINT('',(0.,18.5,76.5));
#1702 = DIRECTION('',(1.,0.,0.));
#1703 = DIRECTION('',(0.,1.42108547152E-14,1.));
#1704 = PCURVE('',#200,#1705);
#1705 = DEFINITIONAL_REPRESENTATION('',(#1706),#1710);
#1706 = CIRCLE('',#1707,0.5);
#1707 = AXIS2_PLACEMENT_2D('',#1708,#1709);
#1708 = CARTESIAN_POINT('',(32.359143320597,0.5));
#1709 = DIRECTION('',(1.,-1.42108547152E-14));
#1710 = ( GEOMETRIC_REPRESENTATION_CONTEXT(2) 
PARAMETRIC_REPRESENTATION_CONTEXT() REPRESENTATION_CONTEXT('2D SPACE',''
  ) );
#1711 = PCURVE('',#1712,#1717);
#1712 = CYLINDRICAL_SURFACE('',#1713,0.5);
#1713 = AXIS2_PLACEMENT_3D('',#1714,#1715,#1716);
#1714 = CARTESIAN_POINT('',(0.,18.5,76.5));
#1715 = DIRECTION('',(-1.,0.,0.));
#1716 = DIRECTION('',(0.,1.42108547152E-14,1.));
#1717 = DEFINITIONAL_REPRESENTATION('',(#1718),#1722);
#1718 = LINE('',#1719,#1720);
#1719 = CARTESIAN_POINT('',(0.,0.));
#1720 = VECTOR('',#1721,1.);
#1721 = DIRECTION('',(-1.,0.));
#1722 = ( GEOMETRIC_REPRESENTATION_CONTEXT(2) 
PARAMETRIC_REPRESENTATION_CONTEXT() REPRESENTATION_CONTEXT('2D SPACE',''
  ) );
#1723 = ORIENTED_EDGE('',*,*,#1724,.F.);
#1724 = EDGE_CURVE('',#1725,#1696,#1727,.T.);
#1725 = VERTEX_POINT('',#1726);
#1726 = CARTESIAN_POINT('',(0.,16.,76.5));
#1727 = SURFACE_CURVE('',#1728,(#1732,#1739),.PCURVE_S1.);
#1728 = LINE('',#1729,#1730);
#1729 = CARTESIAN_POINT('',(0.,16.,76.5));
#1730 = VECTOR('',#1731,1.);
#1731 = DIRECTION('',(0.,1.,0.));
#1732 = PCURVE('',#200,#1733);
#1733 = DEFINITIONAL_REPRESENTATION('',(#1734),#1738);
#1734 = LINE('',#1735,#1736);
#1735 = CARTESIAN_POINT('',(32.359143320597,3.));
#1736 = VECTOR('',#1737,1.);
#1737 = DIRECTION('',(0.,-1.));
#1738 = ( GEOMETRIC_REPRESENTATION_CONTEXT(2) 
PARAMETRIC_REPRESENTATION_CONTEXT() REPRESENTATION_CONTEXT('2D SPACE',''
  ) );
#1739 = PCURVE('',#1740,#1745);
#1740 = PLANE('',#1741);
#1741 = AXIS2_PLACEMENT_3D('',#1742,#1743,#1744);
#1742 = CARTESIAN_POINT('',(0.,16.,76.5));
#1743 = DIRECTION('',(0.,0.,1.));
#1744 = DIRECTION('',(1.,0.,0.));
#1745 = DEFINITIONAL_REPRESENTATION('',(#1746),#1750);
#1746 = LINE('',#1747,#1748);
#1747 = CARTESIAN_POINT('',(0.,0.));
#1748 = VECTOR('',#1749,1.);
#1749 = DIRECTION('',(0.,1.));
#1750 = ( GEOMETRIC_REPRESENTATION_CONTEXT(2) 
PARAMETRIC_REPRESENTATION_CONTEXT() REPRESENTATION_CONTEXT('2D SPACE',''
  ) );
#1751 = ORIENTED_EDGE('',*,*,#1752,.F.);
#1752 = EDGE_CURVE('',#1753,#1725,#1755,.T.);
#1753 = VERTEX_POINT('',#1754);
#1754 = CARTESIAN_POINT('',(0.,16.,26.5));
#1755 = SURFACE_CURVE('',#1756,(#1760,#1767),.PCURVE_S1.);
#1756 = LINE('',#1757,#1758);
#1757 = CARTESIAN_POINT('',(0.,16.,26.5));
#1758 = VECTOR('',#1759,1.);
#1759 = DIRECTION('',(0.,0.,1.));
#1760 = PCURVE('',#200,#1761);
#1761 = DEFINITIONAL_REPRESENTATION('',(#1762),#1766);
#1762 = LINE('',#1763,#1764);
#1763 = CARTESIAN_POINT('',(-17.6408566794,3.));
#1764 = VECTOR('',#1765,1.);
#1765 = DIRECTION('',(1.,0.));
#1766 = ( GEOMETRIC_REPRESENTATION_CONTEXT(2) 
PARAMETRIC_REPRESENTATION_CONTEXT() REPRESENTATION_CONTEXT('2D SPACE',''
  ) );
#1767 = PCURVE('',#1768,#1773);
#1768 = PLANE('',#1769);
#1769 = AXIS2_PLACEMENT_3D('',#1770,#1771,#1772);
#1770 = CARTESIAN_POINT('',(0.,16.,26.5));
#1771 = DIRECTION('',(0.,1.,0.));
#1772 = DIRECTION('',(0.,0.,1.));
#1773 = DEFINITIONAL_REPRESENTATION('',(#1774),#1778);
#1774 = LINE('',#1775,#1776);
#1775 = CARTESIAN_POINT('',(0.,0.));
#1776 = VECTOR('',#1777,1.);
#1777 = DIRECTION('',(1.,0.));
#1778 = ( GEOMETRIC_REPRESENTATION_CONTEXT(2) 
PARAMETRIC_REPRESENTATION_CONTEXT() REPRESENTATION_CONTEXT('2D SPACE',''
  ) );
#1779 = ORIENTED_EDGE('',*,*,#1780,.T.);
#1780 = EDGE_CURVE('',#1753,#1781,#1783,.T.);
#1781 = VERTEX_POINT('',#1782);
#1782 = CARTESIAN_POINT('',(0.,18.,26.5));
#1783 = SURFACE_CURVE('',#1784,(#1788,#1795),.PCURVE_S1.);
#1784 = LINE('',#1785,#1786);
#1785 = CARTESIAN_POINT('',(0.,16.,26.5));
#1786 = VECTOR('',#1787,1.);
#1787 = DIRECTION('',(0.,1.,0.));
#1788 = PCURVE('',#200,#1789);
#1789 = DEFINITIONAL_REPRESENTATION('',(#1790),#1794);
#1790 = LINE('',#1791,#1792);
#1791 = CARTESIAN_POINT('',(-17.6408566794,3.));
#1792 = VECTOR('',#1793,1.);
#1793 = DIRECTION('',(0.,-1.));
#1794 = ( GEOMETRIC_REPRESENTATION_CONTEXT(2) 
PARAMETRIC_REPRESENTATION_CONTEXT() REPRESENTATION_CONTEXT('2D SPACE',''
  ) );
#1795 = PCURVE('',#1796,#1801);
#1796 = PLANE('',#1797);
#1797 = AXIS2_PLACEMENT_3D('',#1798,#1799,#1800);
#1798 = CARTESIAN_POINT('',(0.,16.,26.5));
#1799 = DIRECTION('',(0.,0.,1.));
#1800 = DIRECTION('',(1.,0.,0.));
#1801 = DEFINITIONAL_REPRESENTATION('',(#1802),#1806);
#1802 = LINE('',#1803,#1804);
#1803 = CARTESIAN_POINT('',(0.,0.));
#1804 = VECTOR('',#1805,1.);
#1805 = DIRECTION('',(0.,1.));
#1806 = ( GEOMETRIC_REPRESENTATION_CONTEXT(2) 
PARAMETRIC_REPRESENTATION_CONTEXT() REPRESENTATION_CONTEXT('2D SPACE',''
  ) );
#1807 = ORIENTED_EDGE('',*,*,#1808,.T.);
#1808 = EDGE_CURVE('',#1781,#1620,#1809,.T.);
#1809 = SURFACE_CURVE('',#1810,(#1814,#1821),.PCURVE_S1.);
#1810 = LINE('',#1811,#1812);
#1811 = CARTESIAN_POINT('',(0.,18.,76.5));
#1812 = VECTOR('',#1813,1.);
#1813 = DIRECTION('',(0.,0.,-1.));
#1814 = PCURVE('',#200,#1815);
#1815 = DEFINITIONAL_REPRESENTATION('',(#1816),#1820);
#1816 = LINE('',#1817,#1818);
#1817 = CARTESIAN_POINT('',(32.359143320597,1.));
#1818 = VECTOR('',#1819,1.);
#1819 = DIRECTION('',(-1.,0.));
#1820 = ( GEOMETRIC_REPRESENTATION_CONTEXT(2) 
PARAMETRIC_REPRESENTATION_CONTEXT() REPRESENTATION_CONTEXT('2D SPACE',''
  ) );
#1821 = PCURVE('',#1822,#1827);
#1822 = PLANE('',#1823);
#1823 = AXIS2_PLACEMENT_3D('',#1824,#1825,#1826);
#1824 = CARTESIAN_POINT('',(0.,18.,76.5));
#1825 = DIRECTION('',(0.,1.,0.));
#1826 = DIRECTION('',(0.,0.,-1.));
#1827 = DEFINITIONAL_REPRESENTATION('',(#1828),#1832);
#1828 = LINE('',#1829,#1830);
#1829 = CARTESIAN_POINT('',(0.,0.));
#1830 = VECTOR('',#1831,1.);
#1831 = DIRECTION('',(1.,0.));
#1832 = ( GEOMETRIC_REPRESENTATION_CONTEXT(2) 
PARAMETRIC_REPRESENTATION_CONTEXT() REPRESENTATION_CONTEXT('2D SPACE',''
  ) );
#1833 = ADVANCED_FACE('',(#1834,#2283,#2393,#2503,#2613),#1822,.F.);
#1834 = FACE_BOUND('',#1835,.F.);
#1835 = EDGE_LOOP('',(#1836,#1837,#1859,#1886,#1913,#1940,#1967,#1994,
    #2021,#2048,#2075,#2102,#2129,#2156,#2183,#2206,#2229,#2262));
#1836 = ORIENTED_EDGE('',*,*,#1808,.F.);
#1837 = ORIENTED_EDGE('',*,*,#1838,.T.);
#1838 = EDGE_CURVE('',#1781,#1839,#1841,.T.);
#1839 = VERTEX_POINT('',#1840);
#1840 = CARTESIAN_POINT('',(1.,18.,26.5));
#1841 = SURFACE_CURVE('',#1842,(#1846,#1853),.PCURVE_S1.);
#1842 = LINE('',#1843,#1844);
#1843 = CARTESIAN_POINT('',(0.,18.,26.5));
#1844 = VECTOR('',#1845,1.);
#1845 = DIRECTION('',(1.,0.,0.));
#1846 = PCURVE('',#1822,#1847);
#1847 = DEFINITIONAL_REPRESENTATION('',(#1848),#1852);
#1848 = LINE('',#1849,#1850);
#1849 = CARTESIAN_POINT('',(50.,0.));
#1850 = VECTOR('',#1851,1.);
#1851 = DIRECTION('',(0.,-1.));
#1852 = ( GEOMETRIC_REPRESENTATION_CONTEXT(2) 
PARAMETRIC_REPRESENTATION_CONTEXT() REPRESENTATION_CONTEXT('2D SPACE',''
  ) );
#1853 = PCURVE('',#1796,#1854);
#1854 = DEFINITIONAL_REPRESENTATION('',(#1855),#1858);
#1855 = B_SPLINE_CURVE_WITH_KNOTS('',1,(#1856,#1857),.UNSPECIFIED.,.F.,
  .F.,(2,2),(0.,1.),.PIECEWISE_BEZIER_KNOTS.);
#1856 = CARTESIAN_POINT('',(0.,2.));
#1857 = CARTESIAN_POINT('',(1.,2.));
#1858 = ( GEOMETRIC_REPRESENTATION_CONTEXT(2) 
PARAMETRIC_REPRESENTATION_CONTEXT() REPRESENTATION_CONTEXT('2D SPACE',''
  ) );
#1859 = ORIENTED_EDGE('',*,*,#1860,.F.);
#1860 = EDGE_CURVE('',#1861,#1839,#1863,.T.);
#1861 = VERTEX_POINT('',#1862);
#1862 = CARTESIAN_POINT('',(1.,18.,75.5));
#1863 = SURFACE_CURVE('',#1864,(#1868,#1875),.PCURVE_S1.);
#1864 = LINE('',#1865,#1866);
#1865 = CARTESIAN_POINT('',(1.,18.,51.5));
#1866 = VECTOR('',#1867,1.);
#1867 = DIRECTION('',(0.,0.,-1.));
#1868 = PCURVE('',#1822,#1869);
#1869 = DEFINITIONAL_REPRESENTATION('',(#1870),#1874);
#1870 = LINE('',#1871,#1872);
#1871 = CARTESIAN_POINT('',(25.,-1.));
#1872 = VECTOR('',#1873,1.);
#1873 = DIRECTION('',(1.,0.));
#1874 = ( GEOMETRIC_REPRESENTATION_CONTEXT(2) 
PARAMETRIC_REPRESENTATION_CONTEXT() REPRESENTATION_CONTEXT('2D SPACE',''
  ) );
#1875 = PCURVE('',#1876,#1881);
#1876 = PLANE('',#1877);
#1877 = AXIS2_PLACEMENT_3D('',#1878,#1879,#1880);
#1878 = CARTESIAN_POINT('',(1.,16.,26.5));
#1879 = DIRECTION('',(1.,0.,0.));
#1880 = DIRECTION('',(0.,0.,1.));
#1881 = DEFINITIONAL_REPRESENTATION('',(#1882),#1885);
#1882 = B_SPLINE_CURVE_WITH_KNOTS('',1,(#1883,#1884),.UNSPECIFIED.,.F.,
  .F.,(2,2),(-24.,25.),.PIECEWISE_BEZIER_KNOTS.);
#1883 = CARTESIAN_POINT('',(49.,-2.));
#1884 = CARTESIAN_POINT('',(0.,-2.));
#1885 = ( GEOMETRIC_REPRESENTATION_CONTEXT(2) 
PARAMETRIC_REPRESENTATION_CONTEXT() REPRESENTATION_CONTEXT('2D SPACE',''
  ) );
#1886 = ORIENTED_EDGE('',*,*,#1887,.T.);
#1887 = EDGE_CURVE('',#1861,#1888,#1890,.T.);
#1888 = VERTEX_POINT('',#1889);
#1889 = CARTESIAN_POINT('',(12.5,18.,75.5));
#1890 = SURFACE_CURVE('',#1891,(#1895,#1902),.PCURVE_S1.);
#1891 = LINE('',#1892,#1893);
#1892 = CARTESIAN_POINT('',(0.,18.,75.5));
#1893 = VECTOR('',#1894,1.);
#1894 = DIRECTION('',(1.,0.,0.));
#1895 = PCURVE('',#1822,#1896);
#1896 = DEFINITIONAL_REPRESENTATION('',(#1897),#1901);
#1897 = LINE('',#1898,#1899);
#1898 = CARTESIAN_POINT('',(1.,0.));
#1899 = VECTOR('',#1900,1.);
#1900 = DIRECTION('',(0.,-1.));
#1901 = ( GEOMETRIC_REPRESENTATION_CONTEXT(2) 
PARAMETRIC_REPRESENTATION_CONTEXT() REPRESENTATION_CONTEXT('2D SPACE',''
  ) );
#1902 = PCURVE('',#1903,#1908);
#1903 = PLANE('',#1904);
#1904 = AXIS2_PLACEMENT_3D('',#1905,#1906,#1907);
#1905 = CARTESIAN_POINT('',(0.,16.,75.5));
#1906 = DIRECTION('',(0.,0.,1.));
#1907 = DIRECTION('',(1.,0.,0.));
#1908 = DEFINITIONAL_REPRESENTATION('',(#1909),#1912);
#1909 = B_SPLINE_CURVE_WITH_KNOTS('',1,(#1910,#1911),.UNSPECIFIED.,.F.,
  .F.,(2,2),(1.,12.5),.PIECEWISE_BEZIER_KNOTS.);
#1910 = CARTESIAN_POINT('',(1.,2.));
#1911 = CARTESIAN_POINT('',(12.5,2.));
#1912 = ( GEOMETRIC_REPRESENTATION_CONTEXT(2) 
PARAMETRIC_REPRESENTATION_CONTEXT() REPRESENTATION_CONTEXT('2D SPACE',''
  ) );
#1913 = ORIENTED_EDGE('',*,*,#1914,.T.);
#1914 = EDGE_CURVE('',#1888,#1915,#1917,.T.);
#1915 = VERTEX_POINT('',#1916);
#1916 = CARTESIAN_POINT('',(12.5,18.,73.));
#1917 = SURFACE_CURVE('',#1918,(#1922,#1929),.PCURVE_S1.);
#1918 = LINE('',#1919,#1920);
#1919 = CARTESIAN_POINT('',(12.5,18.,74.75));
#1920 = VECTOR('',#1921,1.);
#1921 = DIRECTION('',(0.,0.,-1.));
#1922 = PCURVE('',#1822,#1923);
#1923 = DEFINITIONAL_REPRESENTATION('',(#1924),#1928);
#1924 = LINE('',#1925,#1926);
#1925 = CARTESIAN_POINT('',(1.75,-12.5));
#1926 = VECTOR('',#1927,1.);
#1927 = DIRECTION('',(1.,0.));
#1928 = ( GEOMETRIC_REPRESENTATION_CONTEXT(2) 
PARAMETRIC_REPRESENTATION_CONTEXT() REPRESENTATION_CONTEXT('2D SPACE',''
  ) );
#1929 = PCURVE('',#1930,#1935);
#1930 = PLANE('',#1931);
#1931 = AXIS2_PLACEMENT_3D('',#1932,#1933,#1934);
#1932 = CARTESIAN_POINT('',(12.5,16.,73.));
#1933 = DIRECTION('',(1.,0.,0.));
#1934 = DIRECTION('',(0.,0.,1.));
#1935 = DEFINITIONAL_REPRESENTATION('',(#1936),#1939);
#1936 = B_SPLINE_CURVE_WITH_KNOTS('',1,(#1937,#1938),.UNSPECIFIED.,.F.,
  .F.,(2,2),(-0.75,6.25),.PIECEWISE_BEZIER_KNOTS.);
#1937 = CARTESIAN_POINT('',(2.5,-2.));
#1938 = CARTESIAN_POINT('',(-4.5,-2.));
#1939 = ( GEOMETRIC_REPRESENTATION_CONTEXT(2) 
PARAMETRIC_REPRESENTATION_CONTEXT() REPRESENTATION_CONTEXT('2D SPACE',''
  ) );
#1940 = ORIENTED_EDGE('',*,*,#1941,.T.);
#1941 = EDGE_CURVE('',#1915,#1942,#1944,.T.);
#1942 = VERTEX_POINT('',#1943);
#1943 = CARTESIAN_POINT('',(13.5,18.,73.));
#1944 = SURFACE_CURVE('',#1945,(#1949,#1956),.PCURVE_S1.);
#1945 = LINE('',#1946,#1947);
#1946 = CARTESIAN_POINT('',(6.25,18.,73.));
#1947 = VECTOR('',#1948,1.);
#1948 = DIRECTION('',(1.,0.,0.));
#1949 = PCURVE('',#1822,#1950);
#1950 = DEFINITIONAL_REPRESENTATION('',(#1951),#1955);
#1951 = LINE('',#1952,#1953);
#1952 = CARTESIAN_POINT('',(3.5,-6.25));
#1953 = VECTOR('',#1954,1.);
#1954 = DIRECTION('',(0.,-1.));
#1955 = ( GEOMETRIC_REPRESENTATION_CONTEXT(2) 
PARAMETRIC_REPRESENTATION_CONTEXT() REPRESENTATION_CONTEXT('2D SPACE',''
  ) );
#1956 = PCURVE('',#1957,#1962);
#1957 = PLANE('',#1958);
#1958 = AXIS2_PLACEMENT_3D('',#1959,#1960,#1961);
#1959 = CARTESIAN_POINT('',(12.5,16.,73.));
#1960 = DIRECTION('',(0.,0.,1.));
#1961 = DIRECTION('',(1.,0.,0.));
#1962 = DEFINITIONAL_REPRESENTATION('',(#1963),#1966);
#1963 = B_SPLINE_CURVE_WITH_KNOTS('',1,(#1964,#1965),.UNSPECIFIED.,.F.,
  .F.,(2,2),(6.25,7.25),.PIECEWISE_BEZIER_KNOTS.);
#1964 = CARTESIAN_POINT('',(0.,2.));
#1965 = CARTESIAN_POINT('',(1.,2.));
#1966 = ( GEOMETRIC_REPRESENTATION_CONTEXT(2) 
PARAMETRIC_REPRESENTATION_CONTEXT() REPRESENTATION_CONTEXT('2D SPACE',''
  ) );
#1967 = ORIENTED_EDGE('',*,*,#1968,.F.);
#1968 = EDGE_CURVE('',#1969,#1942,#1971,.T.);
#1969 = VERTEX_POINT('',#1970);
#1970 = CARTESIAN_POINT('',(13.5,18.,75.5));
#1971 = SURFACE_CURVE('',#1972,(#1976,#1983),.PCURVE_S1.);
#1972 = LINE('',#1973,#1974);
#1973 = CARTESIAN_POINT('',(13.5,18.,74.75));
#1974 = VECTOR('',#1975,1.);
#1975 = DIRECTION('',(0.,0.,-1.));
#1976 = PCURVE('',#1822,#1977);
#1977 = DEFINITIONAL_REPRESENTATION('',(#1978),#1982);
#1978 = LINE('',#1979,#1980);
#1979 = CARTESIAN_POINT('',(1.75,-13.5));
#1980 = VECTOR('',#1981,1.);
#1981 = DIRECTION('',(1.,0.));
#1982 = ( GEOMETRIC_REPRESENTATION_CONTEXT(2) 
PARAMETRIC_REPRESENTATION_CONTEXT() REPRESENTATION_CONTEXT('2D SPACE',''
  ) );
#1983 = PCURVE('',#1984,#1989);
#1984 = PLANE('',#1985);
#1985 = AXIS2_PLACEMENT_3D('',#1986,#1987,#1988);
#1986 = CARTESIAN_POINT('',(13.5,16.,73.));
#1987 = DIRECTION('',(1.,0.,0.));
#1988 = DIRECTION('',(0.,0.,1.));
#1989 = DEFINITIONAL_REPRESENTATION('',(#1990),#1993);
#1990 = B_SPLINE_CURVE_WITH_KNOTS('',1,(#1991,#1992),.UNSPECIFIED.,.F.,
  .F.,(2,2),(-0.75,1.75),.PIECEWISE_BEZIER_KNOTS.);
#1991 = CARTESIAN_POINT('',(2.5,-2.));
#1992 = CARTESIAN_POINT('',(0.,-2.));
#1993 = ( GEOMETRIC_REPRESENTATION_CONTEXT(2) 
PARAMETRIC_REPRESENTATION_CONTEXT() REPRESENTATION_CONTEXT('2D SPACE',''
  ) );
#1994 = ORIENTED_EDGE('',*,*,#1995,.T.);
#1995 = EDGE_CURVE('',#1969,#1996,#1998,.T.);
#1996 = VERTEX_POINT('',#1997);
#1997 = CARTESIAN_POINT('',(17.5,18.,75.5));
#1998 = SURFACE_CURVE('',#1999,(#2003,#2010),.PCURVE_S1.);
#1999 = LINE('',#2000,#2001);
#2000 = CARTESIAN_POINT('',(0.,18.,75.5));
#2001 = VECTOR('',#2002,1.);
#2002 = DIRECTION('',(1.,0.,0.));
#2003 = PCURVE('',#1822,#2004);
#2004 = DEFINITIONAL_REPRESENTATION('',(#2005),#2009);
#2005 = LINE('',#2006,#2007);
#2006 = CARTESIAN_POINT('',(1.,0.));
#2007 = VECTOR('',#2008,1.);
#2008 = DIRECTION('',(0.,-1.));
#2009 = ( GEOMETRIC_REPRESENTATION_CONTEXT(2) 
PARAMETRIC_REPRESENTATION_CONTEXT() REPRESENTATION_CONTEXT('2D SPACE',''
  ) );
#2010 = PCURVE('',#2011,#2016);
#2011 = PLANE('',#2012);
#2012 = AXIS2_PLACEMENT_3D('',#2013,#2014,#2015);
#2013 = CARTESIAN_POINT('',(0.,16.,75.5));
#2014 = DIRECTION('',(0.,0.,1.));
#2015 = DIRECTION('',(1.,0.,0.));
#2016 = DEFINITIONAL_REPRESENTATION('',(#2017),#2020);
#2017 = B_SPLINE_CURVE_WITH_KNOTS('',1,(#2018,#2019),.UNSPECIFIED.,.F.,
  .F.,(2,2),(13.5,17.5),.PIECEWISE_BEZIER_KNOTS.);
#2018 = CARTESIAN_POINT('',(13.5,2.));
#2019 = CARTESIAN_POINT('',(17.5,2.));
#2020 = ( GEOMETRIC_REPRESENTATION_CONTEXT(2) 
PARAMETRIC_REPRESENTATION_CONTEXT() REPRESENTATION_CONTEXT('2D SPACE',''
  ) );
#2021 = ORIENTED_EDGE('',*,*,#2022,.T.);
#2022 = EDGE_CURVE('',#1996,#2023,#2025,.T.);
#2023 = VERTEX_POINT('',#2024);
#2024 = CARTESIAN_POINT('',(17.5,18.,73.));
#2025 = SURFACE_CURVE('',#2026,(#2030,#2037),.PCURVE_S1.);
#2026 = LINE('',#2027,#2028);
#2027 = CARTESIAN_POINT('',(17.5,18.,74.75));
#2028 = VECTOR('',#2029,1.);
#2029 = DIRECTION('',(0.,0.,-1.));
#2030 = PCURVE('',#1822,#2031);
#2031 = DEFINITIONAL_REPRESENTATION('',(#2032),#2036);
#2032 = LINE('',#2033,#2034);
#2033 = CARTESIAN_POINT('',(1.75,-17.5));
#2034 = VECTOR('',#2035,1.);
#2035 = DIRECTION('',(1.,0.));
#2036 = ( GEOMETRIC_REPRESENTATION_CONTEXT(2) 
PARAMETRIC_REPRESENTATION_CONTEXT() REPRESENTATION_CONTEXT('2D SPACE',''
  ) );
#2037 = PCURVE('',#2038,#2043);
#2038 = PLANE('',#2039);
#2039 = AXIS2_PLACEMENT_3D('',#2040,#2041,#2042);
#2040 = CARTESIAN_POINT('',(17.5,16.,73.));
#2041 = DIRECTION('',(1.,0.,0.));
#2042 = DIRECTION('',(0.,0.,1.));
#2043 = DEFINITIONAL_REPRESENTATION('',(#2044),#2047);
#2044 = B_SPLINE_CURVE_WITH_KNOTS('',1,(#2045,#2046),.UNSPECIFIED.,.F.,
  .F.,(2,2),(-0.75,1.75),.PIECEWISE_BEZIER_KNOTS.);
#2045 = CARTESIAN_POINT('',(2.5,-2.));
#2046 = CARTESIAN_POINT('',(0.,-2.));
#2047 = ( GEOMETRIC_REPRESENTATION_CONTEXT(2) 
PARAMETRIC_REPRESENTATION_CONTEXT() REPRESENTATION_CONTEXT('2D SPACE',''
  ) );
#2048 = ORIENTED_EDGE('',*,*,#2049,.T.);
#2049 = EDGE_CURVE('',#2023,#2050,#2052,.T.);
#2050 = VERTEX_POINT('',#2051);
#2051 = CARTESIAN_POINT('',(18.5,18.,73.));
#2052 = SURFACE_CURVE('',#2053,(#2057,#2064),.PCURVE_S1.);
#2053 = LINE('',#2054,#2055);
#2054 = CARTESIAN_POINT('',(8.75,18.,73.));
#2055 = VECTOR('',#2056,1.);
#2056 = DIRECTION('',(1.,0.,0.));
#2057 = PCURVE('',#1822,#2058);
#2058 = DEFINITIONAL_REPRESENTATION('',(#2059),#2063);
#2059 = LINE('',#2060,#2061);
#2060 = CARTESIAN_POINT('',(3.5,-8.75));
#2061 = VECTOR('',#2062,1.);
#2062 = DIRECTION('',(0.,-1.));
#2063 = ( GEOMETRIC_REPRESENTATION_CONTEXT(2) 
PARAMETRIC_REPRESENTATION_CONTEXT() REPRESENTATION_CONTEXT('2D SPACE',''
  ) );
#2064 = PCURVE('',#2065,#2070);
#2065 = PLANE('',#2066);
#2066 = AXIS2_PLACEMENT_3D('',#2067,#2068,#2069);
#2067 = CARTESIAN_POINT('',(17.5,16.,73.));
#2068 = DIRECTION('',(0.,0.,1.));
#2069 = DIRECTION('',(1.,0.,0.));
#2070 = DEFINITIONAL_REPRESENTATION('',(#2071),#2074);
#2071 = B_SPLINE_CURVE_WITH_KNOTS('',1,(#2072,#2073),.UNSPECIFIED.,.F.,
  .F.,(2,2),(8.75,9.75),.PIECEWISE_BEZIER_KNOTS.);
#2072 = CARTESIAN_POINT('',(0.,2.));
#2073 = CARTESIAN_POINT('',(1.,2.));
#2074 = ( GEOMETRIC_REPRESENTATION_CONTEXT(2) 
PARAMETRIC_REPRESENTATION_CONTEXT() REPRESENTATION_CONTEXT('2D SPACE',''
  ) );
#2075 = ORIENTED_EDGE('',*,*,#2076,.F.);
#2076 = EDGE_CURVE('',#2077,#2050,#2079,.T.);
#2077 = VERTEX_POINT('',#2078);
#2078 = CARTESIAN_POINT('',(18.5,18.,75.5));
#2079 = SURFACE_CURVE('',#2080,(#2084,#2091),.PCURVE_S1.);
#2080 = LINE('',#2081,#2082);
#2081 = CARTESIAN_POINT('',(18.5,18.,72.5));
#2082 = VECTOR('',#2083,1.);
#2083 = DIRECTION('',(0.,0.,-1.));
#2084 = PCURVE('',#1822,#2085);
#2085 = DEFINITIONAL_REPRESENTATION('',(#2086),#2090);
#2086 = LINE('',#2087,#2088);
#2087 = CARTESIAN_POINT('',(4.,-18.5));
#2088 = VECTOR('',#2089,1.);
#2089 = DIRECTION('',(1.,0.));
#2090 = ( GEOMETRIC_REPRESENTATION_CONTEXT(2) 
PARAMETRIC_REPRESENTATION_CONTEXT() REPRESENTATION_CONTEXT('2D SPACE',''
  ) );
#2091 = PCURVE('',#2092,#2097);
#2092 = PLANE('',#2093);
#2093 = AXIS2_PLACEMENT_3D('',#2094,#2095,#2096);
#2094 = CARTESIAN_POINT('',(18.5,16.,68.5));
#2095 = DIRECTION('',(1.,0.,0.));
#2096 = DIRECTION('',(0.,0.,1.));
#2097 = DEFINITIONAL_REPRESENTATION('',(#2098),#2101);
#2098 = B_SPLINE_CURVE_WITH_KNOTS('',1,(#2099,#2100),.UNSPECIFIED.,.F.,
  .F.,(2,2),(-3.,4.),.PIECEWISE_BEZIER_KNOTS.);
#2099 = CARTESIAN_POINT('',(7.,-2.));
#2100 = CARTESIAN_POINT('',(0.,-2.));
#2101 = ( GEOMETRIC_REPRESENTATION_CONTEXT(2) 
PARAMETRIC_REPRESENTATION_CONTEXT() REPRESENTATION_CONTEXT('2D SPACE',''
  ) );
#2102 = ORIENTED_EDGE('',*,*,#2103,.T.);
#2103 = EDGE_CURVE('',#2077,#2104,#2106,.T.);
#2104 = VERTEX_POINT('',#2105);
#2105 = CARTESIAN_POINT('',(30.,18.,75.5));
#2106 = SURFACE_CURVE('',#2107,(#2111,#2118),.PCURVE_S1.);
#2107 = LINE('',#2108,#2109);
#2108 = CARTESIAN_POINT('',(0.,18.,75.5));
#2109 = VECTOR('',#2110,1.);
#2110 = DIRECTION('',(1.,0.,0.));
#2111 = PCURVE('',#1822,#2112);
#2112 = DEFINITIONAL_REPRESENTATION('',(#2113),#2117);
#2113 = LINE('',#2114,#2115);
#2114 = CARTESIAN_POINT('',(1.,0.));
#2115 = VECTOR('',#2116,1.);
#2116 = DIRECTION('',(0.,-1.));
#2117 = ( GEOMETRIC_REPRESENTATION_CONTEXT(2) 
PARAMETRIC_REPRESENTATION_CONTEXT() REPRESENTATION_CONTEXT('2D SPACE',''
  ) );
#2118 = PCURVE('',#2119,#2124);
#2119 = PLANE('',#2120);
#2120 = AXIS2_PLACEMENT_3D('',#2121,#2122,#2123);
#2121 = CARTESIAN_POINT('',(0.,16.,75.5));
#2122 = DIRECTION('',(0.,0.,1.));
#2123 = DIRECTION('',(1.,0.,0.));
#2124 = DEFINITIONAL_REPRESENTATION('',(#2125),#2128);
#2125 = B_SPLINE_CURVE_WITH_KNOTS('',1,(#2126,#2127),.UNSPECIFIED.,.F.,
  .F.,(2,2),(18.5,30.),.PIECEWISE_BEZIER_KNOTS.);
#2126 = CARTESIAN_POINT('',(18.5,2.));
#2127 = CARTESIAN_POINT('',(30.,2.));
#2128 = ( GEOMETRIC_REPRESENTATION_CONTEXT(2) 
PARAMETRIC_REPRESENTATION_CONTEXT() REPRESENTATION_CONTEXT('2D SPACE',''
  ) );
#2129 = ORIENTED_EDGE('',*,*,#2130,.T.);
#2130 = EDGE_CURVE('',#2104,#2131,#2133,.T.);
#2131 = VERTEX_POINT('',#2132);
#2132 = CARTESIAN_POINT('',(30.,18.,26.5));
#2133 = SURFACE_CURVE('',#2134,(#2138,#2145),.PCURVE_S1.);
#2134 = LINE('',#2135,#2136);
#2135 = CARTESIAN_POINT('',(30.,18.,51.5));
#2136 = VECTOR('',#2137,1.);
#2137 = DIRECTION('',(0.,0.,-1.));
#2138 = PCURVE('',#1822,#2139);
#2139 = DEFINITIONAL_REPRESENTATION('',(#2140),#2144);
#2140 = LINE('',#2141,#2142);
#2141 = CARTESIAN_POINT('',(25.,-30.));
#2142 = VECTOR('',#2143,1.);
#2143 = DIRECTION('',(1.,0.));
#2144 = ( GEOMETRIC_REPRESENTATION_CONTEXT(2) 
PARAMETRIC_REPRESENTATION_CONTEXT() REPRESENTATION_CONTEXT('2D SPACE',''
  ) );
#2145 = PCURVE('',#2146,#2151);
#2146 = PLANE('',#2147);
#2147 = AXIS2_PLACEMENT_3D('',#2148,#2149,#2150);
#2148 = CARTESIAN_POINT('',(30.,16.,26.5));
#2149 = DIRECTION('',(1.,0.,0.));
#2150 = DIRECTION('',(0.,0.,1.));
#2151 = DEFINITIONAL_REPRESENTATION('',(#2152),#2155);
#2152 = B_SPLINE_CURVE_WITH_KNOTS('',1,(#2153,#2154),.UNSPECIFIED.,.F.,
  .F.,(2,2),(-24.,25.),.PIECEWISE_BEZIER_KNOTS.);
#2153 = CARTESIAN_POINT('',(49.,-2.));
#2154 = CARTESIAN_POINT('',(0.,-2.));
#2155 = ( GEOMETRIC_REPRESENTATION_CONTEXT(2) 
PARAMETRIC_REPRESENTATION_CONTEXT() REPRESENTATION_CONTEXT('2D SPACE',''
  ) );
#2156 = ORIENTED_EDGE('',*,*,#2157,.T.);
#2157 = EDGE_CURVE('',#2131,#2158,#2160,.T.);
#2158 = VERTEX_POINT('',#2159);
#2159 = CARTESIAN_POINT('',(31.,18.,26.5));
#2160 = SURFACE_CURVE('',#2161,(#2165,#2172),.PCURVE_S1.);
#2161 = LINE('',#2162,#2163);
#2162 = CARTESIAN_POINT('',(15.,18.,26.5));
#2163 = VECTOR('',#2164,1.);
#2164 = DIRECTION('',(1.,0.,0.));
#2165 = PCURVE('',#1822,#2166);
#2166 = DEFINITIONAL_REPRESENTATION('',(#2167),#2171);
#2167 = LINE('',#2168,#2169);
#2168 = CARTESIAN_POINT('',(50.,-15.));
#2169 = VECTOR('',#2170,1.);
#2170 = DIRECTION('',(0.,-1.));
#2171 = ( GEOMETRIC_REPRESENTATION_CONTEXT(2) 
PARAMETRIC_REPRESENTATION_CONTEXT() REPRESENTATION_CONTEXT('2D SPACE',''
  ) );
#2172 = PCURVE('',#2173,#2178);
#2173 = PLANE('',#2174);
#2174 = AXIS2_PLACEMENT_3D('',#2175,#2176,#2177);
#2175 = CARTESIAN_POINT('',(30.,16.,26.5));
#2176 = DIRECTION('',(0.,0.,1.));
#2177 = DIRECTION('',(1.,0.,0.));
#2178 = DEFINITIONAL_REPRESENTATION('',(#2179),#2182);
#2179 = B_SPLINE_CURVE_WITH_KNOTS('',1,(#2180,#2181),.UNSPECIFIED.,.F.,
  .F.,(2,2),(15.,16.),.PIECEWISE_BEZIER_KNOTS.);
#2180 = CARTESIAN_POINT('',(0.,2.));
#2181 = CARTESIAN_POINT('',(1.,2.));
#2182 = ( GEOMETRIC_REPRESENTATION_CONTEXT(2) 
PARAMETRIC_REPRESENTATION_CONTEXT() REPRESENTATION_CONTEXT('2D SPACE',''
  ) );
#2183 = ORIENTED_EDGE('',*,*,#2184,.F.);
#2184 = EDGE_CURVE('',#2185,#2158,#2187,.T.);
#2185 = VERTEX_POINT('',#2186);
#2186 = CARTESIAN_POINT('',(31.,18.,11.5));
#2187 = SURFACE_CURVE('',#2188,(#2192,#2199),.PCURVE_S1.);
#2188 = LINE('',#2189,#2190);
#2189 = CARTESIAN_POINT('',(31.,18.,11.5));
#2190 = VECTOR('',#2191,1.);
#2191 = DIRECTION('',(0.,0.,1.));
#2192 = PCURVE('',#1822,#2193);
#2193 = DEFINITIONAL_REPRESENTATION('',(#2194),#2198);
#2194 = LINE('',#2195,#2196);
#2195 = CARTESIAN_POINT('',(65.,-31.));
#2196 = VECTOR('',#2197,1.);
#2197 = DIRECTION('',(-1.,0.));
#2198 = ( GEOMETRIC_REPRESENTATION_CONTEXT(2) 
PARAMETRIC_REPRESENTATION_CONTEXT() REPRESENTATION_CONTEXT('2D SPACE',''
  ) );
#2199 = PCURVE('',#146,#2200);
#2200 = DEFINITIONAL_REPRESENTATION('',(#2201),#2205);
#2201 = LINE('',#2202,#2203);
#2202 = CARTESIAN_POINT('',(-32.6408566794,1.));
#2203 = VECTOR('',#2204,1.);
#2204 = DIRECTION('',(1.,0.));
#2205 = ( GEOMETRIC_REPRESENTATION_CONTEXT(2) 
PARAMETRIC_REPRESENTATION_CONTEXT() REPRESENTATION_CONTEXT('2D SPACE',''
  ) );
#2206 = ORIENTED_EDGE('',*,*,#2207,.F.);
#2207 = EDGE_CURVE('',#2208,#2185,#2210,.T.);
#2208 = VERTEX_POINT('',#2209);
#2209 = CARTESIAN_POINT('',(23.742099788303,18.,11.5));
#2210 = SURFACE_CURVE('',#2211,(#2215,#2222),.PCURVE_S1.);
#2211 = LINE('',#2212,#2213);
#2212 = CARTESIAN_POINT('',(0.,18.,11.5));
#2213 = VECTOR('',#2214,1.);
#2214 = DIRECTION('',(1.,0.,0.));
#2215 = PCURVE('',#1822,#2216);
#2216 = DEFINITIONAL_REPRESENTATION('',(#2217),#2221);
#2217 = LINE('',#2218,#2219);
#2218 = CARTESIAN_POINT('',(65.,0.));
#2219 = VECTOR('',#2220,1.);
#2220 = DIRECTION('',(0.,-1.));
#2221 = ( GEOMETRIC_REPRESENTATION_CONTEXT(2) 
PARAMETRIC_REPRESENTATION_CONTEXT() REPRESENTATION_CONTEXT('2D SPACE',''
  ) );
#2222 = PCURVE('',#62,#2223);
#2223 = DEFINITIONAL_REPRESENTATION('',(#2224),#2228);
#2224 = LINE('',#2225,#2226);
#2225 = CARTESIAN_POINT('',(0.,0.));
#2226 = VECTOR('',#2227,1.);
#2227 = DIRECTION('',(0.,-1.));
#2228 = ( GEOMETRIC_REPRESENTATION_CONTEXT(2) 
PARAMETRIC_REPRESENTATION_CONTEXT() REPRESENTATION_CONTEXT('2D SPACE',''
  ) );
#2229 = ORIENTED_EDGE('',*,*,#2230,.F.);
#2230 = EDGE_CURVE('',#2231,#2208,#2233,.T.);
#2231 = VERTEX_POINT('',#2232);
#2232 = CARTESIAN_POINT('',(7.257900211697,18.,11.5));
#2233 = SURFACE_CURVE('',#2234,(#2239,#2246),.PCURVE_S1.);
#2234 = CIRCLE('',#2235,8.242099788303);
#2235 = AXIS2_PLACEMENT_3D('',#2236,#2237,#2238);
#2236 = CARTESIAN_POINT('',(15.5,18.,11.5));
#2237 = DIRECTION('',(0.,1.,0.));
#2238 = DIRECTION('',(-1.,0.,-2.155223650557E-16));
#2239 = PCURVE('',#1822,#2240);
#2240 = DEFINITIONAL_REPRESENTATION('',(#2241),#2245);
#2241 = CIRCLE('',#2242,8.242099788303);
#2242 = AXIS2_PLACEMENT_2D('',#2243,#2244);
#2243 = CARTESIAN_POINT('',(65.,-15.5));
#2244 = DIRECTION('',(2.155223650557E-16,1.));
#2245 = ( GEOMETRIC_REPRESENTATION_CONTEXT(2) 
PARAMETRIC_REPRESENTATION_CONTEXT() REPRESENTATION_CONTEXT('2D SPACE',''
  ) );
#2246 = PCURVE('',#2247,#2256);
#2247 = SURFACE_OF_REVOLUTION('',#2248,#2253);
#2248 = CIRCLE('',#2249,9.1);
#2249 = AXIS2_PLACEMENT_3D('',#2250,#2251,#2252);
#2250 = CARTESIAN_POINT('',(18.05,25.1,11.5));
#2251 = DIRECTION('',(0.,0.,1.));
#2252 = DIRECTION('',(1.171224289714E-15,-1.,0.));
#2253 = AXIS1_PLACEMENT('',#2254,#2255);
#2254 = CARTESIAN_POINT('',(15.5,0.,11.5));
#2255 = DIRECTION('',(0.,1.,0.));
#2256 = DEFINITIONAL_REPRESENTATION('',(#2257),#2261);
#2257 = LINE('',#2258,#2259);
#2258 = CARTESIAN_POINT('',(3.14159265359,0.675779222332));
#2259 = VECTOR('',#2260,1.);
#2260 = DIRECTION('',(1.,0.));
#2261 = ( GEOMETRIC_REPRESENTATION_CONTEXT(2) 
PARAMETRIC_REPRESENTATION_CONTEXT() REPRESENTATION_CONTEXT('2D SPACE',''
  ) );
#2262 = ORIENTED_EDGE('',*,*,#2263,.F.);
#2263 = EDGE_CURVE('',#1620,#2231,#2264,.T.);
#2264 = SURFACE_CURVE('',#2265,(#2269,#2276),.PCURVE_S1.);
#2265 = LINE('',#2266,#2267);
#2266 = CARTESIAN_POINT('',(0.,18.,11.5));
#2267 = VECTOR('',#2268,1.);
#2268 = DIRECTION('',(1.,0.,0.));
#2269 = PCURVE('',#1822,#2270);
#2270 = DEFINITIONAL_REPRESENTATION('',(#2271),#2275);
#2271 = LINE('',#2272,#2273);
#2272 = CARTESIAN_POINT('',(65.,0.));
#2273 = VECTOR('',#2274,1.);
#2274 = DIRECTION('',(0.,-1.));
#2275 = ( GEOMETRIC_REPRESENTATION_CONTEXT(2) 
PARAMETRIC_REPRESENTATION_CONTEXT() REPRESENTATION_CONTEXT('2D SPACE',''
  ) );
#2276 = PCURVE('',#62,#2277);
#2277 = DEFINITIONAL_REPRESENTATION('',(#2278),#2282);
#2278 = LINE('',#2279,#2280);
#2279 = CARTESIAN_POINT('',(0.,0.));
#2280 = VECTOR('',#2281,1.);
#2281 = DIRECTION('',(0.,-1.));
#2282 = ( GEOMETRIC_REPRESENTATION_CONTEXT(2) 
PARAMETRIC_REPRESENTATION_CONTEXT() REPRESENTATION_CONTEXT('2D SPACE',''
  ) );
#2283 = FACE_BOUND('',#2284,.F.);
#2284 = EDGE_LOOP('',(#2285,#2314,#2341,#2368));
#2285 = ORIENTED_EDGE('',*,*,#2286,.T.);
#2286 = EDGE_CURVE('',#2287,#2289,#2291,.T.);
#2287 = VERTEX_POINT('',#2288);
#2288 = CARTESIAN_POINT('',(24.5,18.,74.5));
#2289 = VERTEX_POINT('',#2290);
#2290 = CARTESIAN_POINT('',(24.5,18.,69.5));
#2291 = SURFACE_CURVE('',#2292,(#2296,#2303),.PCURVE_S1.);
#2292 = LINE('',#2293,#2294);
#2293 = CARTESIAN_POINT('',(24.5,18.,74.25));
#2294 = VECTOR('',#2295,1.);
#2295 = DIRECTION('',(0.,0.,-1.));
#2296 = PCURVE('',#1822,#2297);
#2297 = DEFINITIONAL_REPRESENTATION('',(#2298),#2302);
#2298 = LINE('',#2299,#2300);
#2299 = CARTESIAN_POINT('',(2.25,-24.5));
#2300 = VECTOR('',#2301,1.);
#2301 = DIRECTION('',(1.,0.));
#2302 = ( GEOMETRIC_REPRESENTATION_CONTEXT(2) 
PARAMETRIC_REPRESENTATION_CONTEXT() REPRESENTATION_CONTEXT('2D SPACE',''
  ) );
#2303 = PCURVE('',#2304,#2309);
#2304 = PLANE('',#2305);
#2305 = AXIS2_PLACEMENT_3D('',#2306,#2307,#2308);
#2306 = CARTESIAN_POINT('',(24.5,19.200105810066,72.));
#2307 = DIRECTION('',(1.,0.,0.));
#2308 = DIRECTION('',(0.,0.,1.));
#2309 = DEFINITIONAL_REPRESENTATION('',(#2310),#2313);
#2310 = B_SPLINE_CURVE_WITH_KNOTS('',1,(#2311,#2312),.UNSPECIFIED.,.F.,
  .F.,(2,2),(-0.25,4.75),.PIECEWISE_BEZIER_KNOTS.);
#2311 = CARTESIAN_POINT('',(2.5,1.200105810066));
#2312 = CARTESIAN_POINT('',(-2.5,1.200105810066));
#2313 = ( GEOMETRIC_REPRESENTATION_CONTEXT(2) 
PARAMETRIC_REPRESENTATION_CONTEXT() REPRESENTATION_CONTEXT('2D SPACE',''
  ) );
#2314 = ORIENTED_EDGE('',*,*,#2315,.T.);
#2315 = EDGE_CURVE('',#2289,#2316,#2318,.T.);
#2316 = VERTEX_POINT('',#2317);
#2317 = CARTESIAN_POINT('',(25.5,18.,69.5));
#2318 = SURFACE_CURVE('',#2319,(#2323,#2330),.PCURVE_S1.);
#2319 = LINE('',#2320,#2321);
#2320 = CARTESIAN_POINT('',(12.25,18.,69.5));
#2321 = VECTOR('',#2322,1.);
#2322 = DIRECTION('',(1.,0.,0.));
#2323 = PCURVE('',#1822,#2324);
#2324 = DEFINITIONAL_REPRESENTATION('',(#2325),#2329);
#2325 = LINE('',#2326,#2327);
#2326 = CARTESIAN_POINT('',(7.,-12.25));
#2327 = VECTOR('',#2328,1.);
#2328 = DIRECTION('',(0.,-1.));
#2329 = ( GEOMETRIC_REPRESENTATION_CONTEXT(2) 
PARAMETRIC_REPRESENTATION_CONTEXT() REPRESENTATION_CONTEXT('2D SPACE',''
  ) );
#2330 = PCURVE('',#2331,#2336);
#2331 = PLANE('',#2332);
#2332 = AXIS2_PLACEMENT_3D('',#2333,#2334,#2335);
#2333 = CARTESIAN_POINT('',(24.5,17.5,69.5));
#2334 = DIRECTION('',(0.,0.,1.));
#2335 = DIRECTION('',(0.,1.,0.));
#2336 = DEFINITIONAL_REPRESENTATION('',(#2337),#2340);
#2337 = B_SPLINE_CURVE_WITH_KNOTS('',1,(#2338,#2339),.UNSPECIFIED.,.F.,
  .F.,(2,2),(12.25,13.25),.PIECEWISE_BEZIER_KNOTS.);
#2338 = CARTESIAN_POINT('',(0.5,0.));
#2339 = CARTESIAN_POINT('',(0.5,-1.));
#2340 = ( GEOMETRIC_REPRESENTATION_CONTEXT(2) 
PARAMETRIC_REPRESENTATION_CONTEXT() REPRESENTATION_CONTEXT('2D SPACE',''
  ) );
#2341 = ORIENTED_EDGE('',*,*,#2342,.F.);
#2342 = EDGE_CURVE('',#2343,#2316,#2345,.T.);
#2343 = VERTEX_POINT('',#2344);
#2344 = CARTESIAN_POINT('',(25.5,18.,74.5));
#2345 = SURFACE_CURVE('',#2346,(#2350,#2357),.PCURVE_S1.);
#2346 = LINE('',#2347,#2348);
#2347 = CARTESIAN_POINT('',(25.5,18.,74.25));
#2348 = VECTOR('',#2349,1.);
#2349 = DIRECTION('',(0.,0.,-1.));
#2350 = PCURVE('',#1822,#2351);
#2351 = DEFINITIONAL_REPRESENTATION('',(#2352),#2356);
#2352 = LINE('',#2353,#2354);
#2353 = CARTESIAN_POINT('',(2.25,-25.5));
#2354 = VECTOR('',#2355,1.);
#2355 = DIRECTION('',(1.,0.));
#2356 = ( GEOMETRIC_REPRESENTATION_CONTEXT(2) 
PARAMETRIC_REPRESENTATION_CONTEXT() REPRESENTATION_CONTEXT('2D SPACE',''
  ) );
#2357 = PCURVE('',#2358,#2363);
#2358 = PLANE('',#2359);
#2359 = AXIS2_PLACEMENT_3D('',#2360,#2361,#2362);
#2360 = CARTESIAN_POINT('',(25.5,19.200105810066,72.));
#2361 = DIRECTION('',(1.,0.,0.));
#2362 = DIRECTION('',(0.,0.,1.));
#2363 = DEFINITIONAL_REPRESENTATION('',(#2364),#2367);
#2364 = B_SPLINE_CURVE_WITH_KNOTS('',1,(#2365,#2366),.UNSPECIFIED.,.F.,
  .F.,(2,2),(-0.25,4.75),.PIECEWISE_BEZIER_KNOTS.);
#2365 = CARTESIAN_POINT('',(2.5,1.200105810066));
#2366 = CARTESIAN_POINT('',(-2.5,1.200105810066));
#2367 = ( GEOMETRIC_REPRESENTATION_CONTEXT(2) 
PARAMETRIC_REPRESENTATION_CONTEXT() REPRESENTATION_CONTEXT('2D SPACE',''
  ) );
#2368 = ORIENTED_EDGE('',*,*,#2369,.T.);
#2369 = EDGE_CURVE('',#2343,#2287,#2370,.T.);
#2370 = SURFACE_CURVE('',#2371,(#2375,#2382),.PCURVE_S1.);
#2371 = LINE('',#2372,#2373);
#2372 = CARTESIAN_POINT('',(12.25,18.,74.5));
#2373 = VECTOR('',#2374,1.);
#2374 = DIRECTION('',(-1.,0.,0.));
#2375 = PCURVE('',#1822,#2376);
#2376 = DEFINITIONAL_REPRESENTATION('',(#2377),#2381);
#2377 = LINE('',#2378,#2379);
#2378 = CARTESIAN_POINT('',(2.,-12.25));
#2379 = VECTOR('',#2380,1.);
#2380 = DIRECTION('',(0.,1.));
#2381 = ( GEOMETRIC_REPRESENTATION_CONTEXT(2) 
PARAMETRIC_REPRESENTATION_CONTEXT() REPRESENTATION_CONTEXT('2D SPACE',''
  ) );
#2382 = PCURVE('',#2383,#2388);
#2383 = PLANE('',#2384);
#2384 = AXIS2_PLACEMENT_3D('',#2385,#2386,#2387);
#2385 = CARTESIAN_POINT('',(24.5,20.5,74.5));
#2386 = DIRECTION('',(0.,0.,-1.));
#2387 = DIRECTION('',(0.,-1.,0.));
#2388 = DEFINITIONAL_REPRESENTATION('',(#2389),#2392);
#2389 = B_SPLINE_CURVE_WITH_KNOTS('',1,(#2390,#2391),.UNSPECIFIED.,.F.,
  .F.,(2,2),(-13.25,-12.25),.PIECEWISE_BEZIER_KNOTS.);
#2390 = CARTESIAN_POINT('',(2.5,-1.));
#2391 = CARTESIAN_POINT('',(2.5,0.));
#2392 = ( GEOMETRIC_REPRESENTATION_CONTEXT(2) 
PARAMETRIC_REPRESENTATION_CONTEXT() REPRESENTATION_CONTEXT('2D SPACE',''
  ) );
#2393 = FACE_BOUND('',#2394,.F.);
#2394 = EDGE_LOOP('',(#2395,#2424,#2451,#2478));
#2395 = ORIENTED_EDGE('',*,*,#2396,.F.);
#2396 = EDGE_CURVE('',#2397,#2399,#2401,.T.);
#2397 = VERTEX_POINT('',#2398);
#2398 = CARTESIAN_POINT('',(23.6,18.,56.5));
#2399 = VERTEX_POINT('',#2400);
#2400 = CARTESIAN_POINT('',(24.4,18.,56.5));
#2401 = SURFACE_CURVE('',#2402,(#2406,#2413),.PCURVE_S1.);
#2402 = LINE('',#2403,#2404);
#2403 = CARTESIAN_POINT('',(11.8,18.,56.5));
#2404 = VECTOR('',#2405,1.);
#2405 = DIRECTION('',(1.,0.,0.));
#2406 = PCURVE('',#1822,#2407);
#2407 = DEFINITIONAL_REPRESENTATION('',(#2408),#2412);
#2408 = LINE('',#2409,#2410);
#2409 = CARTESIAN_POINT('',(20.,-11.8));
#2410 = VECTOR('',#2411,1.);
#2411 = DIRECTION('',(0.,-1.));
#2412 = ( GEOMETRIC_REPRESENTATION_CONTEXT(2) 
PARAMETRIC_REPRESENTATION_CONTEXT() REPRESENTATION_CONTEXT('2D SPACE',''
  ) );
#2413 = PCURVE('',#2414,#2419);
#2414 = PLANE('',#2415);
#2415 = AXIS2_PLACEMENT_3D('',#2416,#2417,#2418);
#2416 = CARTESIAN_POINT('',(23.6,16.,56.5));
#2417 = DIRECTION('',(0.,0.,1.));
#2418 = DIRECTION('',(1.,0.,0.));
#2419 = DEFINITIONAL_REPRESENTATION('',(#2420),#2423);
#2420 = B_SPLINE_CURVE_WITH_KNOTS('',1,(#2421,#2422),.UNSPECIFIED.,.F.,
  .F.,(2,2),(11.8,12.6),.PIECEWISE_BEZIER_KNOTS.);
#2421 = CARTESIAN_POINT('',(0.,2.));
#2422 = CARTESIAN_POINT('',(0.8,2.));
#2423 = ( GEOMETRIC_REPRESENTATION_CONTEXT(2) 
PARAMETRIC_REPRESENTATION_CONTEXT() REPRESENTATION_CONTEXT('2D SPACE',''
  ) );
#2424 = ORIENTED_EDGE('',*,*,#2425,.T.);
#2425 = EDGE_CURVE('',#2397,#2426,#2428,.T.);
#2426 = VERTEX_POINT('',#2427);
#2427 = CARTESIAN_POINT('',(23.6,18.,26.5));
#2428 = SURFACE_CURVE('',#2429,(#2433,#2440),.PCURVE_S1.);
#2429 = LINE('',#2430,#2431);
#2430 = CARTESIAN_POINT('',(23.6,18.,51.5));
#2431 = VECTOR('',#2432,1.);
#2432 = DIRECTION('',(0.,0.,-1.));
#2433 = PCURVE('',#1822,#2434);
#2434 = DEFINITIONAL_REPRESENTATION('',(#2435),#2439);
#2435 = LINE('',#2436,#2437);
#2436 = CARTESIAN_POINT('',(25.,-23.6));
#2437 = VECTOR('',#2438,1.);
#2438 = DIRECTION('',(1.,0.));
#2439 = ( GEOMETRIC_REPRESENTATION_CONTEXT(2) 
PARAMETRIC_REPRESENTATION_CONTEXT() REPRESENTATION_CONTEXT('2D SPACE',''
  ) );
#2440 = PCURVE('',#2441,#2446);
#2441 = PLANE('',#2442);
#2442 = AXIS2_PLACEMENT_3D('',#2443,#2444,#2445);
#2443 = CARTESIAN_POINT('',(23.6,16.,26.5));
#2444 = DIRECTION('',(1.,0.,0.));
#2445 = DIRECTION('',(0.,0.,1.));
#2446 = DEFINITIONAL_REPRESENTATION('',(#2447),#2450);
#2447 = B_SPLINE_CURVE_WITH_KNOTS('',1,(#2448,#2449),.UNSPECIFIED.,.F.,
  .F.,(2,2),(-5.,25.),.PIECEWISE_BEZIER_KNOTS.);
#2448 = CARTESIAN_POINT('',(30.,-2.));
#2449 = CARTESIAN_POINT('',(0.,-2.));
#2450 = ( GEOMETRIC_REPRESENTATION_CONTEXT(2) 
PARAMETRIC_REPRESENTATION_CONTEXT() REPRESENTATION_CONTEXT('2D SPACE',''
  ) );
#2451 = ORIENTED_EDGE('',*,*,#2452,.T.);
#2452 = EDGE_CURVE('',#2426,#2453,#2455,.T.);
#2453 = VERTEX_POINT('',#2454);
#2454 = CARTESIAN_POINT('',(24.4,18.,26.5));
#2455 = SURFACE_CURVE('',#2456,(#2460,#2467),.PCURVE_S1.);
#2456 = LINE('',#2457,#2458);
#2457 = CARTESIAN_POINT('',(11.8,18.,26.5));
#2458 = VECTOR('',#2459,1.);
#2459 = DIRECTION('',(1.,0.,0.));
#2460 = PCURVE('',#1822,#2461);
#2461 = DEFINITIONAL_REPRESENTATION('',(#2462),#2466);
#2462 = LINE('',#2463,#2464);
#2463 = CARTESIAN_POINT('',(50.,-11.8));
#2464 = VECTOR('',#2465,1.);
#2465 = DIRECTION('',(0.,-1.));
#2466 = ( GEOMETRIC_REPRESENTATION_CONTEXT(2) 
PARAMETRIC_REPRESENTATION_CONTEXT() REPRESENTATION_CONTEXT('2D SPACE',''
  ) );
#2467 = PCURVE('',#2468,#2473);
#2468 = PLANE('',#2469);
#2469 = AXIS2_PLACEMENT_3D('',#2470,#2471,#2472);
#2470 = CARTESIAN_POINT('',(23.6,16.,26.5));
#2471 = DIRECTION('',(0.,0.,1.));
#2472 = DIRECTION('',(1.,0.,0.));
#2473 = DEFINITIONAL_REPRESENTATION('',(#2474),#2477);
#2474 = B_SPLINE_CURVE_WITH_KNOTS('',1,(#2475,#2476),.UNSPECIFIED.,.F.,
  .F.,(2,2),(11.8,12.6),.PIECEWISE_BEZIER_KNOTS.);
#2475 = CARTESIAN_POINT('',(0.,2.));
#2476 = CARTESIAN_POINT('',(0.8,2.));
#2477 = ( GEOMETRIC_REPRESENTATION_CONTEXT(2) 
PARAMETRIC_REPRESENTATION_CONTEXT() REPRESENTATION_CONTEXT('2D SPACE',''
  ) );
#2478 = ORIENTED_EDGE('',*,*,#2479,.F.);
#2479 = EDGE_CURVE('',#2399,#2453,#2480,.T.);
#2480 = SURFACE_CURVE('',#2481,(#2485,#2492),.PCURVE_S1.);
#2481 = LINE('',#2482,#2483);
#2482 = CARTESIAN_POINT('',(24.4,18.,51.5));
#2483 = VECTOR('',#2484,1.);
#2484 = DIRECTION('',(0.,0.,-1.));
#2485 = PCURVE('',#1822,#2486);
#2486 = DEFINITIONAL_REPRESENTATION('',(#2487),#2491);
#2487 = LINE('',#2488,#2489);
#2488 = CARTESIAN_POINT('',(25.,-24.4));
#2489 = VECTOR('',#2490,1.);
#2490 = DIRECTION('',(1.,0.));
#2491 = ( GEOMETRIC_REPRESENTATION_CONTEXT(2) 
PARAMETRIC_REPRESENTATION_CONTEXT() REPRESENTATION_CONTEXT('2D SPACE',''
  ) );
#2492 = PCURVE('',#2493,#2498);
#2493 = PLANE('',#2494);
#2494 = AXIS2_PLACEMENT_3D('',#2495,#2496,#2497);
#2495 = CARTESIAN_POINT('',(24.4,16.,26.5));
#2496 = DIRECTION('',(1.,0.,0.));
#2497 = DIRECTION('',(0.,0.,1.));
#2498 = DEFINITIONAL_REPRESENTATION('',(#2499),#2502);
#2499 = B_SPLINE_CURVE_WITH_KNOTS('',1,(#2500,#2501),.UNSPECIFIED.,.F.,
  .F.,(2,2),(-5.,25.),.PIECEWISE_BEZIER_KNOTS.);
#2500 = CARTESIAN_POINT('',(30.,-2.));
#2501 = CARTESIAN_POINT('',(0.,-2.));
#2502 = ( GEOMETRIC_REPRESENTATION_CONTEXT(2) 
PARAMETRIC_REPRESENTATION_CONTEXT() REPRESENTATION_CONTEXT('2D SPACE',''
  ) );
#2503 = FACE_BOUND('',#2504,.F.);
#2504 = EDGE_LOOP('',(#2505,#2534,#2561,#2588));
#2505 = ORIENTED_EDGE('',*,*,#2506,.T.);
#2506 = EDGE_CURVE('',#2507,#2509,#2511,.T.);
#2507 = VERTEX_POINT('',#2508);
#2508 = CARTESIAN_POINT('',(5.5,18.,74.5));
#2509 = VERTEX_POINT('',#2510);
#2510 = CARTESIAN_POINT('',(5.5,18.,69.5));
#2511 = SURFACE_CURVE('',#2512,(#2516,#2523),.PCURVE_S1.);
#2512 = LINE('',#2513,#2514);
#2513 = CARTESIAN_POINT('',(5.5,18.,74.25));
#2514 = VECTOR('',#2515,1.);
#2515 = DIRECTION('',(0.,0.,-1.));
#2516 = PCURVE('',#1822,#2517);
#2517 = DEFINITIONAL_REPRESENTATION('',(#2518),#2522);
#2518 = LINE('',#2519,#2520);
#2519 = CARTESIAN_POINT('',(2.25,-5.5));
#2520 = VECTOR('',#2521,1.);
#2521 = DIRECTION('',(1.,0.));
#2522 = ( GEOMETRIC_REPRESENTATION_CONTEXT(2) 
PARAMETRIC_REPRESENTATION_CONTEXT() REPRESENTATION_CONTEXT('2D SPACE',''
  ) );
#2523 = PCURVE('',#2524,#2529);
#2524 = PLANE('',#2525);
#2525 = AXIS2_PLACEMENT_3D('',#2526,#2527,#2528);
#2526 = CARTESIAN_POINT('',(5.5,19.200105810066,72.));
#2527 = DIRECTION('',(1.,0.,0.));
#2528 = DIRECTION('',(0.,0.,1.));
#2529 = DEFINITIONAL_REPRESENTATION('',(#2530),#2533);
#2530 = B_SPLINE_CURVE_WITH_KNOTS('',1,(#2531,#2532),.UNSPECIFIED.,.F.,
  .F.,(2,2),(-0.25,4.75),.PIECEWISE_BEZIER_KNOTS.);
#2531 = CARTESIAN_POINT('',(2.5,1.200105810066));
#2532 = CARTESIAN_POINT('',(-2.5,1.200105810066));
#2533 = ( GEOMETRIC_REPRESENTATION_CONTEXT(2) 
PARAMETRIC_REPRESENTATION_CONTEXT() REPRESENTATION_CONTEXT('2D SPACE',''
  ) );
#2534 = ORIENTED_EDGE('',*,*,#2535,.T.);
#2535 = EDGE_CURVE('',#2509,#2536,#2538,.T.);
#2536 = VERTEX_POINT('',#2537);
#2537 = CARTESIAN_POINT('',(6.5,18.,69.5));
#2538 = SURFACE_CURVE('',#2539,(#2543,#2550),.PCURVE_S1.);
#2539 = LINE('',#2540,#2541);
#2540 = CARTESIAN_POINT('',(2.75,18.,69.5));
#2541 = VECTOR('',#2542,1.);
#2542 = DIRECTION('',(1.,0.,0.));
#2543 = PCURVE('',#1822,#2544);
#2544 = DEFINITIONAL_REPRESENTATION('',(#2545),#2549);
#2545 = LINE('',#2546,#2547);
#2546 = CARTESIAN_POINT('',(7.,-2.75));
#2547 = VECTOR('',#2548,1.);
#2548 = DIRECTION('',(0.,-1.));
#2549 = ( GEOMETRIC_REPRESENTATION_CONTEXT(2) 
PARAMETRIC_REPRESENTATION_CONTEXT() REPRESENTATION_CONTEXT('2D SPACE',''
  ) );
#2550 = PCURVE('',#2551,#2556);
#2551 = PLANE('',#2552);
#2552 = AXIS2_PLACEMENT_3D('',#2553,#2554,#2555);
#2553 = CARTESIAN_POINT('',(5.5,17.5,69.5));
#2554 = DIRECTION('',(0.,0.,1.));
#2555 = DIRECTION('',(0.,1.,0.));
#2556 = DEFINITIONAL_REPRESENTATION('',(#2557),#2560);
#2557 = B_SPLINE_CURVE_WITH_KNOTS('',1,(#2558,#2559),.UNSPECIFIED.,.F.,
  .F.,(2,2),(2.75,3.75),.PIECEWISE_BEZIER_KNOTS.);
#2558 = CARTESIAN_POINT('',(0.5,0.));
#2559 = CARTESIAN_POINT('',(0.5,-1.));
#2560 = ( GEOMETRIC_REPRESENTATION_CONTEXT(2) 
PARAMETRIC_REPRESENTATION_CONTEXT() REPRESENTATION_CONTEXT('2D SPACE',''
  ) );
#2561 = ORIENTED_EDGE('',*,*,#2562,.F.);
#2562 = EDGE_CURVE('',#2563,#2536,#2565,.T.);
#2563 = VERTEX_POINT('',#2564);
#2564 = CARTESIAN_POINT('',(6.5,18.,74.5));
#2565 = SURFACE_CURVE('',#2566,(#2570,#2577),.PCURVE_S1.);
#2566 = LINE('',#2567,#2568);
#2567 = CARTESIAN_POINT('',(6.5,18.,74.25));
#2568 = VECTOR('',#2569,1.);
#2569 = DIRECTION('',(0.,0.,-1.));
#2570 = PCURVE('',#1822,#2571);
#2571 = DEFINITIONAL_REPRESENTATION('',(#2572),#2576);
#2572 = LINE('',#2573,#2574);
#2573 = CARTESIAN_POINT('',(2.25,-6.5));
#2574 = VECTOR('',#2575,1.);
#2575 = DIRECTION('',(1.,0.));
#2576 = ( GEOMETRIC_REPRESENTATION_CONTEXT(2) 
PARAMETRIC_REPRESENTATION_CONTEXT() REPRESENTATION_CONTEXT('2D SPACE',''
  ) );
#2577 = PCURVE('',#2578,#2583);
#2578 = PLANE('',#2579);
#2579 = AXIS2_PLACEMENT_3D('',#2580,#2581,#2582);
#2580 = CARTESIAN_POINT('',(6.5,19.200105810066,72.));
#2581 = DIRECTION('',(1.,0.,0.));
#2582 = DIRECTION('',(0.,0.,1.));
#2583 = DEFINITIONAL_REPRESENTATION('',(#2584),#2587);
#2584 = B_SPLINE_CURVE_WITH_KNOTS('',1,(#2585,#2586),.UNSPECIFIED.,.F.,
  .F.,(2,2),(-0.25,4.75),.PIECEWISE_BEZIER_KNOTS.);
#2585 = CARTESIAN_POINT('',(2.5,1.200105810066));
#2586 = CARTESIAN_POINT('',(-2.5,1.200105810066));
#2587 = ( GEOMETRIC_REPRESENTATION_CONTEXT(2) 
PARAMETRIC_REPRESENTATION_CONTEXT() REPRESENTATION_CONTEXT('2D SPACE',''
  ) );
#2588 = ORIENTED_EDGE('',*,*,#2589,.T.);
#2589 = EDGE_CURVE('',#2563,#2507,#2590,.T.);
#2590 = SURFACE_CURVE('',#2591,(#2595,#2602),.PCURVE_S1.);
#2591 = LINE('',#2592,#2593);
#2592 = CARTESIAN_POINT('',(2.75,18.,74.5));
#2593 = VECTOR('',#2594,1.);
#2594 = DIRECTION('',(-1.,0.,0.));
#2595 = PCURVE('',#1822,#2596);
#2596 = DEFINITIONAL_REPRESENTATION('',(#2597),#2601);
#2597 = LINE('',#2598,#2599);
#2598 = CARTESIAN_POINT('',(2.,-2.75));
#2599 = VECTOR('',#2600,1.);
#2600 = DIRECTION('',(0.,1.));
#2601 = ( GEOMETRIC_REPRESENTATION_CONTEXT(2) 
PARAMETRIC_REPRESENTATION_CONTEXT() REPRESENTATION_CONTEXT('2D SPACE',''
  ) );
#2602 = PCURVE('',#2603,#2608);
#2603 = PLANE('',#2604);
#2604 = AXIS2_PLACEMENT_3D('',#2605,#2606,#2607);
#2605 = CARTESIAN_POINT('',(5.5,20.5,74.5));
#2606 = DIRECTION('',(0.,0.,-1.));
#2607 = DIRECTION('',(0.,-1.,0.));
#2608 = DEFINITIONAL_REPRESENTATION('',(#2609),#2612);
#2609 = B_SPLINE_CURVE_WITH_KNOTS('',1,(#2610,#2611),.UNSPECIFIED.,.F.,
  .F.,(2,2),(-3.75,-2.75),.PIECEWISE_BEZIER_KNOTS.);
#2610 = CARTESIAN_POINT('',(2.5,-1.));
#2611 = CARTESIAN_POINT('',(2.5,0.));
#2612 = ( GEOMETRIC_REPRESENTATION_CONTEXT(2) 
PARAMETRIC_REPRESENTATION_CONTEXT() REPRESENTATION_CONTEXT('2D SPACE',''
  ) );
#2613 = FACE_BOUND('',#2614,.F.);
#2614 = EDGE_LOOP('',(#2615,#2644,#2671,#2698));
#2615 = ORIENTED_EDGE('',*,*,#2616,.F.);
#2616 = EDGE_CURVE('',#2617,#2619,#2621,.T.);
#2617 = VERTEX_POINT('',#2618);
#2618 = CARTESIAN_POINT('',(6.6,18.,56.5));
#2619 = VERTEX_POINT('',#2620);
#2620 = CARTESIAN_POINT('',(7.4,18.,56.5));
#2621 = SURFACE_CURVE('',#2622,(#2626,#2633),.PCURVE_S1.);
#2622 = LINE('',#2623,#2624);
#2623 = CARTESIAN_POINT('',(3.3,18.,56.5));
#2624 = VECTOR('',#2625,1.);
#2625 = DIRECTION('',(1.,0.,0.));
#2626 = PCURVE('',#1822,#2627);
#2627 = DEFINITIONAL_REPRESENTATION('',(#2628),#2632);
#2628 = LINE('',#2629,#2630);
#2629 = CARTESIAN_POINT('',(20.,-3.3));
#2630 = VECTOR('',#2631,1.);
#2631 = DIRECTION('',(0.,-1.));
#2632 = ( GEOMETRIC_REPRESENTATION_CONTEXT(2) 
PARAMETRIC_REPRESENTATION_CONTEXT() REPRESENTATION_CONTEXT('2D SPACE',''
  ) );
#2633 = PCURVE('',#2634,#2639);
#2634 = PLANE('',#2635);
#2635 = AXIS2_PLACEMENT_3D('',#2636,#2637,#2638);
#2636 = CARTESIAN_POINT('',(6.6,16.,56.5));
#2637 = DIRECTION('',(0.,0.,1.));
#2638 = DIRECTION('',(1.,0.,0.));
#2639 = DEFINITIONAL_REPRESENTATION('',(#2640),#2643);
#2640 = B_SPLINE_CURVE_WITH_KNOTS('',1,(#2641,#2642),.UNSPECIFIED.,.F.,
  .F.,(2,2),(3.3,4.1),.PIECEWISE_BEZIER_KNOTS.);
#2641 = CARTESIAN_POINT('',(0.,2.));
#2642 = CARTESIAN_POINT('',(0.8,2.));
#2643 = ( GEOMETRIC_REPRESENTATION_CONTEXT(2) 
PARAMETRIC_REPRESENTATION_CONTEXT() REPRESENTATION_CONTEXT('2D SPACE',''
  ) );
#2644 = ORIENTED_EDGE('',*,*,#2645,.T.);
#2645 = EDGE_CURVE('',#2617,#2646,#2648,.T.);
#2646 = VERTEX_POINT('',#2647);
#2647 = CARTESIAN_POINT('',(6.6,18.,26.5));
#2648 = SURFACE_CURVE('',#2649,(#2653,#2660),.PCURVE_S1.);
#2649 = LINE('',#2650,#2651);
#2650 = CARTESIAN_POINT('',(6.6,18.,51.5));
#2651 = VECTOR('',#2652,1.);
#2652 = DIRECTION('',(0.,0.,-1.));
#2653 = PCURVE('',#1822,#2654);
#2654 = DEFINITIONAL_REPRESENTATION('',(#2655),#2659);
#2655 = LINE('',#2656,#2657);
#2656 = CARTESIAN_POINT('',(25.,-6.6));
#2657 = VECTOR('',#2658,1.);
#2658 = DIRECTION('',(1.,0.));
#2659 = ( GEOMETRIC_REPRESENTATION_CONTEXT(2) 
PARAMETRIC_REPRESENTATION_CONTEXT() REPRESENTATION_CONTEXT('2D SPACE',''
  ) );
#2660 = PCURVE('',#2661,#2666);
#2661 = PLANE('',#2662);
#2662 = AXIS2_PLACEMENT_3D('',#2663,#2664,#2665);
#2663 = CARTESIAN_POINT('',(6.6,16.,26.5));
#2664 = DIRECTION('',(1.,0.,0.));
#2665 = DIRECTION('',(0.,0.,1.));
#2666 = DEFINITIONAL_REPRESENTATION('',(#2667),#2670);
#2667 = B_SPLINE_CURVE_WITH_KNOTS('',1,(#2668,#2669),.UNSPECIFIED.,.F.,
  .F.,(2,2),(-5.,25.),.PIECEWISE_BEZIER_KNOTS.);
#2668 = CARTESIAN_POINT('',(30.,-2.));
#2669 = CARTESIAN_POINT('',(0.,-2.));
#2670 = ( GEOMETRIC_REPRESENTATION_CONTEXT(2) 
PARAMETRIC_REPRESENTATION_CONTEXT() REPRESENTATION_CONTEXT('2D SPACE',''
  ) );
#2671 = ORIENTED_EDGE('',*,*,#2672,.T.);
#2672 = EDGE_CURVE('',#2646,#2673,#2675,.T.);
#2673 = VERTEX_POINT('',#2674);
#2674 = CARTESIAN_POINT('',(7.4,18.,26.5));
#2675 = SURFACE_CURVE('',#2676,(#2680,#2687),.PCURVE_S1.);
#2676 = LINE('',#2677,#2678);
#2677 = CARTESIAN_POINT('',(3.3,18.,26.5));
#2678 = VECTOR('',#2679,1.);
#2679 = DIRECTION('',(1.,0.,0.));
#2680 = PCURVE('',#1822,#2681);
#2681 = DEFINITIONAL_REPRESENTATION('',(#2682),#2686);
#2682 = LINE('',#2683,#2684);
#2683 = CARTESIAN_POINT('',(50.,-3.3));
#2684 = VECTOR('',#2685,1.);
#2685 = DIRECTION('',(0.,-1.));
#2686 = ( GEOMETRIC_REPRESENTATION_CONTEXT(2) 
PARAMETRIC_REPRESENTATION_CONTEXT() REPRESENTATION_CONTEXT('2D SPACE',''
  ) );
#2687 = PCURVE('',#2688,#2693);
#2688 = PLANE('',#2689);
#2689 = AXIS2_PLACEMENT_3D('',#2690,#2691,#2692);
#2690 = CARTESIAN_POINT('',(6.6,16.,26.5));
#2691 = DIRECTION('',(0.,0.,1.));
#2692 = DIRECTION('',(1.,0.,0.));
#2693 = DEFINITIONAL_REPRESENTATION('',(#2694),#2697);
#2694 = B_SPLINE_CURVE_WITH_KNOTS('',1,(#2695,#2696),.UNSPECIFIED.,.F.,
  .F.,(2,2),(3.3,4.1),.PIECEWISE_BEZIER_KNOTS.);
#2695 = CARTESIAN_POINT('',(0.,2.));
#2696 = CARTESIAN_POINT('',(0.8,2.));
#2697 = ( GEOMETRIC_REPRESENTATION_CONTEXT(2) 
PARAMETRIC_REPRESENTATION_CONTEXT() REPRESENTATION_CONTEXT('2D SPACE',''
  ) );
#2698 = ORIENTED_EDGE('',*,*,#2699,.F.);
#2699 = EDGE_CURVE('',#2619,#2673,#2700,.T.);
#2700 = SURFACE_CURVE('',#2701,(#2705,#2712),.PCURVE_S1.);
#2701 = LINE('',#2702,#2703);
#2702 = CARTESIAN_POINT('',(7.4,18.,51.5));
#2703 = VECTOR('',#2704,1.);
#2704 = DIRECTION('',(0.,0.,-1.));
#2705 = PCURVE('',#1822,#2706);
#2706 = DEFINITIONAL_REPRESENTATION('',(#2707),#2711);
#2707 = LINE('',#2708,#2709);
#2708 = CARTESIAN_POINT('',(25.,-7.4));
#2709 = VECTOR('',#2710,1.);
#2710 = DIRECTION('',(1.,0.));
#2711 = ( GEOMETRIC_REPRESENTATION_CONTEXT(2) 
PARAMETRIC_REPRESENTATION_CONTEXT() REPRESENTATION_CONTEXT('2D SPACE',''
  ) );
#2712 = PCURVE('',#2713,#2718);
#2713 = PLANE('',#2714);
#2714 = AXIS2_PLACEMENT_3D('',#2715,#2716,#2717);
#2715 = CARTESIAN_POINT('',(7.4,16.,26.5));
#2716 = DIRECTION('',(1.,0.,0.));
#2717 = DIRECTION('',(0.,0.,1.));
#2718 = DEFINITIONAL_REPRESENTATION('',(#2719),#2722);
#2719 = B_SPLINE_CURVE_WITH_KNOTS('',1,(#2720,#2721),.UNSPECIFIED.,.F.,
  .F.,(2,2),(-5.,25.),.PIECEWISE_BEZIER_KNOTS.);
#2720 = CARTESIAN_POINT('',(30.,-2.));
#2721 = CARTESIAN_POINT('',(0.,-2.));
#2722 = ( GEOMETRIC_REPRESENTATION_CONTEXT(2) 
PARAMETRIC_REPRESENTATION_CONTEXT() REPRESENTATION_CONTEXT('2D SPACE',''
  ) );
#2723 = ADVANCED_FACE('',(#2724),#2713,.T.);
#2724 = FACE_BOUND('',#2725,.T.);
#2725 = EDGE_LOOP('',(#2726,#2749,#2777,#2798));
#2726 = ORIENTED_EDGE('',*,*,#2727,.F.);
#2727 = EDGE_CURVE('',#2728,#2619,#2730,.T.);
#2728 = VERTEX_POINT('',#2729);
#2729 = CARTESIAN_POINT('',(7.4,16.,56.5));
#2730 = SURFACE_CURVE('',#2731,(#2735,#2742),.PCURVE_S1.);
#2731 = LINE('',#2732,#2733);
#2732 = CARTESIAN_POINT('',(7.4,16.,56.5));
#2733 = VECTOR('',#2734,1.);
#2734 = DIRECTION('',(0.,1.,0.));
#2735 = PCURVE('',#2713,#2736);
#2736 = DEFINITIONAL_REPRESENTATION('',(#2737),#2741);
#2737 = LINE('',#2738,#2739);
#2738 = CARTESIAN_POINT('',(30.,0.));
#2739 = VECTOR('',#2740,1.);
#2740 = DIRECTION('',(0.,-1.));
#2741 = ( GEOMETRIC_REPRESENTATION_CONTEXT(2) 
PARAMETRIC_REPRESENTATION_CONTEXT() REPRESENTATION_CONTEXT('2D SPACE',''
  ) );
#2742 = PCURVE('',#2634,#2743);
#2743 = DEFINITIONAL_REPRESENTATION('',(#2744),#2748);
#2744 = LINE('',#2745,#2746);
#2745 = CARTESIAN_POINT('',(0.8,0.));
#2746 = VECTOR('',#2747,1.);
#2747 = DIRECTION('',(0.,1.));
#2748 = ( GEOMETRIC_REPRESENTATION_CONTEXT(2) 
PARAMETRIC_REPRESENTATION_CONTEXT() REPRESENTATION_CONTEXT('2D SPACE',''
  ) );
#2749 = ORIENTED_EDGE('',*,*,#2750,.F.);
#2750 = EDGE_CURVE('',#2751,#2728,#2753,.T.);
#2751 = VERTEX_POINT('',#2752);
#2752 = CARTESIAN_POINT('',(7.4,16.,26.5));
#2753 = SURFACE_CURVE('',#2754,(#2758,#2765),.PCURVE_S1.);
#2754 = LINE('',#2755,#2756);
#2755 = CARTESIAN_POINT('',(7.4,16.,26.5));
#2756 = VECTOR('',#2757,1.);
#2757 = DIRECTION('',(0.,0.,1.));
#2758 = PCURVE('',#2713,#2759);
#2759 = DEFINITIONAL_REPRESENTATION('',(#2760),#2764);
#2760 = LINE('',#2761,#2762);
#2761 = CARTESIAN_POINT('',(0.,0.));
#2762 = VECTOR('',#2763,1.);
#2763 = DIRECTION('',(1.,0.));
#2764 = ( GEOMETRIC_REPRESENTATION_CONTEXT(2) 
PARAMETRIC_REPRESENTATION_CONTEXT() REPRESENTATION_CONTEXT('2D SPACE',''
  ) );
#2765 = PCURVE('',#2766,#2771);
#2766 = PLANE('',#2767);
#2767 = AXIS2_PLACEMENT_3D('',#2768,#2769,#2770);
#2768 = CARTESIAN_POINT('',(6.6,16.,26.5));
#2769 = DIRECTION('',(0.,1.,0.));
#2770 = DIRECTION('',(0.,0.,1.));
#2771 = DEFINITIONAL_REPRESENTATION('',(#2772),#2776);
#2772 = LINE('',#2773,#2774);
#2773 = CARTESIAN_POINT('',(0.,0.8));
#2774 = VECTOR('',#2775,1.);
#2775 = DIRECTION('',(1.,0.));
#2776 = ( GEOMETRIC_REPRESENTATION_CONTEXT(2) 
PARAMETRIC_REPRESENTATION_CONTEXT() REPRESENTATION_CONTEXT('2D SPACE',''
  ) );
#2777 = ORIENTED_EDGE('',*,*,#2778,.T.);
#2778 = EDGE_CURVE('',#2751,#2673,#2779,.T.);
#2779 = SURFACE_CURVE('',#2780,(#2784,#2791),.PCURVE_S1.);
#2780 = LINE('',#2781,#2782);
#2781 = CARTESIAN_POINT('',(7.4,16.,26.5));
#2782 = VECTOR('',#2783,1.);
#2783 = DIRECTION('',(0.,1.,0.));
#2784 = PCURVE('',#2713,#2785);
#2785 = DEFINITIONAL_REPRESENTATION('',(#2786),#2790);
#2786 = LINE('',#2787,#2788);
#2787 = CARTESIAN_POINT('',(0.,0.));
#2788 = VECTOR('',#2789,1.);
#2789 = DIRECTION('',(0.,-1.));
#2790 = ( GEOMETRIC_REPRESENTATION_CONTEXT(2) 
PARAMETRIC_REPRESENTATION_CONTEXT() REPRESENTATION_CONTEXT('2D SPACE',''
  ) );
#2791 = PCURVE('',#2688,#2792);
#2792 = DEFINITIONAL_REPRESENTATION('',(#2793),#2797);
#2793 = LINE('',#2794,#2795);
#2794 = CARTESIAN_POINT('',(0.8,0.));
#2795 = VECTOR('',#2796,1.);
#2796 = DIRECTION('',(0.,1.));
#2797 = ( GEOMETRIC_REPRESENTATION_CONTEXT(2) 
PARAMETRIC_REPRESENTATION_CONTEXT() REPRESENTATION_CONTEXT('2D SPACE',''
  ) );
#2798 = ORIENTED_EDGE('',*,*,#2699,.F.);
#2799 = ADVANCED_FACE('',(#2800),#2766,.F.);
#2800 = FACE_BOUND('',#2801,.F.);
#2801 = EDGE_LOOP('',(#2802,#2825,#2848,#2869));
#2802 = ORIENTED_EDGE('',*,*,#2803,.F.);
#2803 = EDGE_CURVE('',#2804,#2751,#2806,.T.);
#2804 = VERTEX_POINT('',#2805);
#2805 = CARTESIAN_POINT('',(6.6,16.,26.5));
#2806 = SURFACE_CURVE('',#2807,(#2811,#2818),.PCURVE_S1.);
#2807 = LINE('',#2808,#2809);
#2808 = CARTESIAN_POINT('',(6.6,16.,26.5));
#2809 = VECTOR('',#2810,1.);
#2810 = DIRECTION('',(1.,0.,0.));
#2811 = PCURVE('',#2766,#2812);
#2812 = DEFINITIONAL_REPRESENTATION('',(#2813),#2817);
#2813 = LINE('',#2814,#2815);
#2814 = CARTESIAN_POINT('',(0.,0.));
#2815 = VECTOR('',#2816,1.);
#2816 = DIRECTION('',(0.,1.));
#2817 = ( GEOMETRIC_REPRESENTATION_CONTEXT(2) 
PARAMETRIC_REPRESENTATION_CONTEXT() REPRESENTATION_CONTEXT('2D SPACE',''
  ) );
#2818 = PCURVE('',#2688,#2819);
#2819 = DEFINITIONAL_REPRESENTATION('',(#2820),#2824);
#2820 = LINE('',#2821,#2822);
#2821 = CARTESIAN_POINT('',(0.,0.));
#2822 = VECTOR('',#2823,1.);
#2823 = DIRECTION('',(1.,0.));
#2824 = ( GEOMETRIC_REPRESENTATION_CONTEXT(2) 
PARAMETRIC_REPRESENTATION_CONTEXT() REPRESENTATION_CONTEXT('2D SPACE',''
  ) );
#2825 = ORIENTED_EDGE('',*,*,#2826,.T.);
#2826 = EDGE_CURVE('',#2804,#2827,#2829,.T.);
#2827 = VERTEX_POINT('',#2828);
#2828 = CARTESIAN_POINT('',(6.6,16.,56.5));
#2829 = SURFACE_CURVE('',#2830,(#2834,#2841),.PCURVE_S1.);
#2830 = LINE('',#2831,#2832);
#2831 = CARTESIAN_POINT('',(6.6,16.,26.5));
#2832 = VECTOR('',#2833,1.);
#2833 = DIRECTION('',(0.,0.,1.));
#2834 = PCURVE('',#2766,#2835);
#2835 = DEFINITIONAL_REPRESENTATION('',(#2836),#2840);
#2836 = LINE('',#2837,#2838);
#2837 = CARTESIAN_POINT('',(0.,0.));
#2838 = VECTOR('',#2839,1.);
#2839 = DIRECTION('',(1.,0.));
#2840 = ( GEOMETRIC_REPRESENTATION_CONTEXT(2) 
PARAMETRIC_REPRESENTATION_CONTEXT() REPRESENTATION_CONTEXT('2D SPACE',''
  ) );
#2841 = PCURVE('',#2661,#2842);
#2842 = DEFINITIONAL_REPRESENTATION('',(#2843),#2847);
#2843 = LINE('',#2844,#2845);
#2844 = CARTESIAN_POINT('',(0.,0.));
#2845 = VECTOR('',#2846,1.);
#2846 = DIRECTION('',(1.,0.));
#2847 = ( GEOMETRIC_REPRESENTATION_CONTEXT(2) 
PARAMETRIC_REPRESENTATION_CONTEXT() REPRESENTATION_CONTEXT('2D SPACE',''
  ) );
#2848 = ORIENTED_EDGE('',*,*,#2849,.T.);
#2849 = EDGE_CURVE('',#2827,#2728,#2850,.T.);
#2850 = SURFACE_CURVE('',#2851,(#2855,#2862),.PCURVE_S1.);
#2851 = LINE('',#2852,#2853);
#2852 = CARTESIAN_POINT('',(6.6,16.,56.5));
#2853 = VECTOR('',#2854,1.);
#2854 = DIRECTION('',(1.,0.,0.));
#2855 = PCURVE('',#2766,#2856);
#2856 = DEFINITIONAL_REPRESENTATION('',(#2857),#2861);
#2857 = LINE('',#2858,#2859);
#2858 = CARTESIAN_POINT('',(30.,0.));
#2859 = VECTOR('',#2860,1.);
#2860 = DIRECTION('',(0.,1.));
#2861 = ( GEOMETRIC_REPRESENTATION_CONTEXT(2) 
PARAMETRIC_REPRESENTATION_CONTEXT() REPRESENTATION_CONTEXT('2D SPACE',''
  ) );
#2862 = PCURVE('',#2634,#2863);
#2863 = DEFINITIONAL_REPRESENTATION('',(#2864),#2868);
#2864 = LINE('',#2865,#2866);
#2865 = CARTESIAN_POINT('',(0.,0.));
#2866 = VECTOR('',#2867,1.);
#2867 = DIRECTION('',(1.,0.));
#2868 = ( GEOMETRIC_REPRESENTATION_CONTEXT(2) 
PARAMETRIC_REPRESENTATION_CONTEXT() REPRESENTATION_CONTEXT('2D SPACE',''
  ) );
#2869 = ORIENTED_EDGE('',*,*,#2750,.F.);
#2870 = ADVANCED_FACE('',(#2871),#2688,.F.);
#2871 = FACE_BOUND('',#2872,.F.);
#2872 = EDGE_LOOP('',(#2873,#2894,#2895,#2896));
#2873 = ORIENTED_EDGE('',*,*,#2874,.F.);
#2874 = EDGE_CURVE('',#2804,#2646,#2875,.T.);
#2875 = SURFACE_CURVE('',#2876,(#2880,#2887),.PCURVE_S1.);
#2876 = LINE('',#2877,#2878);
#2877 = CARTESIAN_POINT('',(6.6,16.,26.5));
#2878 = VECTOR('',#2879,1.);
#2879 = DIRECTION('',(0.,1.,0.));
#2880 = PCURVE('',#2688,#2881);
#2881 = DEFINITIONAL_REPRESENTATION('',(#2882),#2886);
#2882 = LINE('',#2883,#2884);
#2883 = CARTESIAN_POINT('',(0.,0.));
#2884 = VECTOR('',#2885,1.);
#2885 = DIRECTION('',(0.,1.));
#2886 = ( GEOMETRIC_REPRESENTATION_CONTEXT(2) 
PARAMETRIC_REPRESENTATION_CONTEXT() REPRESENTATION_CONTEXT('2D SPACE',''
  ) );
#2887 = PCURVE('',#2661,#2888);
#2888 = DEFINITIONAL_REPRESENTATION('',(#2889),#2893);
#2889 = LINE('',#2890,#2891);
#2890 = CARTESIAN_POINT('',(0.,0.));
#2891 = VECTOR('',#2892,1.);
#2892 = DIRECTION('',(0.,-1.));
#2893 = ( GEOMETRIC_REPRESENTATION_CONTEXT(2) 
PARAMETRIC_REPRESENTATION_CONTEXT() REPRESENTATION_CONTEXT('2D SPACE',''
  ) );
#2894 = ORIENTED_EDGE('',*,*,#2803,.T.);
#2895 = ORIENTED_EDGE('',*,*,#2778,.T.);
#2896 = ORIENTED_EDGE('',*,*,#2672,.F.);
#2897 = ADVANCED_FACE('',(#2898),#2661,.F.);
#2898 = FACE_BOUND('',#2899,.F.);
#2899 = EDGE_LOOP('',(#2900,#2921,#2922,#2923));
#2900 = ORIENTED_EDGE('',*,*,#2901,.F.);
#2901 = EDGE_CURVE('',#2827,#2617,#2902,.T.);
#2902 = SURFACE_CURVE('',#2903,(#2907,#2914),.PCURVE_S1.);
#2903 = LINE('',#2904,#2905);
#2904 = CARTESIAN_POINT('',(6.6,16.,56.5));
#2905 = VECTOR('',#2906,1.);
#2906 = DIRECTION('',(0.,1.,0.));
#2907 = PCURVE('',#2661,#2908);
#2908 = DEFINITIONAL_REPRESENTATION('',(#2909),#2913);
#2909 = LINE('',#2910,#2911);
#2910 = CARTESIAN_POINT('',(30.,0.));
#2911 = VECTOR('',#2912,1.);
#2912 = DIRECTION('',(0.,-1.));
#2913 = ( GEOMETRIC_REPRESENTATION_CONTEXT(2) 
PARAMETRIC_REPRESENTATION_CONTEXT() REPRESENTATION_CONTEXT('2D SPACE',''
  ) );
#2914 = PCURVE('',#2634,#2915);
#2915 = DEFINITIONAL_REPRESENTATION('',(#2916),#2920);
#2916 = LINE('',#2917,#2918);
#2917 = CARTESIAN_POINT('',(0.,0.));
#2918 = VECTOR('',#2919,1.);
#2919 = DIRECTION('',(0.,1.));
#2920 = ( GEOMETRIC_REPRESENTATION_CONTEXT(2) 
PARAMETRIC_REPRESENTATION_CONTEXT() REPRESENTATION_CONTEXT('2D SPACE',''
  ) );
#2921 = ORIENTED_EDGE('',*,*,#2826,.F.);
#2922 = ORIENTED_EDGE('',*,*,#2874,.T.);
#2923 = ORIENTED_EDGE('',*,*,#2645,.F.);
#2924 = ADVANCED_FACE('',(#2925),#2634,.T.);
#2925 = FACE_BOUND('',#2926,.T.);
#2926 = EDGE_LOOP('',(#2927,#2928,#2929,#2930));
#2927 = ORIENTED_EDGE('',*,*,#2901,.F.);
#2928 = ORIENTED_EDGE('',*,*,#2849,.T.);
#2929 = ORIENTED_EDGE('',*,*,#2727,.T.);
#2930 = ORIENTED_EDGE('',*,*,#2616,.F.);
#2931 = ADVANCED_FACE('',(#2932),#2603,.T.);
#2932 = FACE_BOUND('',#2933,.T.);
#2933 = EDGE_LOOP('',(#2934,#2957,#2985,#3006));
#2934 = ORIENTED_EDGE('',*,*,#2935,.F.);
#2935 = EDGE_CURVE('',#2936,#2507,#2938,.T.);
#2936 = VERTEX_POINT('',#2937);
#2937 = CARTESIAN_POINT('',(5.5,20.5,74.5));
#2938 = SURFACE_CURVE('',#2939,(#2943,#2950),.PCURVE_S1.);
#2939 = LINE('',#2940,#2941);
#2940 = CARTESIAN_POINT('',(5.5,20.5,74.5));
#2941 = VECTOR('',#2942,1.);
#2942 = DIRECTION('',(0.,-1.,0.));
#2943 = PCURVE('',#2603,#2944);
#2944 = DEFINITIONAL_REPRESENTATION('',(#2945),#2949);
#2945 = LINE('',#2946,#2947);
#2946 = CARTESIAN_POINT('',(0.,0.));
#2947 = VECTOR('',#2948,1.);
#2948 = DIRECTION('',(1.,0.));
#2949 = ( GEOMETRIC_REPRESENTATION_CONTEXT(2) 
PARAMETRIC_REPRESENTATION_CONTEXT() REPRESENTATION_CONTEXT('2D SPACE',''
  ) );
#2950 = PCURVE('',#2524,#2951);
#2951 = DEFINITIONAL_REPRESENTATION('',(#2952),#2956);
#2952 = LINE('',#2953,#2954);
#2953 = CARTESIAN_POINT('',(2.5,-1.299894189934));
#2954 = VECTOR('',#2955,1.);
#2955 = DIRECTION('',(0.,1.));
#2956 = ( GEOMETRIC_REPRESENTATION_CONTEXT(2) 
PARAMETRIC_REPRESENTATION_CONTEXT() REPRESENTATION_CONTEXT('2D SPACE',''
  ) );
#2957 = ORIENTED_EDGE('',*,*,#2958,.T.);
#2958 = EDGE_CURVE('',#2936,#2959,#2961,.T.);
#2959 = VERTEX_POINT('',#2960);
#2960 = CARTESIAN_POINT('',(6.5,20.5,74.5));
#2961 = SURFACE_CURVE('',#2962,(#2966,#2973),.PCURVE_S1.);
#2962 = LINE('',#2963,#2964);
#2963 = CARTESIAN_POINT('',(5.5,20.5,74.5));
#2964 = VECTOR('',#2965,1.);
#2965 = DIRECTION('',(1.,0.,0.));
#2966 = PCURVE('',#2603,#2967);
#2967 = DEFINITIONAL_REPRESENTATION('',(#2968),#2972);
#2968 = LINE('',#2969,#2970);
#2969 = CARTESIAN_POINT('',(0.,0.));
#2970 = VECTOR('',#2971,1.);
#2971 = DIRECTION('',(0.,-1.));
#2972 = ( GEOMETRIC_REPRESENTATION_CONTEXT(2) 
PARAMETRIC_REPRESENTATION_CONTEXT() REPRESENTATION_CONTEXT('2D SPACE',''
  ) );
#2973 = PCURVE('',#2974,#2979);
#2974 = CYLINDRICAL_SURFACE('',#2975,0.5);
#2975 = AXIS2_PLACEMENT_3D('',#2976,#2977,#2978);
#2976 = CARTESIAN_POINT('',(5.5,20.5,74.));
#2977 = DIRECTION('',(-1.,0.,0.));
#2978 = DIRECTION('',(0.,1.,0.));
#2979 = DEFINITIONAL_REPRESENTATION('',(#2980),#2984);
#2980 = LINE('',#2981,#2982);
#2981 = CARTESIAN_POINT('',(-1.570796326795,0.));
#2982 = VECTOR('',#2983,1.);
#2983 = DIRECTION('',(0.,-1.));
#2984 = ( GEOMETRIC_REPRESENTATION_CONTEXT(2) 
PARAMETRIC_REPRESENTATION_CONTEXT() REPRESENTATION_CONTEXT('2D SPACE',''
  ) );
#2985 = ORIENTED_EDGE('',*,*,#2986,.T.);
#2986 = EDGE_CURVE('',#2959,#2563,#2987,.T.);
#2987 = SURFACE_CURVE('',#2988,(#2992,#2999),.PCURVE_S1.);
#2988 = LINE('',#2989,#2990);
#2989 = CARTESIAN_POINT('',(6.5,20.5,74.5));
#2990 = VECTOR('',#2991,1.);
#2991 = DIRECTION('',(0.,-1.,0.));
#2992 = PCURVE('',#2603,#2993);
#2993 = DEFINITIONAL_REPRESENTATION('',(#2994),#2998);
#2994 = LINE('',#2995,#2996);
#2995 = CARTESIAN_POINT('',(0.,-1.));
#2996 = VECTOR('',#2997,1.);
#2997 = DIRECTION('',(1.,0.));
#2998 = ( GEOMETRIC_REPRESENTATION_CONTEXT(2) 
PARAMETRIC_REPRESENTATION_CONTEXT() REPRESENTATION_CONTEXT('2D SPACE',''
  ) );
#2999 = PCURVE('',#2578,#3000);
#3000 = DEFINITIONAL_REPRESENTATION('',(#3001),#3005);
#3001 = LINE('',#3002,#3003);
#3002 = CARTESIAN_POINT('',(2.5,-1.299894189934));
#3003 = VECTOR('',#3004,1.);
#3004 = DIRECTION('',(0.,1.));
#3005 = ( GEOMETRIC_REPRESENTATION_CONTEXT(2) 
PARAMETRIC_REPRESENTATION_CONTEXT() REPRESENTATION_CONTEXT('2D SPACE',''
  ) );
#3006 = ORIENTED_EDGE('',*,*,#2589,.T.);
#3007 = ADVANCED_FACE('',(#3008),#2974,.F.);
#3008 = FACE_BOUND('',#3009,.T.);
#3009 = EDGE_LOOP('',(#3010,#3040,#3062,#3063));
#3010 = ORIENTED_EDGE('',*,*,#3011,.T.);
#3011 = EDGE_CURVE('',#3012,#3014,#3016,.T.);
#3012 = VERTEX_POINT('',#3013);
#3013 = CARTESIAN_POINT('',(5.5,21.,74.));
#3014 = VERTEX_POINT('',#3015);
#3015 = CARTESIAN_POINT('',(6.5,21.,74.));
#3016 = SURFACE_CURVE('',#3017,(#3021,#3028),.PCURVE_S1.);
#3017 = LINE('',#3018,#3019);
#3018 = CARTESIAN_POINT('',(5.5,21.,74.));
#3019 = VECTOR('',#3020,1.);
#3020 = DIRECTION('',(1.,0.,0.));
#3021 = PCURVE('',#2974,#3022);
#3022 = DEFINITIONAL_REPRESENTATION('',(#3023),#3027);
#3023 = LINE('',#3024,#3025);
#3024 = CARTESIAN_POINT('',(0.,0.));
#3025 = VECTOR('',#3026,1.);
#3026 = DIRECTION('',(0.,-1.));
#3027 = ( GEOMETRIC_REPRESENTATION_CONTEXT(2) 
PARAMETRIC_REPRESENTATION_CONTEXT() REPRESENTATION_CONTEXT('2D SPACE',''
  ) );
#3028 = PCURVE('',#3029,#3034);
#3029 = PLANE('',#3030);
#3030 = AXIS2_PLACEMENT_3D('',#3031,#3032,#3033);
#3031 = CARTESIAN_POINT('',(5.5,21.,70.));
#3032 = DIRECTION('',(0.,-1.,0.));
#3033 = DIRECTION('',(0.,0.,1.));
#3034 = DEFINITIONAL_REPRESENTATION('',(#3035),#3039);
#3035 = LINE('',#3036,#3037);
#3036 = CARTESIAN_POINT('',(4.,0.));
#3037 = VECTOR('',#3038,1.);
#3038 = DIRECTION('',(0.,-1.));
#3039 = ( GEOMETRIC_REPRESENTATION_CONTEXT(2) 
PARAMETRIC_REPRESENTATION_CONTEXT() REPRESENTATION_CONTEXT('2D SPACE',''
  ) );
#3040 = ORIENTED_EDGE('',*,*,#3041,.T.);
#3041 = EDGE_CURVE('',#3014,#2959,#3042,.T.);
#3042 = SURFACE_CURVE('',#3043,(#3048,#3055),.PCURVE_S1.);
#3043 = CIRCLE('',#3044,0.5);
#3044 = AXIS2_PLACEMENT_3D('',#3045,#3046,#3047);
#3045 = CARTESIAN_POINT('',(6.5,20.5,74.));
#3046 = DIRECTION('',(1.,0.,0.));
#3047 = DIRECTION('',(0.,1.,0.));
#3048 = PCURVE('',#2974,#3049);
#3049 = DEFINITIONAL_REPRESENTATION('',(#3050),#3054);
#3050 = LINE('',#3051,#3052);
#3051 = CARTESIAN_POINT('',(0.,-1.));
#3052 = VECTOR('',#3053,1.);
#3053 = DIRECTION('',(-1.,0.));
#3054 = ( GEOMETRIC_REPRESENTATION_CONTEXT(2) 
PARAMETRIC_REPRESENTATION_CONTEXT() REPRESENTATION_CONTEXT('2D SPACE',''
  ) );
#3055 = PCURVE('',#2578,#3056);
#3056 = DEFINITIONAL_REPRESENTATION('',(#3057),#3061);
#3057 = CIRCLE('',#3058,0.5);
#3058 = AXIS2_PLACEMENT_2D('',#3059,#3060);
#3059 = CARTESIAN_POINT('',(2.,-1.299894189934));
#3060 = DIRECTION('',(0.,-1.));
#3061 = ( GEOMETRIC_REPRESENTATION_CONTEXT(2) 
PARAMETRIC_REPRESENTATION_CONTEXT() REPRESENTATION_CONTEXT('2D SPACE',''
  ) );
#3062 = ORIENTED_EDGE('',*,*,#2958,.F.);
#3063 = ORIENTED_EDGE('',*,*,#3064,.F.);
#3064 = EDGE_CURVE('',#3012,#2936,#3065,.T.);
#3065 = SURFACE_CURVE('',#3066,(#3071,#3078),.PCURVE_S1.);
#3066 = CIRCLE('',#3067,0.5);
#3067 = AXIS2_PLACEMENT_3D('',#3068,#3069,#3070);
#3068 = CARTESIAN_POINT('',(5.5,20.5,74.));
#3069 = DIRECTION('',(1.,0.,0.));
#3070 = DIRECTION('',(0.,1.,0.));
#3071 = PCURVE('',#2974,#3072);
#3072 = DEFINITIONAL_REPRESENTATION('',(#3073),#3077);
#3073 = LINE('',#3074,#3075);
#3074 = CARTESIAN_POINT('',(0.,0.));
#3075 = VECTOR('',#3076,1.);
#3076 = DIRECTION('',(-1.,0.));
#3077 = ( GEOMETRIC_REPRESENTATION_CONTEXT(2) 
PARAMETRIC_REPRESENTATION_CONTEXT() REPRESENTATION_CONTEXT('2D SPACE',''
  ) );
#3078 = PCURVE('',#2524,#3079);
#3079 = DEFINITIONAL_REPRESENTATION('',(#3080),#3084);
#3080 = CIRCLE('',#3081,0.5);
#3081 = AXIS2_PLACEMENT_2D('',#3082,#3083);
#3082 = CARTESIAN_POINT('',(2.,-1.299894189934));
#3083 = DIRECTION('',(0.,-1.));
#3084 = ( GEOMETRIC_REPRESENTATION_CONTEXT(2) 
PARAMETRIC_REPRESENTATION_CONTEXT() REPRESENTATION_CONTEXT('2D SPACE',''
  ) );
#3085 = ADVANCED_FACE('',(#3086),#3029,.T.);
#3086 = FACE_BOUND('',#3087,.T.);
#3087 = EDGE_LOOP('',(#3088,#3118,#3139,#3140));
#3088 = ORIENTED_EDGE('',*,*,#3089,.T.);
#3089 = EDGE_CURVE('',#3090,#3092,#3094,.T.);
#3090 = VERTEX_POINT('',#3091);
#3091 = CARTESIAN_POINT('',(5.5,21.,70.));
#3092 = VERTEX_POINT('',#3093);
#3093 = CARTESIAN_POINT('',(6.5,21.,70.));
#3094 = SURFACE_CURVE('',#3095,(#3099,#3106),.PCURVE_S1.);
#3095 = LINE('',#3096,#3097);
#3096 = CARTESIAN_POINT('',(5.5,21.,70.));
#3097 = VECTOR('',#3098,1.);
#3098 = DIRECTION('',(1.,0.,0.));
#3099 = PCURVE('',#3029,#3100);
#3100 = DEFINITIONAL_REPRESENTATION('',(#3101),#3105);
#3101 = LINE('',#3102,#3103);
#3102 = CARTESIAN_POINT('',(0.,0.));
#3103 = VECTOR('',#3104,1.);
#3104 = DIRECTION('',(0.,-1.));
#3105 = ( GEOMETRIC_REPRESENTATION_CONTEXT(2) 
PARAMETRIC_REPRESENTATION_CONTEXT() REPRESENTATION_CONTEXT('2D SPACE',''
  ) );
#3106 = PCURVE('',#3107,#3112);
#3107 = CYLINDRICAL_SURFACE('',#3108,0.5);
#3108 = AXIS2_PLACEMENT_3D('',#3109,#3110,#3111);
#3109 = CARTESIAN_POINT('',(5.5,20.5,70.));
#3110 = DIRECTION('',(-1.,0.,0.));
#3111 = DIRECTION('',(0.,-1.42108547152E-14,-1.));
#3112 = DEFINITIONAL_REPRESENTATION('',(#3113),#3117);
#3113 = LINE('',#3114,#3115);
#3114 = CARTESIAN_POINT('',(-1.570796326795,0.));
#3115 = VECTOR('',#3116,1.);
#3116 = DIRECTION('',(0.,-1.));
#3117 = ( GEOMETRIC_REPRESENTATION_CONTEXT(2) 
PARAMETRIC_REPRESENTATION_CONTEXT() REPRESENTATION_CONTEXT('2D SPACE',''
  ) );
#3118 = ORIENTED_EDGE('',*,*,#3119,.T.);
#3119 = EDGE_CURVE('',#3092,#3014,#3120,.T.);
#3120 = SURFACE_CURVE('',#3121,(#3125,#3132),.PCURVE_S1.);
#3121 = LINE('',#3122,#3123);
#3122 = CARTESIAN_POINT('',(6.5,21.,70.));
#3123 = VECTOR('',#3124,1.);
#3124 = DIRECTION('',(0.,0.,1.));
#3125 = PCURVE('',#3029,#3126);
#3126 = DEFINITIONAL_REPRESENTATION('',(#3127),#3131);
#3127 = LINE('',#3128,#3129);
#3128 = CARTESIAN_POINT('',(0.,-1.));
#3129 = VECTOR('',#3130,1.);
#3130 = DIRECTION('',(1.,0.));
#3131 = ( GEOMETRIC_REPRESENTATION_CONTEXT(2) 
PARAMETRIC_REPRESENTATION_CONTEXT() REPRESENTATION_CONTEXT('2D SPACE',''
  ) );
#3132 = PCURVE('',#2578,#3133);
#3133 = DEFINITIONAL_REPRESENTATION('',(#3134),#3138);
#3134 = LINE('',#3135,#3136);
#3135 = CARTESIAN_POINT('',(-2.,-1.799894189934));
#3136 = VECTOR('',#3137,1.);
#3137 = DIRECTION('',(1.,0.));
#3138 = ( GEOMETRIC_REPRESENTATION_CONTEXT(2) 
PARAMETRIC_REPRESENTATION_CONTEXT() REPRESENTATION_CONTEXT('2D SPACE',''
  ) );
#3139 = ORIENTED_EDGE('',*,*,#3011,.F.);
#3140 = ORIENTED_EDGE('',*,*,#3141,.F.);
#3141 = EDGE_CURVE('',#3090,#3012,#3142,.T.);
#3142 = SURFACE_CURVE('',#3143,(#3147,#3154),.PCURVE_S1.);
#3143 = LINE('',#3144,#3145);
#3144 = CARTESIAN_POINT('',(5.5,21.,70.));
#3145 = VECTOR('',#3146,1.);
#3146 = DIRECTION('',(0.,0.,1.));
#3147 = PCURVE('',#3029,#3148);
#3148 = DEFINITIONAL_REPRESENTATION('',(#3149),#3153);
#3149 = LINE('',#3150,#3151);
#3150 = CARTESIAN_POINT('',(0.,0.));
#3151 = VECTOR('',#3152,1.);
#3152 = DIRECTION('',(1.,0.));
#3153 = ( GEOMETRIC_REPRESENTATION_CONTEXT(2) 
PARAMETRIC_REPRESENTATION_CONTEXT() REPRESENTATION_CONTEXT('2D SPACE',''
  ) );
#3154 = PCURVE('',#2524,#3155);
#3155 = DEFINITIONAL_REPRESENTATION('',(#3156),#3160);
#3156 = LINE('',#3157,#3158);
#3157 = CARTESIAN_POINT('',(-2.,-1.799894189934));
#3158 = VECTOR('',#3159,1.);
#3159 = DIRECTION('',(1.,0.));
#3160 = ( GEOMETRIC_REPRESENTATION_CONTEXT(2) 
PARAMETRIC_REPRESENTATION_CONTEXT() REPRESENTATION_CONTEXT('2D SPACE',''
  ) );
#3161 = ADVANCED_FACE('',(#3162),#3107,.F.);
#3162 = FACE_BOUND('',#3163,.T.);
#3163 = EDGE_LOOP('',(#3164,#3189,#3211,#3212));
#3164 = ORIENTED_EDGE('',*,*,#3165,.T.);
#3165 = EDGE_CURVE('',#3166,#3168,#3170,.T.);
#3166 = VERTEX_POINT('',#3167);
#3167 = CARTESIAN_POINT('',(5.5,20.5,69.5));
#3168 = VERTEX_POINT('',#3169);
#3169 = CARTESIAN_POINT('',(6.5,20.5,69.5));
#3170 = SURFACE_CURVE('',#3171,(#3175,#3182),.PCURVE_S1.);
#3171 = LINE('',#3172,#3173);
#3172 = CARTESIAN_POINT('',(5.5,20.5,69.5));
#3173 = VECTOR('',#3174,1.);
#3174 = DIRECTION('',(1.,0.,0.));
#3175 = PCURVE('',#3107,#3176);
#3176 = DEFINITIONAL_REPRESENTATION('',(#3177),#3181);
#3177 = LINE('',#3178,#3179);
#3178 = CARTESIAN_POINT('',(0.,0.));
#3179 = VECTOR('',#3180,1.);
#3180 = DIRECTION('',(0.,-1.));
#3181 = ( GEOMETRIC_REPRESENTATION_CONTEXT(2) 
PARAMETRIC_REPRESENTATION_CONTEXT() REPRESENTATION_CONTEXT('2D SPACE',''
  ) );
#3182 = PCURVE('',#2551,#3183);
#3183 = DEFINITIONAL_REPRESENTATION('',(#3184),#3188);
#3184 = LINE('',#3185,#3186);
#3185 = CARTESIAN_POINT('',(3.,0.));
#3186 = VECTOR('',#3187,1.);
#3187 = DIRECTION('',(0.,-1.));
#3188 = ( GEOMETRIC_REPRESENTATION_CONTEXT(2) 
PARAMETRIC_REPRESENTATION_CONTEXT() REPRESENTATION_CONTEXT('2D SPACE',''
  ) );
#3189 = ORIENTED_EDGE('',*,*,#3190,.T.);
#3190 = EDGE_CURVE('',#3168,#3092,#3191,.T.);
#3191 = SURFACE_CURVE('',#3192,(#3197,#3204),.PCURVE_S1.);
#3192 = CIRCLE('',#3193,0.5);
#3193 = AXIS2_PLACEMENT_3D('',#3194,#3195,#3196);
#3194 = CARTESIAN_POINT('',(6.5,20.5,70.));
#3195 = DIRECTION('',(1.,0.,0.));
#3196 = DIRECTION('',(0.,-1.42108547152E-14,-1.));
#3197 = PCURVE('',#3107,#3198);
#3198 = DEFINITIONAL_REPRESENTATION('',(#3199),#3203);
#3199 = LINE('',#3200,#3201);
#3200 = CARTESIAN_POINT('',(0.,-1.));
#3201 = VECTOR('',#3202,1.);
#3202 = DIRECTION('',(-1.,0.));
#3203 = ( GEOMETRIC_REPRESENTATION_CONTEXT(2) 
PARAMETRIC_REPRESENTATION_CONTEXT() REPRESENTATION_CONTEXT('2D SPACE',''
  ) );
#3204 = PCURVE('',#2578,#3205);
#3205 = DEFINITIONAL_REPRESENTATION('',(#3206),#3210);
#3206 = CIRCLE('',#3207,0.5);
#3207 = AXIS2_PLACEMENT_2D('',#3208,#3209);
#3208 = CARTESIAN_POINT('',(-2.,-1.299894189934));
#3209 = DIRECTION('',(-1.,1.42108547152E-14));
#3210 = ( GEOMETRIC_REPRESENTATION_CONTEXT(2) 
PARAMETRIC_REPRESENTATION_CONTEXT() REPRESENTATION_CONTEXT('2D SPACE',''
  ) );
#3211 = ORIENTED_EDGE('',*,*,#3089,.F.);
#3212 = ORIENTED_EDGE('',*,*,#3213,.F.);
#3213 = EDGE_CURVE('',#3166,#3090,#3214,.T.);
#3214 = SURFACE_CURVE('',#3215,(#3220,#3227),.PCURVE_S1.);
#3215 = CIRCLE('',#3216,0.5);
#3216 = AXIS2_PLACEMENT_3D('',#3217,#3218,#3219);
#3217 = CARTESIAN_POINT('',(5.5,20.5,70.));
#3218 = DIRECTION('',(1.,0.,0.));
#3219 = DIRECTION('',(0.,-1.42108547152E-14,-1.));
#3220 = PCURVE('',#3107,#3221);
#3221 = DEFINITIONAL_REPRESENTATION('',(#3222),#3226);
#3222 = LINE('',#3223,#3224);
#3223 = CARTESIAN_POINT('',(0.,0.));
#3224 = VECTOR('',#3225,1.);
#3225 = DIRECTION('',(-1.,0.));
#3226 = ( GEOMETRIC_REPRESENTATION_CONTEXT(2) 
PARAMETRIC_REPRESENTATION_CONTEXT() REPRESENTATION_CONTEXT('2D SPACE',''
  ) );
#3227 = PCURVE('',#2524,#3228);
#3228 = DEFINITIONAL_REPRESENTATION('',(#3229),#3233);
#3229 = CIRCLE('',#3230,0.5);
#3230 = AXIS2_PLACEMENT_2D('',#3231,#3232);
#3231 = CARTESIAN_POINT('',(-2.,-1.299894189934));
#3232 = DIRECTION('',(-1.,1.42108547152E-14));
#3233 = ( GEOMETRIC_REPRESENTATION_CONTEXT(2) 
PARAMETRIC_REPRESENTATION_CONTEXT() REPRESENTATION_CONTEXT('2D SPACE',''
  ) );
#3234 = ADVANCED_FACE('',(#3235),#2578,.F.);
#3235 = FACE_BOUND('',#3236,.F.);
#3236 = EDGE_LOOP('',(#3237,#3238,#3259,#3260,#3261,#3262));
#3237 = ORIENTED_EDGE('',*,*,#2562,.T.);
#3238 = ORIENTED_EDGE('',*,*,#3239,.T.);
#3239 = EDGE_CURVE('',#2536,#3168,#3240,.T.);
#3240 = SURFACE_CURVE('',#3241,(#3245,#3252),.PCURVE_S1.);
#3241 = LINE('',#3242,#3243);
#3242 = CARTESIAN_POINT('',(6.5,17.5,69.5));
#3243 = VECTOR('',#3244,1.);
#3244 = DIRECTION('',(0.,1.,0.));
#3245 = PCURVE('',#2578,#3246);
#3246 = DEFINITIONAL_REPRESENTATION('',(#3247),#3251);
#3247 = LINE('',#3248,#3249);
#3248 = CARTESIAN_POINT('',(-2.5,1.700105810066));
#3249 = VECTOR('',#3250,1.);
#3250 = DIRECTION('',(0.,-1.));
#3251 = ( GEOMETRIC_REPRESENTATION_CONTEXT(2) 
PARAMETRIC_REPRESENTATION_CONTEXT() REPRESENTATION_CONTEXT('2D SPACE',''
  ) );
#3252 = PCURVE('',#2551,#3253);
#3253 = DEFINITIONAL_REPRESENTATION('',(#3254),#3258);
#3254 = LINE('',#3255,#3256);
#3255 = CARTESIAN_POINT('',(0.,-1.));
#3256 = VECTOR('',#3257,1.);
#3257 = DIRECTION('',(1.,0.));
#3258 = ( GEOMETRIC_REPRESENTATION_CONTEXT(2) 
PARAMETRIC_REPRESENTATION_CONTEXT() REPRESENTATION_CONTEXT('2D SPACE',''
  ) );
#3259 = ORIENTED_EDGE('',*,*,#3190,.T.);
#3260 = ORIENTED_EDGE('',*,*,#3119,.T.);
#3261 = ORIENTED_EDGE('',*,*,#3041,.T.);
#3262 = ORIENTED_EDGE('',*,*,#2986,.T.);
#3263 = ADVANCED_FACE('',(#3264),#2551,.T.);
#3264 = FACE_BOUND('',#3265,.T.);
#3265 = EDGE_LOOP('',(#3266,#3287,#3288,#3289));
#3266 = ORIENTED_EDGE('',*,*,#3267,.F.);
#3267 = EDGE_CURVE('',#2509,#3166,#3268,.T.);
#3268 = SURFACE_CURVE('',#3269,(#3273,#3280),.PCURVE_S1.);
#3269 = LINE('',#3270,#3271);
#3270 = CARTESIAN_POINT('',(5.5,17.5,69.5));
#3271 = VECTOR('',#3272,1.);
#3272 = DIRECTION('',(0.,1.,0.));
#3273 = PCURVE('',#2551,#3274);
#3274 = DEFINITIONAL_REPRESENTATION('',(#3275),#3279);
#3275 = LINE('',#3276,#3277);
#3276 = CARTESIAN_POINT('',(0.,0.));
#3277 = VECTOR('',#3278,1.);
#3278 = DIRECTION('',(1.,0.));
#3279 = ( GEOMETRIC_REPRESENTATION_CONTEXT(2) 
PARAMETRIC_REPRESENTATION_CONTEXT() REPRESENTATION_CONTEXT('2D SPACE',''
  ) );
#3280 = PCURVE('',#2524,#3281);
#3281 = DEFINITIONAL_REPRESENTATION('',(#3282),#3286);
#3282 = LINE('',#3283,#3284);
#3283 = CARTESIAN_POINT('',(-2.5,1.700105810066));
#3284 = VECTOR('',#3285,1.);
#3285 = DIRECTION('',(0.,-1.));
#3286 = ( GEOMETRIC_REPRESENTATION_CONTEXT(2) 
PARAMETRIC_REPRESENTATION_CONTEXT() REPRESENTATION_CONTEXT('2D SPACE',''
  ) );
#3287 = ORIENTED_EDGE('',*,*,#2535,.T.);
#3288 = ORIENTED_EDGE('',*,*,#3239,.T.);
#3289 = ORIENTED_EDGE('',*,*,#3165,.F.);
#3290 = ADVANCED_FACE('',(#3291),#2524,.T.);
#3291 = FACE_BOUND('',#3292,.T.);
#3292 = EDGE_LOOP('',(#3293,#3294,#3295,#3296,#3297,#3298));
#3293 = ORIENTED_EDGE('',*,*,#2506,.T.);
#3294 = ORIENTED_EDGE('',*,*,#3267,.T.);
#3295 = ORIENTED_EDGE('',*,*,#3213,.T.);
#3296 = ORIENTED_EDGE('',*,*,#3141,.T.);
#3297 = ORIENTED_EDGE('',*,*,#3064,.T.);
#3298 = ORIENTED_EDGE('',*,*,#2935,.T.);
#3299 = ADVANCED_FACE('',(#3300),#2493,.T.);
#3300 = FACE_BOUND('',#3301,.T.);
#3301 = EDGE_LOOP('',(#3302,#3325,#3353,#3374));
#3302 = ORIENTED_EDGE('',*,*,#3303,.F.);
#3303 = EDGE_CURVE('',#3304,#2399,#3306,.T.);
#3304 = VERTEX_POINT('',#3305);
#3305 = CARTESIAN_POINT('',(24.4,16.,56.5));
#3306 = SURFACE_CURVE('',#3307,(#3311,#3318),.PCURVE_S1.);
#3307 = LINE('',#3308,#3309);
#3308 = CARTESIAN_POINT('',(24.4,16.,56.5));
#3309 = VECTOR('',#3310,1.);
#3310 = DIRECTION('',(0.,1.,0.));
#3311 = PCURVE('',#2493,#3312);
#3312 = DEFINITIONAL_REPRESENTATION('',(#3313),#3317);
#3313 = LINE('',#3314,#3315);
#3314 = CARTESIAN_POINT('',(30.,0.));
#3315 = VECTOR('',#3316,1.);
#3316 = DIRECTION('',(0.,-1.));
#3317 = ( GEOMETRIC_REPRESENTATION_CONTEXT(2) 
PARAMETRIC_REPRESENTATION_CONTEXT() REPRESENTATION_CONTEXT('2D SPACE',''
  ) );
#3318 = PCURVE('',#2414,#3319);
#3319 = DEFINITIONAL_REPRESENTATION('',(#3320),#3324);
#3320 = LINE('',#3321,#3322);
#3321 = CARTESIAN_POINT('',(0.8,0.));
#3322 = VECTOR('',#3323,1.);
#3323 = DIRECTION('',(0.,1.));
#3324 = ( GEOMETRIC_REPRESENTATION_CONTEXT(2) 
PARAMETRIC_REPRESENTATION_CONTEXT() REPRESENTATION_CONTEXT('2D SPACE',''
  ) );
#3325 = ORIENTED_EDGE('',*,*,#3326,.F.);
#3326 = EDGE_CURVE('',#3327,#3304,#3329,.T.);
#3327 = VERTEX_POINT('',#3328);
#3328 = CARTESIAN_POINT('',(24.4,16.,26.5));
#3329 = SURFACE_CURVE('',#3330,(#3334,#3341),.PCURVE_S1.);
#3330 = LINE('',#3331,#3332);
#3331 = CARTESIAN_POINT('',(24.4,16.,26.5));
#3332 = VECTOR('',#3333,1.);
#3333 = DIRECTION('',(0.,0.,1.));
#3334 = PCURVE('',#2493,#3335);
#3335 = DEFINITIONAL_REPRESENTATION('',(#3336),#3340);
#3336 = LINE('',#3337,#3338);
#3337 = CARTESIAN_POINT('',(0.,0.));
#3338 = VECTOR('',#3339,1.);
#3339 = DIRECTION('',(1.,0.));
#3340 = ( GEOMETRIC_REPRESENTATION_CONTEXT(2) 
PARAMETRIC_REPRESENTATION_CONTEXT() REPRESENTATION_CONTEXT('2D SPACE',''
  ) );
#3341 = PCURVE('',#3342,#3347);
#3342 = PLANE('',#3343);
#3343 = AXIS2_PLACEMENT_3D('',#3344,#3345,#3346);
#3344 = CARTESIAN_POINT('',(23.6,16.,26.5));
#3345 = DIRECTION('',(0.,1.,0.));
#3346 = DIRECTION('',(0.,0.,1.));
#3347 = DEFINITIONAL_REPRESENTATION('',(#3348),#3352);
#3348 = LINE('',#3349,#3350);
#3349 = CARTESIAN_POINT('',(0.,0.8));
#3350 = VECTOR('',#3351,1.);
#3351 = DIRECTION('',(1.,0.));
#3352 = ( GEOMETRIC_REPRESENTATION_CONTEXT(2) 
PARAMETRIC_REPRESENTATION_CONTEXT() REPRESENTATION_CONTEXT('2D SPACE',''
  ) );
#3353 = ORIENTED_EDGE('',*,*,#3354,.T.);
#3354 = EDGE_CURVE('',#3327,#2453,#3355,.T.);
#3355 = SURFACE_CURVE('',#3356,(#3360,#3367),.PCURVE_S1.);
#3356 = LINE('',#3357,#3358);
#3357 = CARTESIAN_POINT('',(24.4,16.,26.5));
#3358 = VECTOR('',#3359,1.);
#3359 = DIRECTION('',(0.,1.,0.));
#3360 = PCURVE('',#2493,#3361);
#3361 = DEFINITIONAL_REPRESENTATION('',(#3362),#3366);
#3362 = LINE('',#3363,#3364);
#3363 = CARTESIAN_POINT('',(0.,0.));
#3364 = VECTOR('',#3365,1.);
#3365 = DIRECTION('',(0.,-1.));
#3366 = ( GEOMETRIC_REPRESENTATION_CONTEXT(2) 
PARAMETRIC_REPRESENTATION_CONTEXT() REPRESENTATION_CONTEXT('2D SPACE',''
  ) );
#3367 = PCURVE('',#2468,#3368);
#3368 = DEFINITIONAL_REPRESENTATION('',(#3369),#3373);
#3369 = LINE('',#3370,#3371);
#3370 = CARTESIAN_POINT('',(0.8,0.));
#3371 = VECTOR('',#3372,1.);
#3372 = DIRECTION('',(0.,1.));
#3373 = ( GEOMETRIC_REPRESENTATION_CONTEXT(2) 
PARAMETRIC_REPRESENTATION_CONTEXT() REPRESENTATION_CONTEXT('2D SPACE',''
  ) );
#3374 = ORIENTED_EDGE('',*,*,#2479,.F.);
#3375 = ADVANCED_FACE('',(#3376),#3342,.F.);
#3376 = FACE_BOUND('',#3377,.F.);
#3377 = EDGE_LOOP('',(#3378,#3401,#3424,#3445));
#3378 = ORIENTED_EDGE('',*,*,#3379,.F.);
#3379 = EDGE_CURVE('',#3380,#3327,#3382,.T.);
#3380 = VERTEX_POINT('',#3381);
#3381 = CARTESIAN_POINT('',(23.6,16.,26.5));
#3382 = SURFACE_CURVE('',#3383,(#3387,#3394),.PCURVE_S1.);
#3383 = LINE('',#3384,#3385);
#3384 = CARTESIAN_POINT('',(23.6,16.,26.5));
#3385 = VECTOR('',#3386,1.);
#3386 = DIRECTION('',(1.,0.,0.));
#3387 = PCURVE('',#3342,#3388);
#3388 = DEFINITIONAL_REPRESENTATION('',(#3389),#3393);
#3389 = LINE('',#3390,#3391);
#3390 = CARTESIAN_POINT('',(0.,0.));
#3391 = VECTOR('',#3392,1.);
#3392 = DIRECTION('',(0.,1.));
#3393 = ( GEOMETRIC_REPRESENTATION_CONTEXT(2) 
PARAMETRIC_REPRESENTATION_CONTEXT() REPRESENTATION_CONTEXT('2D SPACE',''
  ) );
#3394 = PCURVE('',#2468,#3395);
#3395 = DEFINITIONAL_REPRESENTATION('',(#3396),#3400);
#3396 = LINE('',#3397,#3398);
#3397 = CARTESIAN_POINT('',(0.,0.));
#3398 = VECTOR('',#3399,1.);
#3399 = DIRECTION('',(1.,0.));
#3400 = ( GEOMETRIC_REPRESENTATION_CONTEXT(2) 
PARAMETRIC_REPRESENTATION_CONTEXT() REPRESENTATION_CONTEXT('2D SPACE',''
  ) );
#3401 = ORIENTED_EDGE('',*,*,#3402,.T.);
#3402 = EDGE_CURVE('',#3380,#3403,#3405,.T.);
#3403 = VERTEX_POINT('',#3404);
#3404 = CARTESIAN_POINT('',(23.6,16.,56.5));
#3405 = SURFACE_CURVE('',#3406,(#3410,#3417),.PCURVE_S1.);
#3406 = LINE('',#3407,#3408);
#3407 = CARTESIAN_POINT('',(23.6,16.,26.5));
#3408 = VECTOR('',#3409,1.);
#3409 = DIRECTION('',(0.,0.,1.));
#3410 = PCURVE('',#3342,#3411);
#3411 = DEFINITIONAL_REPRESENTATION('',(#3412),#3416);
#3412 = LINE('',#3413,#3414);
#3413 = CARTESIAN_POINT('',(0.,0.));
#3414 = VECTOR('',#3415,1.);
#3415 = DIRECTION('',(1.,0.));
#3416 = ( GEOMETRIC_REPRESENTATION_CONTEXT(2) 
PARAMETRIC_REPRESENTATION_CONTEXT() REPRESENTATION_CONTEXT('2D SPACE',''
  ) );
#3417 = PCURVE('',#2441,#3418);
#3418 = DEFINITIONAL_REPRESENTATION('',(#3419),#3423);
#3419 = LINE('',#3420,#3421);
#3420 = CARTESIAN_POINT('',(0.,0.));
#3421 = VECTOR('',#3422,1.);
#3422 = DIRECTION('',(1.,0.));
#3423 = ( GEOMETRIC_REPRESENTATION_CONTEXT(2) 
PARAMETRIC_REPRESENTATION_CONTEXT() REPRESENTATION_CONTEXT('2D SPACE',''
  ) );
#3424 = ORIENTED_EDGE('',*,*,#3425,.T.);
#3425 = EDGE_CURVE('',#3403,#3304,#3426,.T.);
#3426 = SURFACE_CURVE('',#3427,(#3431,#3438),.PCURVE_S1.);
#3427 = LINE('',#3428,#3429);
#3428 = CARTESIAN_POINT('',(23.6,16.,56.5));
#3429 = VECTOR('',#3430,1.);
#3430 = DIRECTION('',(1.,0.,0.));
#3431 = PCURVE('',#3342,#3432);
#3432 = DEFINITIONAL_REPRESENTATION('',(#3433),#3437);
#3433 = LINE('',#3434,#3435);
#3434 = CARTESIAN_POINT('',(30.,0.));
#3435 = VECTOR('',#3436,1.);
#3436 = DIRECTION('',(0.,1.));
#3437 = ( GEOMETRIC_REPRESENTATION_CONTEXT(2) 
PARAMETRIC_REPRESENTATION_CONTEXT() REPRESENTATION_CONTEXT('2D SPACE',''
  ) );
#3438 = PCURVE('',#2414,#3439);
#3439 = DEFINITIONAL_REPRESENTATION('',(#3440),#3444);
#3440 = LINE('',#3441,#3442);
#3441 = CARTESIAN_POINT('',(0.,0.));
#3442 = VECTOR('',#3443,1.);
#3443 = DIRECTION('',(1.,0.));
#3444 = ( GEOMETRIC_REPRESENTATION_CONTEXT(2) 
PARAMETRIC_REPRESENTATION_CONTEXT() REPRESENTATION_CONTEXT('2D SPACE',''
  ) );
#3445 = ORIENTED_EDGE('',*,*,#3326,.F.);
#3446 = ADVANCED_FACE('',(#3447),#2468,.F.);
#3447 = FACE_BOUND('',#3448,.F.);
#3448 = EDGE_LOOP('',(#3449,#3470,#3471,#3472));
#3449 = ORIENTED_EDGE('',*,*,#3450,.F.);
#3450 = EDGE_CURVE('',#3380,#2426,#3451,.T.);
#3451 = SURFACE_CURVE('',#3452,(#3456,#3463),.PCURVE_S1.);
#3452 = LINE('',#3453,#3454);
#3453 = CARTESIAN_POINT('',(23.6,16.,26.5));
#3454 = VECTOR('',#3455,1.);
#3455 = DIRECTION('',(0.,1.,0.));
#3456 = PCURVE('',#2468,#3457);
#3457 = DEFINITIONAL_REPRESENTATION('',(#3458),#3462);
#3458 = LINE('',#3459,#3460);
#3459 = CARTESIAN_POINT('',(0.,0.));
#3460 = VECTOR('',#3461,1.);
#3461 = DIRECTION('',(0.,1.));
#3462 = ( GEOMETRIC_REPRESENTATION_CONTEXT(2) 
PARAMETRIC_REPRESENTATION_CONTEXT() REPRESENTATION_CONTEXT('2D SPACE',''
  ) );
#3463 = PCURVE('',#2441,#3464);
#3464 = DEFINITIONAL_REPRESENTATION('',(#3465),#3469);
#3465 = LINE('',#3466,#3467);
#3466 = CARTESIAN_POINT('',(0.,0.));
#3467 = VECTOR('',#3468,1.);
#3468 = DIRECTION('',(0.,-1.));
#3469 = ( GEOMETRIC_REPRESENTATION_CONTEXT(2) 
PARAMETRIC_REPRESENTATION_CONTEXT() REPRESENTATION_CONTEXT('2D SPACE',''
  ) );
#3470 = ORIENTED_EDGE('',*,*,#3379,.T.);
#3471 = ORIENTED_EDGE('',*,*,#3354,.T.);
#3472 = ORIENTED_EDGE('',*,*,#2452,.F.);
#3473 = ADVANCED_FACE('',(#3474),#2441,.F.);
#3474 = FACE_BOUND('',#3475,.F.);
#3475 = EDGE_LOOP('',(#3476,#3497,#3498,#3499));
#3476 = ORIENTED_EDGE('',*,*,#3477,.F.);
#3477 = EDGE_CURVE('',#3403,#2397,#3478,.T.);
#3478 = SURFACE_CURVE('',#3479,(#3483,#3490),.PCURVE_S1.);
#3479 = LINE('',#3480,#3481);
#3480 = CARTESIAN_POINT('',(23.6,16.,56.5));
#3481 = VECTOR('',#3482,1.);
#3482 = DIRECTION('',(0.,1.,0.));
#3483 = PCURVE('',#2441,#3484);
#3484 = DEFINITIONAL_REPRESENTATION('',(#3485),#3489);
#3485 = LINE('',#3486,#3487);
#3486 = CARTESIAN_POINT('',(30.,0.));
#3487 = VECTOR('',#3488,1.);
#3488 = DIRECTION('',(0.,-1.));
#3489 = ( GEOMETRIC_REPRESENTATION_CONTEXT(2) 
PARAMETRIC_REPRESENTATION_CONTEXT() REPRESENTATION_CONTEXT('2D SPACE',''
  ) );
#3490 = PCURVE('',#2414,#3491);
#3491 = DEFINITIONAL_REPRESENTATION('',(#3492),#3496);
#3492 = LINE('',#3493,#3494);
#3493 = CARTESIAN_POINT('',(0.,0.));
#3494 = VECTOR('',#3495,1.);
#3495 = DIRECTION('',(0.,1.));
#3496 = ( GEOMETRIC_REPRESENTATION_CONTEXT(2) 
PARAMETRIC_REPRESENTATION_CONTEXT() REPRESENTATION_CONTEXT('2D SPACE',''
  ) );
#3497 = ORIENTED_EDGE('',*,*,#3402,.F.);
#3498 = ORIENTED_EDGE('',*,*,#3450,.T.);
#3499 = ORIENTED_EDGE('',*,*,#2425,.F.);
#3500 = ADVANCED_FACE('',(#3501),#2414,.T.);
#3501 = FACE_BOUND('',#3502,.T.);
#3502 = EDGE_LOOP('',(#3503,#3504,#3505,#3506));
#3503 = ORIENTED_EDGE('',*,*,#3477,.F.);
#3504 = ORIENTED_EDGE('',*,*,#3425,.T.);
#3505 = ORIENTED_EDGE('',*,*,#3303,.T.);
#3506 = ORIENTED_EDGE('',*,*,#2396,.F.);
#3507 = ADVANCED_FACE('',(#3508),#2383,.T.);
#3508 = FACE_BOUND('',#3509,.T.);
#3509 = EDGE_LOOP('',(#3510,#3533,#3561,#3582));
#3510 = ORIENTED_EDGE('',*,*,#3511,.F.);
#3511 = EDGE_CURVE('',#3512,#2287,#3514,.T.);
#3512 = VERTEX_POINT('',#3513);
#3513 = CARTESIAN_POINT('',(24.5,20.5,74.5));
#3514 = SURFACE_CURVE('',#3515,(#3519,#3526),.PCURVE_S1.);
#3515 = LINE('',#3516,#3517);
#3516 = CARTESIAN_POINT('',(24.5,20.5,74.5));
#3517 = VECTOR('',#3518,1.);
#3518 = DIRECTION('',(0.,-1.,0.));
#3519 = PCURVE('',#2383,#3520);
#3520 = DEFINITIONAL_REPRESENTATION('',(#3521),#3525);
#3521 = LINE('',#3522,#3523);
#3522 = CARTESIAN_POINT('',(0.,0.));
#3523 = VECTOR('',#3524,1.);
#3524 = DIRECTION('',(1.,0.));
#3525 = ( GEOMETRIC_REPRESENTATION_CONTEXT(2) 
PARAMETRIC_REPRESENTATION_CONTEXT() REPRESENTATION_CONTEXT('2D SPACE',''
  ) );
#3526 = PCURVE('',#2304,#3527);
#3527 = DEFINITIONAL_REPRESENTATION('',(#3528),#3532);
#3528 = LINE('',#3529,#3530);
#3529 = CARTESIAN_POINT('',(2.5,-1.299894189934));
#3530 = VECTOR('',#3531,1.);
#3531 = DIRECTION('',(0.,1.));
#3532 = ( GEOMETRIC_REPRESENTATION_CONTEXT(2) 
PARAMETRIC_REPRESENTATION_CONTEXT() REPRESENTATION_CONTEXT('2D SPACE',''
  ) );
#3533 = ORIENTED_EDGE('',*,*,#3534,.T.);
#3534 = EDGE_CURVE('',#3512,#3535,#3537,.T.);
#3535 = VERTEX_POINT('',#3536);
#3536 = CARTESIAN_POINT('',(25.5,20.5,74.5));
#3537 = SURFACE_CURVE('',#3538,(#3542,#3549),.PCURVE_S1.);
#3538 = LINE('',#3539,#3540);
#3539 = CARTESIAN_POINT('',(24.5,20.5,74.5));
#3540 = VECTOR('',#3541,1.);
#3541 = DIRECTION('',(1.,0.,0.));
#3542 = PCURVE('',#2383,#3543);
#3543 = DEFINITIONAL_REPRESENTATION('',(#3544),#3548);
#3544 = LINE('',#3545,#3546);
#3545 = CARTESIAN_POINT('',(0.,0.));
#3546 = VECTOR('',#3547,1.);
#3547 = DIRECTION('',(0.,-1.));
#3548 = ( GEOMETRIC_REPRESENTATION_CONTEXT(2) 
PARAMETRIC_REPRESENTATION_CONTEXT() REPRESENTATION_CONTEXT('2D SPACE',''
  ) );
#3549 = PCURVE('',#3550,#3555);
#3550 = CYLINDRICAL_SURFACE('',#3551,0.5);
#3551 = AXIS2_PLACEMENT_3D('',#3552,#3553,#3554);
#3552 = CARTESIAN_POINT('',(24.5,20.5,74.));
#3553 = DIRECTION('',(-1.,0.,0.));
#3554 = DIRECTION('',(0.,1.,0.));
#3555 = DEFINITIONAL_REPRESENTATION('',(#3556),#3560);
#3556 = LINE('',#3557,#3558);
#3557 = CARTESIAN_POINT('',(-1.570796326795,0.));
#3558 = VECTOR('',#3559,1.);
#3559 = DIRECTION('',(0.,-1.));
#3560 = ( GEOMETRIC_REPRESENTATION_CONTEXT(2) 
PARAMETRIC_REPRESENTATION_CONTEXT() REPRESENTATION_CONTEXT('2D SPACE',''
  ) );
#3561 = ORIENTED_EDGE('',*,*,#3562,.T.);
#3562 = EDGE_CURVE('',#3535,#2343,#3563,.T.);
#3563 = SURFACE_CURVE('',#3564,(#3568,#3575),.PCURVE_S1.);
#3564 = LINE('',#3565,#3566);
#3565 = CARTESIAN_POINT('',(25.5,20.5,74.5));
#3566 = VECTOR('',#3567,1.);
#3567 = DIRECTION('',(0.,-1.,0.));
#3568 = PCURVE('',#2383,#3569);
#3569 = DEFINITIONAL_REPRESENTATION('',(#3570),#3574);
#3570 = LINE('',#3571,#3572);
#3571 = CARTESIAN_POINT('',(0.,-1.));
#3572 = VECTOR('',#3573,1.);
#3573 = DIRECTION('',(1.,0.));
#3574 = ( GEOMETRIC_REPRESENTATION_CONTEXT(2) 
PARAMETRIC_REPRESENTATION_CONTEXT() REPRESENTATION_CONTEXT('2D SPACE',''
  ) );
#3575 = PCURVE('',#2358,#3576);
#3576 = DEFINITIONAL_REPRESENTATION('',(#3577),#3581);
#3577 = LINE('',#3578,#3579);
#3578 = CARTESIAN_POINT('',(2.5,-1.299894189934));
#3579 = VECTOR('',#3580,1.);
#3580 = DIRECTION('',(0.,1.));
#3581 = ( GEOMETRIC_REPRESENTATION_CONTEXT(2) 
PARAMETRIC_REPRESENTATION_CONTEXT() REPRESENTATION_CONTEXT('2D SPACE',''
  ) );
#3582 = ORIENTED_EDGE('',*,*,#2369,.T.);
#3583 = ADVANCED_FACE('',(#3584),#3550,.F.);
#3584 = FACE_BOUND('',#3585,.T.);
#3585 = EDGE_LOOP('',(#3586,#3616,#3638,#3639));
#3586 = ORIENTED_EDGE('',*,*,#3587,.T.);
#3587 = EDGE_CURVE('',#3588,#3590,#3592,.T.);
#3588 = VERTEX_POINT('',#3589);
#3589 = CARTESIAN_POINT('',(24.5,21.,74.));
#3590 = VERTEX_POINT('',#3591);
#3591 = CARTESIAN_POINT('',(25.5,21.,74.));
#3592 = SURFACE_CURVE('',#3593,(#3597,#3604),.PCURVE_S1.);
#3593 = LINE('',#3594,#3595);
#3594 = CARTESIAN_POINT('',(24.5,21.,74.));
#3595 = VECTOR('',#3596,1.);
#3596 = DIRECTION('',(1.,0.,0.));
#3597 = PCURVE('',#3550,#3598);
#3598 = DEFINITIONAL_REPRESENTATION('',(#3599),#3603);
#3599 = LINE('',#3600,#3601);
#3600 = CARTESIAN_POINT('',(0.,0.));
#3601 = VECTOR('',#3602,1.);
#3602 = DIRECTION('',(0.,-1.));
#3603 = ( GEOMETRIC_REPRESENTATION_CONTEXT(2) 
PARAMETRIC_REPRESENTATION_CONTEXT() REPRESENTATION_CONTEXT('2D SPACE',''
  ) );
#3604 = PCURVE('',#3605,#3610);
#3605 = PLANE('',#3606);
#3606 = AXIS2_PLACEMENT_3D('',#3607,#3608,#3609);
#3607 = CARTESIAN_POINT('',(24.5,21.,70.));
#3608 = DIRECTION('',(0.,-1.,0.));
#3609 = DIRECTION('',(0.,0.,1.));
#3610 = DEFINITIONAL_REPRESENTATION('',(#3611),#3615);
#3611 = LINE('',#3612,#3613);
#3612 = CARTESIAN_POINT('',(4.,0.));
#3613 = VECTOR('',#3614,1.);
#3614 = DIRECTION('',(0.,-1.));
#3615 = ( GEOMETRIC_REPRESENTATION_CONTEXT(2) 
PARAMETRIC_REPRESENTATION_CONTEXT() REPRESENTATION_CONTEXT('2D SPACE',''
  ) );
#3616 = ORIENTED_EDGE('',*,*,#3617,.T.);
#3617 = EDGE_CURVE('',#3590,#3535,#3618,.T.);
#3618 = SURFACE_CURVE('',#3619,(#3624,#3631),.PCURVE_S1.);
#3619 = CIRCLE('',#3620,0.5);
#3620 = AXIS2_PLACEMENT_3D('',#3621,#3622,#3623);
#3621 = CARTESIAN_POINT('',(25.5,20.5,74.));
#3622 = DIRECTION('',(1.,0.,0.));
#3623 = DIRECTION('',(0.,1.,0.));
#3624 = PCURVE('',#3550,#3625);
#3625 = DEFINITIONAL_REPRESENTATION('',(#3626),#3630);
#3626 = LINE('',#3627,#3628);
#3627 = CARTESIAN_POINT('',(0.,-1.));
#3628 = VECTOR('',#3629,1.);
#3629 = DIRECTION('',(-1.,0.));
#3630 = ( GEOMETRIC_REPRESENTATION_CONTEXT(2) 
PARAMETRIC_REPRESENTATION_CONTEXT() REPRESENTATION_CONTEXT('2D SPACE',''
  ) );
#3631 = PCURVE('',#2358,#3632);
#3632 = DEFINITIONAL_REPRESENTATION('',(#3633),#3637);
#3633 = CIRCLE('',#3634,0.5);
#3634 = AXIS2_PLACEMENT_2D('',#3635,#3636);
#3635 = CARTESIAN_POINT('',(2.,-1.299894189934));
#3636 = DIRECTION('',(0.,-1.));
#3637 = ( GEOMETRIC_REPRESENTATION_CONTEXT(2) 
PARAMETRIC_REPRESENTATION_CONTEXT() REPRESENTATION_CONTEXT('2D SPACE',''
  ) );
#3638 = ORIENTED_EDGE('',*,*,#3534,.F.);
#3639 = ORIENTED_EDGE('',*,*,#3640,.F.);
#3640 = EDGE_CURVE('',#3588,#3512,#3641,.T.);
#3641 = SURFACE_CURVE('',#3642,(#3647,#3654),.PCURVE_S1.);
#3642 = CIRCLE('',#3643,0.5);
#3643 = AXIS2_PLACEMENT_3D('',#3644,#3645,#3646);
#3644 = CARTESIAN_POINT('',(24.5,20.5,74.));
#3645 = DIRECTION('',(1.,0.,0.));
#3646 = DIRECTION('',(0.,1.,0.));
#3647 = PCURVE('',#3550,#3648);
#3648 = DEFINITIONAL_REPRESENTATION('',(#3649),#3653);
#3649 = LINE('',#3650,#3651);
#3650 = CARTESIAN_POINT('',(0.,0.));
#3651 = VECTOR('',#3652,1.);
#3652 = DIRECTION('',(-1.,0.));
#3653 = ( GEOMETRIC_REPRESENTATION_CONTEXT(2) 
PARAMETRIC_REPRESENTATION_CONTEXT() REPRESENTATION_CONTEXT('2D SPACE',''
  ) );
#3654 = PCURVE('',#2304,#3655);
#3655 = DEFINITIONAL_REPRESENTATION('',(#3656),#3660);
#3656 = CIRCLE('',#3657,0.5);
#3657 = AXIS2_PLACEMENT_2D('',#3658,#3659);
#3658 = CARTESIAN_POINT('',(2.,-1.299894189934));
#3659 = DIRECTION('',(0.,-1.));
#3660 = ( GEOMETRIC_REPRESENTATION_CONTEXT(2) 
PARAMETRIC_REPRESENTATION_CONTEXT() REPRESENTATION_CONTEXT('2D SPACE',''
  ) );
#3661 = ADVANCED_FACE('',(#3662),#3605,.T.);
#3662 = FACE_BOUND('',#3663,.T.);
#3663 = EDGE_LOOP('',(#3664,#3694,#3715,#3716));
#3664 = ORIENTED_EDGE('',*,*,#3665,.T.);
#3665 = EDGE_CURVE('',#3666,#3668,#3670,.T.);
#3666 = VERTEX_POINT('',#3667);
#3667 = CARTESIAN_POINT('',(24.5,21.,70.));
#3668 = VERTEX_POINT('',#3669);
#3669 = CARTESIAN_POINT('',(25.5,21.,70.));
#3670 = SURFACE_CURVE('',#3671,(#3675,#3682),.PCURVE_S1.);
#3671 = LINE('',#3672,#3673);
#3672 = CARTESIAN_POINT('',(24.5,21.,70.));
#3673 = VECTOR('',#3674,1.);
#3674 = DIRECTION('',(1.,0.,0.));
#3675 = PCURVE('',#3605,#3676);
#3676 = DEFINITIONAL_REPRESENTATION('',(#3677),#3681);
#3677 = LINE('',#3678,#3679);
#3678 = CARTESIAN_POINT('',(0.,0.));
#3679 = VECTOR('',#3680,1.);
#3680 = DIRECTION('',(0.,-1.));
#3681 = ( GEOMETRIC_REPRESENTATION_CONTEXT(2) 
PARAMETRIC_REPRESENTATION_CONTEXT() REPRESENTATION_CONTEXT('2D SPACE',''
  ) );
#3682 = PCURVE('',#3683,#3688);
#3683 = CYLINDRICAL_SURFACE('',#3684,0.5);
#3684 = AXIS2_PLACEMENT_3D('',#3685,#3686,#3687);
#3685 = CARTESIAN_POINT('',(24.5,20.5,70.));
#3686 = DIRECTION('',(-1.,0.,0.));
#3687 = DIRECTION('',(0.,-1.42108547152E-14,-1.));
#3688 = DEFINITIONAL_REPRESENTATION('',(#3689),#3693);
#3689 = LINE('',#3690,#3691);
#3690 = CARTESIAN_POINT('',(-1.570796326795,0.));
#3691 = VECTOR('',#3692,1.);
#3692 = DIRECTION('',(0.,-1.));
#3693 = ( GEOMETRIC_REPRESENTATION_CONTEXT(2) 
PARAMETRIC_REPRESENTATION_CONTEXT() REPRESENTATION_CONTEXT('2D SPACE',''
  ) );
#3694 = ORIENTED_EDGE('',*,*,#3695,.T.);
#3695 = EDGE_CURVE('',#3668,#3590,#3696,.T.);
#3696 = SURFACE_CURVE('',#3697,(#3701,#3708),.PCURVE_S1.);
#3697 = LINE('',#3698,#3699);
#3698 = CARTESIAN_POINT('',(25.5,21.,70.));
#3699 = VECTOR('',#3700,1.);
#3700 = DIRECTION('',(0.,0.,1.));
#3701 = PCURVE('',#3605,#3702);
#3702 = DEFINITIONAL_REPRESENTATION('',(#3703),#3707);
#3703 = LINE('',#3704,#3705);
#3704 = CARTESIAN_POINT('',(0.,-1.));
#3705 = VECTOR('',#3706,1.);
#3706 = DIRECTION('',(1.,0.));
#3707 = ( GEOMETRIC_REPRESENTATION_CONTEXT(2) 
PARAMETRIC_REPRESENTATION_CONTEXT() REPRESENTATION_CONTEXT('2D SPACE',''
  ) );
#3708 = PCURVE('',#2358,#3709);
#3709 = DEFINITIONAL_REPRESENTATION('',(#3710),#3714);
#3710 = LINE('',#3711,#3712);
#3711 = CARTESIAN_POINT('',(-2.,-1.799894189934));
#3712 = VECTOR('',#3713,1.);
#3713 = DIRECTION('',(1.,0.));
#3714 = ( GEOMETRIC_REPRESENTATION_CONTEXT(2) 
PARAMETRIC_REPRESENTATION_CONTEXT() REPRESENTATION_CONTEXT('2D SPACE',''
  ) );
#3715 = ORIENTED_EDGE('',*,*,#3587,.F.);
#3716 = ORIENTED_EDGE('',*,*,#3717,.F.);
#3717 = EDGE_CURVE('',#3666,#3588,#3718,.T.);
#3718 = SURFACE_CURVE('',#3719,(#3723,#3730),.PCURVE_S1.);
#3719 = LINE('',#3720,#3721);
#3720 = CARTESIAN_POINT('',(24.5,21.,70.));
#3721 = VECTOR('',#3722,1.);
#3722 = DIRECTION('',(0.,0.,1.));
#3723 = PCURVE('',#3605,#3724);
#3724 = DEFINITIONAL_REPRESENTATION('',(#3725),#3729);
#3725 = LINE('',#3726,#3727);
#3726 = CARTESIAN_POINT('',(0.,0.));
#3727 = VECTOR('',#3728,1.);
#3728 = DIRECTION('',(1.,0.));
#3729 = ( GEOMETRIC_REPRESENTATION_CONTEXT(2) 
PARAMETRIC_REPRESENTATION_CONTEXT() REPRESENTATION_CONTEXT('2D SPACE',''
  ) );
#3730 = PCURVE('',#2304,#3731);
#3731 = DEFINITIONAL_REPRESENTATION('',(#3732),#3736);
#3732 = LINE('',#3733,#3734);
#3733 = CARTESIAN_POINT('',(-2.,-1.799894189934));
#3734 = VECTOR('',#3735,1.);
#3735 = DIRECTION('',(1.,0.));
#3736 = ( GEOMETRIC_REPRESENTATION_CONTEXT(2) 
PARAMETRIC_REPRESENTATION_CONTEXT() REPRESENTATION_CONTEXT('2D SPACE',''
  ) );
#3737 = ADVANCED_FACE('',(#3738),#3683,.F.);
#3738 = FACE_BOUND('',#3739,.T.);
#3739 = EDGE_LOOP('',(#3740,#3765,#3787,#3788));
#3740 = ORIENTED_EDGE('',*,*,#3741,.T.);
#3741 = EDGE_CURVE('',#3742,#3744,#3746,.T.);
#3742 = VERTEX_POINT('',#3743);
#3743 = CARTESIAN_POINT('',(24.5,20.5,69.5));
#3744 = VERTEX_POINT('',#3745);
#3745 = CARTESIAN_POINT('',(25.5,20.5,69.5));
#3746 = SURFACE_CURVE('',#3747,(#3751,#3758),.PCURVE_S1.);
#3747 = LINE('',#3748,#3749);
#3748 = CARTESIAN_POINT('',(24.5,20.5,69.5));
#3749 = VECTOR('',#3750,1.);
#3750 = DIRECTION('',(1.,0.,0.));
#3751 = PCURVE('',#3683,#3752);
#3752 = DEFINITIONAL_REPRESENTATION('',(#3753),#3757);
#3753 = LINE('',#3754,#3755);
#3754 = CARTESIAN_POINT('',(0.,0.));
#3755 = VECTOR('',#3756,1.);
#3756 = DIRECTION('',(0.,-1.));
#3757 = ( GEOMETRIC_REPRESENTATION_CONTEXT(2) 
PARAMETRIC_REPRESENTATION_CONTEXT() REPRESENTATION_CONTEXT('2D SPACE',''
  ) );
#3758 = PCURVE('',#2331,#3759);
#3759 = DEFINITIONAL_REPRESENTATION('',(#3760),#3764);
#3760 = LINE('',#3761,#3762);
#3761 = CARTESIAN_POINT('',(3.,0.));
#3762 = VECTOR('',#3763,1.);
#3763 = DIRECTION('',(0.,-1.));
#3764 = ( GEOMETRIC_REPRESENTATION_CONTEXT(2) 
PARAMETRIC_REPRESENTATION_CONTEXT() REPRESENTATION_CONTEXT('2D SPACE',''
  ) );
#3765 = ORIENTED_EDGE('',*,*,#3766,.T.);
#3766 = EDGE_CURVE('',#3744,#3668,#3767,.T.);
#3767 = SURFACE_CURVE('',#3768,(#3773,#3780),.PCURVE_S1.);
#3768 = CIRCLE('',#3769,0.5);
#3769 = AXIS2_PLACEMENT_3D('',#3770,#3771,#3772);
#3770 = CARTESIAN_POINT('',(25.5,20.5,70.));
#3771 = DIRECTION('',(1.,0.,0.));
#3772 = DIRECTION('',(0.,-1.42108547152E-14,-1.));
#3773 = PCURVE('',#3683,#3774);
#3774 = DEFINITIONAL_REPRESENTATION('',(#3775),#3779);
#3775 = LINE('',#3776,#3777);
#3776 = CARTESIAN_POINT('',(0.,-1.));
#3777 = VECTOR('',#3778,1.);
#3778 = DIRECTION('',(-1.,0.));
#3779 = ( GEOMETRIC_REPRESENTATION_CONTEXT(2) 
PARAMETRIC_REPRESENTATION_CONTEXT() REPRESENTATION_CONTEXT('2D SPACE',''
  ) );
#3780 = PCURVE('',#2358,#3781);
#3781 = DEFINITIONAL_REPRESENTATION('',(#3782),#3786);
#3782 = CIRCLE('',#3783,0.5);
#3783 = AXIS2_PLACEMENT_2D('',#3784,#3785);
#3784 = CARTESIAN_POINT('',(-2.,-1.299894189934));
#3785 = DIRECTION('',(-1.,1.42108547152E-14));
#3786 = ( GEOMETRIC_REPRESENTATION_CONTEXT(2) 
PARAMETRIC_REPRESENTATION_CONTEXT() REPRESENTATION_CONTEXT('2D SPACE',''
  ) );
#3787 = ORIENTED_EDGE('',*,*,#3665,.F.);
#3788 = ORIENTED_EDGE('',*,*,#3789,.F.);
#3789 = EDGE_CURVE('',#3742,#3666,#3790,.T.);
#3790 = SURFACE_CURVE('',#3791,(#3796,#3803),.PCURVE_S1.);
#3791 = CIRCLE('',#3792,0.5);
#3792 = AXIS2_PLACEMENT_3D('',#3793,#3794,#3795);
#3793 = CARTESIAN_POINT('',(24.5,20.5,70.));
#3794 = DIRECTION('',(1.,0.,0.));
#3795 = DIRECTION('',(0.,-1.42108547152E-14,-1.));
#3796 = PCURVE('',#3683,#3797);
#3797 = DEFINITIONAL_REPRESENTATION('',(#3798),#3802);
#3798 = LINE('',#3799,#3800);
#3799 = CARTESIAN_POINT('',(0.,0.));
#3800 = VECTOR('',#3801,1.);
#3801 = DIRECTION('',(-1.,0.));
#3802 = ( GEOMETRIC_REPRESENTATION_CONTEXT(2) 
PARAMETRIC_REPRESENTATION_CONTEXT() REPRESENTATION_CONTEXT('2D SPACE',''
  ) );
#3803 = PCURVE('',#2304,#3804);
#3804 = DEFINITIONAL_REPRESENTATION('',(#3805),#3809);
#3805 = CIRCLE('',#3806,0.5);
#3806 = AXIS2_PLACEMENT_2D('',#3807,#3808);
#3807 = CARTESIAN_POINT('',(-2.,-1.299894189934));
#3808 = DIRECTION('',(-1.,1.42108547152E-14));
#3809 = ( GEOMETRIC_REPRESENTATION_CONTEXT(2) 
PARAMETRIC_REPRESENTATION_CONTEXT() REPRESENTATION_CONTEXT('2D SPACE',''
  ) );
#3810 = ADVANCED_FACE('',(#3811),#2358,.F.);
#3811 = FACE_BOUND('',#3812,.F.);
#3812 = EDGE_LOOP('',(#3813,#3814,#3835,#3836,#3837,#3838));
#3813 = ORIENTED_EDGE('',*,*,#2342,.T.);
#3814 = ORIENTED_EDGE('',*,*,#3815,.T.);
#3815 = EDGE_CURVE('',#2316,#3744,#3816,.T.);
#3816 = SURFACE_CURVE('',#3817,(#3821,#3828),.PCURVE_S1.);
#3817 = LINE('',#3818,#3819);
#3818 = CARTESIAN_POINT('',(25.5,17.5,69.5));
#3819 = VECTOR('',#3820,1.);
#3820 = DIRECTION('',(0.,1.,0.));
#3821 = PCURVE('',#2358,#3822);
#3822 = DEFINITIONAL_REPRESENTATION('',(#3823),#3827);
#3823 = LINE('',#3824,#3825);
#3824 = CARTESIAN_POINT('',(-2.5,1.700105810066));
#3825 = VECTOR('',#3826,1.);
#3826 = DIRECTION('',(0.,-1.));
#3827 = ( GEOMETRIC_REPRESENTATION_CONTEXT(2) 
PARAMETRIC_REPRESENTATION_CONTEXT() REPRESENTATION_CONTEXT('2D SPACE',''
  ) );
#3828 = PCURVE('',#2331,#3829);
#3829 = DEFINITIONAL_REPRESENTATION('',(#3830),#3834);
#3830 = LINE('',#3831,#3832);
#3831 = CARTESIAN_POINT('',(0.,-1.));
#3832 = VECTOR('',#3833,1.);
#3833 = DIRECTION('',(1.,0.));
#3834 = ( GEOMETRIC_REPRESENTATION_CONTEXT(2) 
PARAMETRIC_REPRESENTATION_CONTEXT() REPRESENTATION_CONTEXT('2D SPACE',''
  ) );
#3835 = ORIENTED_EDGE('',*,*,#3766,.T.);
#3836 = ORIENTED_EDGE('',*,*,#3695,.T.);
#3837 = ORIENTED_EDGE('',*,*,#3617,.T.);
#3838 = ORIENTED_EDGE('',*,*,#3562,.T.);
#3839 = ADVANCED_FACE('',(#3840),#2331,.T.);
#3840 = FACE_BOUND('',#3841,.T.);
#3841 = EDGE_LOOP('',(#3842,#3863,#3864,#3865));
#3842 = ORIENTED_EDGE('',*,*,#3843,.F.);
#3843 = EDGE_CURVE('',#2289,#3742,#3844,.T.);
#3844 = SURFACE_CURVE('',#3845,(#3849,#3856),.PCURVE_S1.);
#3845 = LINE('',#3846,#3847);
#3846 = CARTESIAN_POINT('',(24.5,17.5,69.5));
#3847 = VECTOR('',#3848,1.);
#3848 = DIRECTION('',(0.,1.,0.));
#3849 = PCURVE('',#2331,#3850);
#3850 = DEFINITIONAL_REPRESENTATION('',(#3851),#3855);
#3851 = LINE('',#3852,#3853);
#3852 = CARTESIAN_POINT('',(0.,0.));
#3853 = VECTOR('',#3854,1.);
#3854 = DIRECTION('',(1.,0.));
#3855 = ( GEOMETRIC_REPRESENTATION_CONTEXT(2) 
PARAMETRIC_REPRESENTATION_CONTEXT() REPRESENTATION_CONTEXT('2D SPACE',''
  ) );
#3856 = PCURVE('',#2304,#3857);
#3857 = DEFINITIONAL_REPRESENTATION('',(#3858),#3862);
#3858 = LINE('',#3859,#3860);
#3859 = CARTESIAN_POINT('',(-2.5,1.700105810066));
#3860 = VECTOR('',#3861,1.);
#3861 = DIRECTION('',(0.,-1.));
#3862 = ( GEOMETRIC_REPRESENTATION_CONTEXT(2) 
PARAMETRIC_REPRESENTATION_CONTEXT() REPRESENTATION_CONTEXT('2D SPACE',''
  ) );
#3863 = ORIENTED_EDGE('',*,*,#2315,.T.);
#3864 = ORIENTED_EDGE('',*,*,#3815,.T.);
#3865 = ORIENTED_EDGE('',*,*,#3741,.F.);
#3866 = ADVANCED_FACE('',(#3867),#2304,.T.);
#3867 = FACE_BOUND('',#3868,.T.);
#3868 = EDGE_LOOP('',(#3869,#3870,#3871,#3872,#3873,#3874));
#3869 = ORIENTED_EDGE('',*,*,#2286,.T.);
#3870 = ORIENTED_EDGE('',*,*,#3843,.T.);
#3871 = ORIENTED_EDGE('',*,*,#3789,.T.);
#3872 = ORIENTED_EDGE('',*,*,#3717,.T.);
#3873 = ORIENTED_EDGE('',*,*,#3640,.T.);
#3874 = ORIENTED_EDGE('',*,*,#3511,.T.);
#3875 = ADVANCED_FACE('',(#3876),#2247,.T.);
#3876 = FACE_BOUND('',#3877,.T.);
#3877 = EDGE_LOOP('',(#3878,#3934,#4043,#4176,#4310,#4443,#4580,#4713,
    #4822,#4844));
#3878 = ORIENTED_EDGE('',*,*,#3879,.F.);
#3879 = EDGE_CURVE('',#3880,#2231,#3882,.T.);
#3880 = VERTEX_POINT('',#3881);
#3881 = CARTESIAN_POINT('',(12.5,16.011133185242,11.5));
#3882 = SURFACE_CURVE('',#3883,(#3898,#3916),.PCURVE_S1.);
#3883 = B_SPLINE_CURVE_WITH_KNOTS('',4,(#3884,#3885,#3886,#3887,#3888,
    #3889,#3890,#3891,#3892,#3893,#3894,#3895,#3896,#3897),
  .UNSPECIFIED.,.F.,.F.,(5,3,3,3,5),(0.,0.25,0.5,0.75,1.),
  .UNSPECIFIED.);
#3884 = CARTESIAN_POINT('',(12.95,16.,11.5));
#3885 = CARTESIAN_POINT('',(12.565650782484,16.,11.5));
#3886 = CARTESIAN_POINT('',(12.181300264835,16.02164464495,11.5));
#3887 = CARTESIAN_POINT('',(11.798782466262,16.064933729572,11.5));
#3888 = CARTESIAN_POINT('',(11.041028191899,16.19418443056,11.5));
#3889 = CARTESIAN_POINT('',(10.665789152863,16.28014648414,11.5));
#3890 = CARTESIAN_POINT('',(10.295996085256,16.387136662295,11.5));
#3891 = CARTESIAN_POINT('',(9.570762663145,16.6419577122,11.5));
#3892 = CARTESIAN_POINT('',(9.215319855405,16.789789445931,11.5));
#3893 = CARTESIAN_POINT('',(8.868781200005,16.957434223319,11.5));
#3894 = CARTESIAN_POINT('',(8.196719305971,17.330569714273,11.5));
#3895 = CARTESIAN_POINT('',(7.871193793962,17.536061690038,11.5));
#3896 = CARTESIAN_POINT('',(7.557777073715,17.759587461576,11.5));
#3897 = CARTESIAN_POINT('',(7.257900211697,18.,11.5));
#3898 = PCURVE('',#2247,#3899);
#3899 = DEFINITIONAL_REPRESENTATION('',(#3900),#3915);
#3900 = B_SPLINE_CURVE_WITH_KNOTS('',4,(#3901,#3902,#3903,#3904,#3905,
    #3906,#3907,#3908,#3909,#3910,#3911,#3912,#3913,#3914),
  .UNSPECIFIED.,.F.,.F.,(5,3,3,3,5),(0.,0.25,0.5,0.75,1.),
  .UNSPECIFIED.);
#3901 = CARTESIAN_POINT('',(3.14159265359,0.));
#3902 = CARTESIAN_POINT('',(3.14159265359,4.223617774905E-02));
#3903 = CARTESIAN_POINT('',(3.14159265359,8.447240279147E-02));
#3904 = CARTESIAN_POINT('',(3.14159265359,0.126708627834));
#3905 = CARTESIAN_POINT('',(3.14159265359,0.211180983332));
#3906 = CARTESIAN_POINT('',(3.14159265359,0.253417208374));
#3907 = CARTESIAN_POINT('',(3.14159265359,0.295653433417));
#3908 = CARTESIAN_POINT('',(3.14159265359,0.380125788915));
#3909 = CARTESIAN_POINT('',(3.14159265359,0.422362013957));
#3910 = CARTESIAN_POINT('',(3.14159265359,0.464598239));
#3911 = CARTESIAN_POINT('',(3.14159265359,0.549070594498));
#3912 = CARTESIAN_POINT('',(3.14159265359,0.59130681954));
#3913 = CARTESIAN_POINT('',(3.14159265359,0.633543044583));
#3914 = CARTESIAN_POINT('',(3.14159265359,0.675779222332));
#3915 = ( GEOMETRIC_REPRESENTATION_CONTEXT(2) 
PARAMETRIC_REPRESENTATION_CONTEXT() REPRESENTATION_CONTEXT('2D SPACE',''
  ) );
#3916 = PCURVE('',#62,#3917);
#3917 = DEFINITIONAL_REPRESENTATION('',(#3918),#3933);
#3918 = B_SPLINE_CURVE_WITH_KNOTS('',4,(#3919,#3920,#3921,#3922,#3923,
    #3924,#3925,#3926,#3927,#3928,#3929,#3930,#3931,#3932),
  .UNSPECIFIED.,.F.,.F.,(5,3,3,3,5),(0.,0.25,0.5,0.75,1.),
  .UNSPECIFIED.);
#3919 = CARTESIAN_POINT('',(-2.,-12.95));
#3920 = CARTESIAN_POINT('',(-2.,-12.56565078248));
#3921 = CARTESIAN_POINT('',(-1.97835535505,-12.18130026483));
#3922 = CARTESIAN_POINT('',(-1.935066270428,-11.79878246626));
#3923 = CARTESIAN_POINT('',(-1.80581556944,-11.04102819189));
#3924 = CARTESIAN_POINT('',(-1.71985351586,-10.66578915286));
#3925 = CARTESIAN_POINT('',(-1.612863337705,-10.29599608525));
#3926 = CARTESIAN_POINT('',(-1.3580422878,-9.570762663145));
#3927 = CARTESIAN_POINT('',(-1.210210554069,-9.215319855405));
#3928 = CARTESIAN_POINT('',(-1.042565776681,-8.868781200005));
#3929 = CARTESIAN_POINT('',(-0.669430285727,-8.196719305971));
#3930 = CARTESIAN_POINT('',(-0.463938309962,-7.871193793962));
#3931 = CARTESIAN_POINT('',(-0.240412538424,-7.557777073715));
#3932 = CARTESIAN_POINT('',(0.,-7.257900211697));
#3933 = ( GEOMETRIC_REPRESENTATION_CONTEXT(2) 
PARAMETRIC_REPRESENTATION_CONTEXT() REPRESENTATION_CONTEXT('2D SPACE',''
  ) );
#3934 = ORIENTED_EDGE('',*,*,#3935,.F.);
#3935 = EDGE_CURVE('',#3936,#3880,#3938,.T.);
#3936 = VERTEX_POINT('',#3937);
#3937 = CARTESIAN_POINT('',(12.5,17.668816115483,18.702579338579));
#3938 = SURFACE_CURVE('',#3939,(#3970,#4004),.PCURVE_S1.);
#3939 = B_SPLINE_CURVE_WITH_KNOTS('',8,(#3940,#3941,#3942,#3943,#3944,
    #3945,#3946,#3947,#3948,#3949,#3950,#3951,#3952,#3953,#3954,#3955,
    #3956,#3957,#3958,#3959,#3960,#3961,#3962,#3963,#3964,#3965,#3966,
    #3967,#3968,#3969),.UNSPECIFIED.,.F.,.F.,(9,7,7,7,9),(0.,
    0.32030526672,0.697033383833,0.847946266247,1.),.UNSPECIFIED.);
#3940 = CARTESIAN_POINT('',(12.5,18.,19.176731656138));
#3941 = CARTESIAN_POINT('',(12.5,17.803829947982,18.914019566267));
#3942 = CARTESIAN_POINT('',(12.5,17.618478899223,18.643232982376));
#3943 = CARTESIAN_POINT('',(12.5,17.444284669861,18.364962033544));
#3944 = CARTESIAN_POINT('',(12.5,17.281518007801,18.079811595572));
#3945 = CARTESIAN_POINT('',(12.5,17.130387036554,17.788399190333));
#3946 = CARTESIAN_POINT('',(12.5,16.991032605302,17.491357460367));
#3947 = CARTESIAN_POINT('',(12.5,16.863514545185,17.189341218714));
#3948 = CARTESIAN_POINT('',(12.5,16.611677644694,16.522780775904));
#3949 = CARTESIAN_POINT('',(12.5,16.491845035088,16.156503279644));
#3950 = CARTESIAN_POINT('',(12.5,16.388250324139,15.785374093971));
#3951 = CARTESIAN_POINT('',(12.5,16.300612795487,15.410550626795));
#3952 = CARTESIAN_POINT('',(12.5,16.228348665743,15.033188883038));
#3953 = CARTESIAN_POINT('',(12.5,16.170561974247,14.654449357527));
#3954 = CARTESIAN_POINT('',(12.5,16.125751465967,14.275545361162));
#3955 = CARTESIAN_POINT('',(12.5,16.078409702353,13.746171613721));
#3956 = CARTESIAN_POINT('',(12.5,16.066635883866,13.594912909041));
#3957 = CARTESIAN_POINT('',(12.5,16.056502704394,13.443878372978));
#3958 = CARTESIAN_POINT('',(12.5,16.047871609142,13.293133423918));
#3959 = CARTESIAN_POINT('',(12.5,16.040593681837,13.142730935372));
#3960 = CARTESIAN_POINT('',(12.5,16.034514475673,12.992708127693));
#3961 = CARTESIAN_POINT('',(12.5,16.029481446773,12.843083914605));
#3962 = CARTESIAN_POINT('',(12.5,16.021195331348,12.543501386272));
#3963 = CARTESIAN_POINT('',(12.5,16.017955835703,12.393548212402));
#3964 = CARTESIAN_POINT('',(12.5,16.015491915646,12.24398854073));
#3965 = CARTESIAN_POINT('',(12.5,16.013670660631,12.094786902812));
#3966 = CARTESIAN_POINT('',(12.5,16.012382393739,11.945880748149));
#3967 = CARTESIAN_POINT('',(12.5,16.011549736781,11.797183828528));
#3968 = CARTESIAN_POINT('',(12.5,16.011133183944,11.648593222496));
#3969 = CARTESIAN_POINT('',(12.5,16.011133183944,11.5));
#3970 = PCURVE('',#2247,#3971);
#3971 = DEFINITIONAL_REPRESENTATION('',(#3972),#4003);
#3972 = B_SPLINE_CURVE_WITH_KNOTS('',8,(#3973,#3974,#3975,#3976,#3977,
    #3978,#3979,#3980,#3981,#3982,#3983,#3984,#3985,#3986,#3987,#3988,
    #3989,#3990,#3991,#3992,#3993,#3994,#3995,#3996,#3997,#3998,#3999,
    #4000,#4001,#4002),.UNSPECIFIED.,.F.,.F.,(9,7,7,7,9),(0.,
    0.32030526672,0.697033383833,0.847946266247,1.),.UNSPECIFIED.);
#3973 = CARTESIAN_POINT('',(4.339846251465,0.675779222332));
#3974 = CARTESIAN_POINT('',(4.328244446046,0.64131565716));
#3975 = CARTESIAN_POINT('',(4.315498788222,0.607059711967));
#3976 = CARTESIAN_POINT('',(4.301461902288,0.573043710692));
#3977 = CARTESIAN_POINT('',(4.285955312629,0.53930518618));
#3978 = CARTESIAN_POINT('',(4.268760748138,0.505888688721));
#3979 = CARTESIAN_POINT('',(4.249606693336,0.47285004786));
#3980 = CARTESIAN_POINT('',(4.228150186184,0.440263087455));
#3981 = CARTESIAN_POINT('',(4.175495275221,0.370551551987));
#3982 = CARTESIAN_POINT('',(4.143239493617,0.333629390699));
#3983 = CARTESIAN_POINT('',(4.106476528698,0.297633593701));
#3984 = CARTESIAN_POINT('',(4.064312642414,0.262777400385));
#3985 = CARTESIAN_POINT('',(4.015617854299,0.229349193096));
#3986 = CARTESIAN_POINT('',(3.95900050837,0.197725572753));
#3987 = CARTESIAN_POINT('',(3.892724233574,0.168472911881));
#3988 = CARTESIAN_POINT('',(3.785043245145,0.131784202872));
#3989 = CARTESIAN_POINT('',(3.75254249711,0.121781268024));
#3990 = CARTESIAN_POINT('',(3.718279735086,0.11231324276));
#3991 = CARTESIAN_POINT('',(3.682211987065,0.103427007096));
#3992 = CARTESIAN_POINT('',(3.644326636798,9.517125318782E-02));
#3993 = CARTESIAN_POINT('',(3.60465337461,8.759502805323E-02));
#3994 = CARTESIAN_POINT('',(3.563274342044,8.074553867815E-02));
#3995 = CARTESIAN_POINT('',(3.477065972326,6.853893513107E-02));
#3996 = CARTESIAN_POINT('',(3.432212560626,6.319349193522E-02));
#3997 = CARTESIAN_POINT('',(3.3859147135,5.867192868828E-02));
#3998 = CARTESIAN_POINT('',(3.338373477693,5.501279651605E-02));
#3999 = CARTESIAN_POINT('',(3.289849682911,5.224708670246E-02));
#4000 = CARTESIAN_POINT('',(3.240653697845,5.03961668936E-02));
#4001 = CARTESIAN_POINT('',(3.191123727755,4.94707257005E-02));
#4002 = CARTESIAN_POINT('',(3.14159265359,4.94707257005E-02));
#4003 = ( GEOMETRIC_REPRESENTATION_CONTEXT(2) 
PARAMETRIC_REPRESENTATION_CONTEXT() REPRESENTATION_CONTEXT('2D SPACE',''
  ) );
#4004 = PCURVE('',#4005,#4010);
#4005 = PLANE('',#4006);
#4006 = AXIS2_PLACEMENT_3D('',#4007,#4008,#4009);
#4007 = CARTESIAN_POINT('',(12.5,15.839475216591,12.667788432263));
#4008 = DIRECTION('',(1.,0.,0.));
#4009 = DIRECTION('',(0.,0.,1.));
#4010 = DEFINITIONAL_REPRESENTATION('',(#4011),#4042);
#4011 = B_SPLINE_CURVE_WITH_KNOTS('',8,(#4012,#4013,#4014,#4015,#4016,
    #4017,#4018,#4019,#4020,#4021,#4022,#4023,#4024,#4025,#4026,#4027,
    #4028,#4029,#4030,#4031,#4032,#4033,#4034,#4035,#4036,#4037,#4038,
    #4039,#4040,#4041),.UNSPECIFIED.,.F.,.F.,(9,7,7,7,9),(0.,
    0.32030526672,0.697033383833,0.847946266247,1.),.UNSPECIFIED.);
#4012 = CARTESIAN_POINT('',(6.508943223875,-2.160524783409));
#4013 = CARTESIAN_POINT('',(6.246231134004,-1.964354731391));
#4014 = CARTESIAN_POINT('',(5.975444550113,-1.779003682633));
#4015 = CARTESIAN_POINT('',(5.697173601281,-1.604809453271));
#4016 = CARTESIAN_POINT('',(5.412023163309,-1.44204279121));
#4017 = CARTESIAN_POINT('',(5.12061075807,-1.290911819963));
#4018 = CARTESIAN_POINT('',(4.823569028104,-1.151557388711));
#4019 = CARTESIAN_POINT('',(4.521552786451,-1.024039328595));
#4020 = CARTESIAN_POINT('',(3.854992343641,-0.772202428103));
#4021 = CARTESIAN_POINT('',(3.488714847381,-0.652369818498));
#4022 = CARTESIAN_POINT('',(3.117585661708,-0.548775107548));
#4023 = CARTESIAN_POINT('',(2.742762194532,-0.461137578896));
#4024 = CARTESIAN_POINT('',(2.365400450775,-0.388873449152));
#4025 = CARTESIAN_POINT('',(1.986660925264,-0.331086757657));
#4026 = CARTESIAN_POINT('',(1.607756928899,-0.286276249377));
#4027 = CARTESIAN_POINT('',(1.078383181458,-0.238934485762));
#4028 = CARTESIAN_POINT('',(0.927124476778,-0.227160667276));
#4029 = CARTESIAN_POINT('',(0.776089940715,-0.217027487804));
#4030 = CARTESIAN_POINT('',(0.625344991655,-0.208396392551));
#4031 = CARTESIAN_POINT('',(0.474942503109,-0.201118465246));
#4032 = CARTESIAN_POINT('',(0.32491969543,-0.195039259083));
#4033 = CARTESIAN_POINT('',(0.175295482342,-0.190006230182));
#4034 = CARTESIAN_POINT('',(-0.12428704599,-0.181720114758));
#4035 = CARTESIAN_POINT('',(-0.274240219861,-0.178480619112));
#4036 = CARTESIAN_POINT('',(-0.423799891533,-0.176016699055));
#4037 = CARTESIAN_POINT('',(-0.573001529451,-0.174195444041));
#4038 = CARTESIAN_POINT('',(-0.721907684113,-0.172907177148));
#4039 = CARTESIAN_POINT('',(-0.870604603735,-0.172074520191));
#4040 = CARTESIAN_POINT('',(-1.019195209767,-0.171657967354));
#4041 = CARTESIAN_POINT('',(-1.167788432263,-0.171657967354));
#4042 = ( GEOMETRIC_REPRESENTATION_CONTEXT(2) 
PARAMETRIC_REPRESENTATION_CONTEXT() REPRESENTATION_CONTEXT('2D SPACE',''
  ) );
#4043 = ORIENTED_EDGE('',*,*,#4044,.F.);
#4044 = EDGE_CURVE('',#4045,#3936,#4047,.T.);
#4045 = VERTEX_POINT('',#4046);
#4046 = CARTESIAN_POINT('',(13.499999999944,17.009893515578,
    17.911872218075));
#4047 = SURFACE_CURVE('',#4048,(#4087,#4129),.PCURVE_S1.);
#4048 = B_SPLINE_CURVE_WITH_KNOTS('',7,(#4049,#4050,#4051,#4052,#4053,
    #4054,#4055,#4056,#4057,#4058,#4059,#4060,#4061,#4062,#4063,#4064,
    #4065,#4066,#4067,#4068,#4069,#4070,#4071,#4072,#4073,#4074,#4075,
    #4076,#4077,#4078,#4079,#4080,#4081,#4082,#4083,#4084,#4085,#4086),
  .UNSPECIFIED.,.F.,.F.,(8,6,6,6,6,6,8),(0.,0.214071180512,0.30404455585
    ,0.499480221015,0.696357931022,0.786792747245,1.),.UNSPECIFIED.);
#4049 = CARTESIAN_POINT('',(18.5,17.668816115483,18.702579338579));
#4050 = CARTESIAN_POINT('',(18.401048259502,17.544913980508,
    18.55389677661));
#4051 = CARTESIAN_POINT('',(18.280602747929,17.428001498491,
    18.41360179819));
#4052 = CARTESIAN_POINT('',(18.14070971386,17.319973274991,
    18.283967929989));
#4053 = CARTESIAN_POINT('',(17.984148014642,17.221837649702,
    18.166205179643));
#4054 = CARTESIAN_POINT('',(17.81382186571,17.134055531846,
    18.060866638215));
#4055 = CARTESIAN_POINT('',(17.632662695916,17.056614406263,
    17.967937287516));
#4056 = CARTESIAN_POINT('',(17.363752336676,16.960883638863,
    17.853060366635));
#4057 = CARTESIAN_POINT('',(17.282686570494,16.934312070408,
    17.82117448449));
#4058 = CARTESIAN_POINT('',(17.200301009819,16.909469854657,
    17.791363825588));
#4059 = CARTESIAN_POINT('',(17.116752676536,16.886322315071,
    17.763586778086));
#4060 = CARTESIAN_POINT('',(17.032184522715,16.864830309972,
    17.737796371966));
#4061 = CARTESIAN_POINT('',(16.9467239057,16.844952555704,
    17.713943066844));
#4062 = CARTESIAN_POINT('',(16.673148674849,16.786887600528,
    17.644265120633));
#4063 = CARTESIAN_POINT('',(16.482217074286,16.754568985851,
    17.605482783021));
#4064 = CARTESIAN_POINT('',(16.288700760505,16.729231998281,
    17.575078397937));
#4065 = CARTESIAN_POINT('',(16.093458949304,16.710497810507,
    17.552597372608));
#4066 = CARTESIAN_POINT('',(15.897197324869,16.69808152033,
    17.537697824396));
#4067 = CARTESIAN_POINT('',(15.700466320525,16.691821155459,
    17.530185386551));
#4068 = CARTESIAN_POINT('',(15.3053933483,16.691624196883,17.52994903626
    ));
#4069 = CARTESIAN_POINT('',(15.107198504706,16.697778949663,
    17.537334739596));
#4070 = CARTESIAN_POINT('',(14.909468510432,16.710177418608,
    17.55221290233));
#4071 = CARTESIAN_POINT('',(14.712764857621,16.728983485877,
    17.574780183052));
#4072 = CARTESIAN_POINT('',(14.517808175521,16.754487732994,
    17.605385279593));
#4073 = CARTESIAN_POINT('',(14.325476568209,16.787077514901,
    17.644493017881));
#4074 = CARTESIAN_POINT('',(14.050143330775,16.84566533843,
    17.714798406115));
#4075 = CARTESIAN_POINT('',(13.964271970885,16.865696765411,
    17.738836118493));
#4076 = CARTESIAN_POINT('',(13.879305630601,16.887360199457,
    17.764832239348));
#4077 = CARTESIAN_POINT('',(13.795373995567,16.910697545054,
    17.792837054065));
#4078 = CARTESIAN_POINT('',(13.712622681966,16.935748468873,
    17.822898162648));
#4079 = CARTESIAN_POINT('',(13.631211659199,16.962548007259,
    17.855057608711));
#4080 = CARTESIAN_POINT('',(13.362947831393,17.058494752872,
    17.970193703446));
#4081 = CARTESIAN_POINT('',(13.182740041483,17.135830412026,
    18.062996494431));
#4082 = CARTESIAN_POINT('',(13.013323027558,17.223424585974,
    18.168109503169));
#4083 = CARTESIAN_POINT('',(12.85759453073,17.321283706063,
    18.285540447275));
#4084 = CARTESIAN_POINT('',(12.71842324187,17.428947319625,
    18.41473678355));
#4085 = CARTESIAN_POINT('',(12.598551416691,17.545415244803,
    18.554498293763));
#4086 = CARTESIAN_POINT('',(12.5,17.668816115483,18.702579338579));
#4087 = PCURVE('',#2247,#4088);
#4088 = DEFINITIONAL_REPRESENTATION('',(#4089),#4128);
#4089 = B_SPLINE_CURVE_WITH_KNOTS('',7,(#4090,#4091,#4092,#4093,#4094,
    #4095,#4096,#4097,#4098,#4099,#4100,#4101,#4102,#4103,#4104,#4105,
    #4106,#4107,#4108,#4109,#4110,#4111,#4112,#4113,#4114,#4115,#4116,
    #4117,#4118,#4119,#4120,#4121,#4122,#4123,#4124,#4125,#4126,#4127),
  .UNSPECIFIED.,.F.,.F.,(8,6,6,6,6,6,8),(0.,0.214071180512,0.30404455585
    ,0.499480221015,0.696357931022,0.786792747245,1.),.UNSPECIFIED.);
#4090 = CARTESIAN_POINT('',(5.107052952576,0.615276972927));
#4091 = CARTESIAN_POINT('',(5.102672654229,0.591687264719));
#4092 = CARTESIAN_POINT('',(5.095106434343,0.568509745453));
#4093 = CARTESIAN_POINT('',(5.084182393326,0.546141759269));
#4094 = CARTESIAN_POINT('',(5.069852918464,0.52490648969));
#4095 = CARTESIAN_POINT('',(5.05217049871,0.505094005712));
#4096 = CARTESIAN_POINT('',(5.031355079654,0.486937648123));
#4097 = CARTESIAN_POINT('',(4.997828757524,0.463736665328));
#4098 = CARTESIAN_POINT('',(4.987409154951,0.45718875971));
#4099 = CARTESIAN_POINT('',(4.97651240951,0.4509693832));
#4100 = CARTESIAN_POINT('',(4.96516272301,0.445087569358));
#4101 = CARTESIAN_POINT('',(4.953386606211,0.439550762652));
#4102 = CARTESIAN_POINT('',(4.941212280165,0.434364956745));
#4103 = CARTESIAN_POINT('',(4.901423360261,0.419043079148));
#4104 = CARTESIAN_POINT('',(4.872450604995,0.410234668305));
#4105 = CARTESIAN_POINT('',(4.842035027068,0.403148102744));
#4106 = CARTESIAN_POINT('',(4.810513209225,0.397813918701));
#4107 = CARTESIAN_POINT('',(4.77825444106,0.394246636254));
#4108 = CARTESIAN_POINT('',(4.745633412807,0.392447715937));
#4109 = CARTESIAN_POINT('',(4.680116289796,0.392391119764));
#4110 = CARTESIAN_POINT('',(4.647244985623,0.394159692561));
#4111 = CARTESIAN_POINT('',(4.614733901565,0.397722876277));
#4112 = CARTESIAN_POINT('',(4.582966377368,0.403079370046));
#4113 = CARTESIAN_POINT('',(4.552320281095,0.410214401298));
#4114 = CARTESIAN_POINT('',(4.523139708604,0.419096682175));
#4115 = CARTESIAN_POINT('',(4.483117073341,0.434551402474));
#4116 = CARTESIAN_POINT('',(4.470892848004,0.439775178989));
#4117 = CARTESIAN_POINT('',(4.459071725722,0.445353413913));
#4118 = CARTESIAN_POINT('',(4.44768232604,0.451279989977));
#4119 = CARTESIAN_POINT('',(4.436751516098,0.457547303658));
#4120 = CARTESIAN_POINT('',(4.426303797052,0.464146123361));
#4121 = CARTESIAN_POINT('',(4.392919028104,0.487378303356));
#4122 = CARTESIAN_POINT('',(4.372250856963,0.505494437313));
#4123 = CARTESIAN_POINT('',(4.354693735716,0.525249796464));
#4124 = CARTESIAN_POINT('',(4.340463217649,0.546413051487));
#4125 = CARTESIAN_POINT('',(4.329610366479,0.568697238503));
#4126 = CARTESIAN_POINT('',(4.3220875854,0.59178270035));
#4127 = CARTESIAN_POINT('',(4.317725008193,0.615276972927));
#4128 = ( GEOMETRIC_REPRESENTATION_CONTEXT(2) 
PARAMETRIC_REPRESENTATION_CONTEXT() REPRESENTATION_CONTEXT('2D SPACE',''
  ) );
#4129 = PCURVE('',#4130,#4135);
#4130 = PLANE('',#4131);
#4131 = AXIS2_PLACEMENT_3D('',#4132,#4133,#4134);
#4132 = CARTESIAN_POINT('',(12.5,19.,20.3));
#4133 = DIRECTION('',(0.,0.768221279597,-0.640184399664));
#4134 = DIRECTION('',(0.,-0.640184399664,-0.768221279597));
#4135 = DEFINITIONAL_REPRESENTATION('',(#4136),#4175);
#4136 = B_SPLINE_CURVE_WITH_KNOTS('',7,(#4137,#4138,#4139,#4140,#4141,
    #4142,#4143,#4144,#4145,#4146,#4147,#4148,#4149,#4150,#4151,#4152,
    #4153,#4154,#4155,#4156,#4157,#4158,#4159,#4160,#4161,#4162,#4163,
    #4164,#4165,#4166,#4167,#4168,#4169,#4170,#4171,#4172,#4173,#4174),
  .UNSPECIFIED.,.F.,.F.,(8,6,6,6,6,6,8),(0.,0.214071180512,0.30404455585
    ,0.499480221015,0.696357931022,0.786792747245,1.),.UNSPECIFIED.);
#4137 = CARTESIAN_POINT('',(2.079375700525,-6.));
#4138 = CARTESIAN_POINT('',(2.27291702243,-5.901048259502));
#4139 = CARTESIAN_POINT('',(2.455540157387,-5.780602747929));
#4140 = CARTESIAN_POINT('',(2.624285636904,-5.64070971386));
#4141 = CARTESIAN_POINT('',(2.777578384024,-5.484148014642));
#4142 = CARTESIAN_POINT('',(2.914698435532,-5.31382186571));
#4143 = CARTESIAN_POINT('',(3.035665340728,-5.132662695916));
#4144 = CARTESIAN_POINT('',(3.185201579742,-4.863752336676));
#4145 = CARTESIAN_POINT('',(3.226707696524,-4.782686570494));
#4146 = CARTESIAN_POINT('',(3.265512478028,-4.700301009819));
#4147 = CARTESIAN_POINT('',(3.301670090737,-4.616752676536));
#4148 = CARTESIAN_POINT('',(3.33524167591,-4.532184522715));
#4149 = CARTESIAN_POINT('',(3.366291720676,-4.4467239057));
#4150 = CARTESIAN_POINT('',(3.456992080145,-4.173148674849));
#4151 = CARTESIAN_POINT('',(3.507475370106,-3.982217074285));
#4152 = CARTESIAN_POINT('',(3.547053009897,-3.788700760505));
#4153 = CARTESIAN_POINT('',(3.576316746696,-3.593458949304));
#4154 = CARTESIAN_POINT('',(3.595711611962,-3.397197324869));
#4155 = CARTESIAN_POINT('',(3.605490614502,-3.200466320525));
#4156 = CARTESIAN_POINT('',(3.605798273633,-2.8053933483));
#4157 = CARTESIAN_POINT('',(3.596184242451,-2.607198504706));
#4158 = CARTESIAN_POINT('',(3.57681721484,-2.409468510432));
#4159 = CARTESIAN_POINT('',(3.547441198682,-2.212764857621));
#4160 = CARTESIAN_POINT('',(3.507602291125,-2.017808175521));
#4161 = CARTESIAN_POINT('',(3.45669542441,-1.825476568209));
#4162 = CARTESIAN_POINT('',(3.365178318465,-1.550143330775));
#4163 = CARTESIAN_POINT('',(3.333888229248,-1.464271970885));
#4164 = CARTESIAN_POINT('',(3.3000488635,-1.379305630601));
#4165 = CARTESIAN_POINT('',(3.263594764322,-1.295373995567));
#4166 = CARTESIAN_POINT('',(3.224463970395,-1.212622681966));
#4167 = CARTESIAN_POINT('',(3.182601753196,-1.131211659199));
#4168 = CARTESIAN_POINT('',(3.032728145431,-0.862947831393));
#4169 = CARTESIAN_POINT('',(2.911925984062,-0.682740041483));
#4170 = CARTESIAN_POINT('',(2.775099510324,-0.513323027558));
#4171 = CARTESIAN_POINT('',(2.622238678133,-0.35759453073));
#4172 = CARTESIAN_POINT('',(2.454062737546,-0.21842324187));
#4173 = CARTESIAN_POINT('',(2.272134022572,-9.855141669119E-02));
#4174 = CARTESIAN_POINT('',(2.079375700525,0.));
#4175 = ( GEOMETRIC_REPRESENTATION_CONTEXT(2) 
PARAMETRIC_REPRESENTATION_CONTEXT() REPRESENTATION_CONTEXT('2D SPACE',''
  ) );
#4176 = ORIENTED_EDGE('',*,*,#4177,.F.);
#4177 = EDGE_CURVE('',#4178,#4045,#4180,.T.);
#4178 = VERTEX_POINT('',#4179);
#4179 = CARTESIAN_POINT('',(14.99999999995,16.708916610755,
    17.550699932031));
#4180 = SURFACE_CURVE('',#4181,(#4220,#4262),.PCURVE_S1.);
#4181 = B_SPLINE_CURVE_WITH_KNOTS('',7,(#4182,#4183,#4184,#4185,#4186,
    #4187,#4188,#4189,#4190,#4191,#4192,#4193,#4194,#4195,#4196,#4197,
    #4198,#4199,#4200,#4201,#4202,#4203,#4204,#4205,#4206,#4207,#4208,
    #4209,#4210,#4211,#4212,#4213,#4214,#4215,#4216,#4217,#4218,#4219),
  .UNSPECIFIED.,.F.,.F.,(8,6,6,6,6,6,8),(0.,0.214071180512,0.30404455585
    ,0.499480221015,0.696357931022,0.786792747245,1.),.UNSPECIFIED.);
#4182 = CARTESIAN_POINT('',(18.5,17.668816115483,18.702579338579));
#4183 = CARTESIAN_POINT('',(18.401048259502,17.544913980508,
    18.55389677661));
#4184 = CARTESIAN_POINT('',(18.280602747929,17.428001498491,
    18.41360179819));
#4185 = CARTESIAN_POINT('',(18.14070971386,17.319973274991,
    18.283967929989));
#4186 = CARTESIAN_POINT('',(17.984148014642,17.221837649702,
    18.166205179643));
#4187 = CARTESIAN_POINT('',(17.81382186571,17.134055531846,
    18.060866638215));
#4188 = CARTESIAN_POINT('',(17.632662695916,17.056614406263,
    17.967937287516));
#4189 = CARTESIAN_POINT('',(17.363752336676,16.960883638863,
    17.853060366635));
#4190 = CARTESIAN_POINT('',(17.282686570494,16.934312070408,
    17.82117448449));
#4191 = CARTESIAN_POINT('',(17.200301009819,16.909469854657,
    17.791363825588));
#4192 = CARTESIAN_POINT('',(17.116752676536,16.886322315071,
    17.763586778086));
#4193 = CARTESIAN_POINT('',(17.032184522715,16.864830309972,
    17.737796371966));
#4194 = CARTESIAN_POINT('',(16.9467239057,16.844952555704,
    17.713943066844));
#4195 = CARTESIAN_POINT('',(16.673148674849,16.786887600528,
    17.644265120633));
#4196 = CARTESIAN_POINT('',(16.482217074286,16.754568985851,
    17.605482783021));
#4197 = CARTESIAN_POINT('',(16.288700760505,16.729231998281,
    17.575078397937));
#4198 = CARTESIAN_POINT('',(16.093458949304,16.710497810507,
    17.552597372608));
#4199 = CARTESIAN_POINT('',(15.897197324869,16.69808152033,
    17.537697824396));
#4200 = CARTESIAN_POINT('',(15.700466320525,16.691821155459,
    17.530185386551));
#4201 = CARTESIAN_POINT('',(15.3053933483,16.691624196883,17.52994903626
    ));
#4202 = CARTESIAN_POINT('',(15.107198504706,16.697778949663,
    17.537334739596));
#4203 = CARTESIAN_POINT('',(14.909468510432,16.710177418608,
    17.55221290233));
#4204 = CARTESIAN_POINT('',(14.712764857621,16.728983485877,
    17.574780183052));
#4205 = CARTESIAN_POINT('',(14.517808175521,16.754487732994,
    17.605385279593));
#4206 = CARTESIAN_POINT('',(14.325476568209,16.787077514901,
    17.644493017881));
#4207 = CARTESIAN_POINT('',(14.050143330775,16.84566533843,
    17.714798406115));
#4208 = CARTESIAN_POINT('',(13.964271970885,16.865696765411,
    17.738836118493));
#4209 = CARTESIAN_POINT('',(13.879305630601,16.887360199457,
    17.764832239348));
#4210 = CARTESIAN_POINT('',(13.795373995567,16.910697545054,
    17.792837054065));
#4211 = CARTESIAN_POINT('',(13.712622681966,16.935748468873,
    17.822898162648));
#4212 = CARTESIAN_POINT('',(13.631211659199,16.962548007259,
    17.855057608711));
#4213 = CARTESIAN_POINT('',(13.362947831393,17.058494752872,
    17.970193703446));
#4214 = CARTESIAN_POINT('',(13.182740041483,17.135830412026,
    18.062996494431));
#4215 = CARTESIAN_POINT('',(13.013323027558,17.223424585974,
    18.168109503169));
#4216 = CARTESIAN_POINT('',(12.85759453073,17.321283706063,
    18.285540447275));
#4217 = CARTESIAN_POINT('',(12.71842324187,17.428947319625,
    18.41473678355));
#4218 = CARTESIAN_POINT('',(12.598551416691,17.545415244803,
    18.554498293763));
#4219 = CARTESIAN_POINT('',(12.5,17.668816115483,18.702579338579));
#4220 = PCURVE('',#2247,#4221);
#4221 = DEFINITIONAL_REPRESENTATION('',(#4222),#4261);
#4222 = B_SPLINE_CURVE_WITH_KNOTS('',7,(#4223,#4224,#4225,#4226,#4227,
    #4228,#4229,#4230,#4231,#4232,#4233,#4234,#4235,#4236,#4237,#4238,
    #4239,#4240,#4241,#4242,#4243,#4244,#4245,#4246,#4247,#4248,#4249,
    #4250,#4251,#4252,#4253,#4254,#4255,#4256,#4257,#4258,#4259,#4260),
  .UNSPECIFIED.,.F.,.F.,(8,6,6,6,6,6,8),(0.,0.214071180512,0.30404455585
    ,0.499480221015,0.696357931022,0.786792747245,1.),.UNSPECIFIED.);
#4223 = CARTESIAN_POINT('',(5.107052952576,0.615276972927));
#4224 = CARTESIAN_POINT('',(5.102672654229,0.591687264719));
#4225 = CARTESIAN_POINT('',(5.095106434343,0.568509745453));
#4226 = CARTESIAN_POINT('',(5.084182393326,0.546141759269));
#4227 = CARTESIAN_POINT('',(5.069852918464,0.52490648969));
#4228 = CARTESIAN_POINT('',(5.05217049871,0.505094005712));
#4229 = CARTESIAN_POINT('',(5.031355079654,0.486937648123));
#4230 = CARTESIAN_POINT('',(4.997828757524,0.463736665328));
#4231 = CARTESIAN_POINT('',(4.987409154951,0.45718875971));
#4232 = CARTESIAN_POINT('',(4.97651240951,0.4509693832));
#4233 = CARTESIAN_POINT('',(4.96516272301,0.445087569358));
#4234 = CARTESIAN_POINT('',(4.953386606211,0.439550762652));
#4235 = CARTESIAN_POINT('',(4.941212280165,0.434364956745));
#4236 = CARTESIAN_POINT('',(4.901423360261,0.419043079148));
#4237 = CARTESIAN_POINT('',(4.872450604995,0.410234668305));
#4238 = CARTESIAN_POINT('',(4.842035027068,0.403148102744));
#4239 = CARTESIAN_POINT('',(4.810513209225,0.397813918701));
#4240 = CARTESIAN_POINT('',(4.77825444106,0.394246636254));
#4241 = CARTESIAN_POINT('',(4.745633412807,0.392447715937));
#4242 = CARTESIAN_POINT('',(4.680116289796,0.392391119764));
#4243 = CARTESIAN_POINT('',(4.647244985623,0.394159692561));
#4244 = CARTESIAN_POINT('',(4.614733901565,0.397722876277));
#4245 = CARTESIAN_POINT('',(4.582966377368,0.403079370046));
#4246 = CARTESIAN_POINT('',(4.552320281095,0.410214401298));
#4247 = CARTESIAN_POINT('',(4.523139708604,0.419096682175));
#4248 = CARTESIAN_POINT('',(4.483117073341,0.434551402474));
#4249 = CARTESIAN_POINT('',(4.470892848004,0.439775178989));
#4250 = CARTESIAN_POINT('',(4.459071725722,0.445353413913));
#4251 = CARTESIAN_POINT('',(4.44768232604,0.451279989977));
#4252 = CARTESIAN_POINT('',(4.436751516098,0.457547303658));
#4253 = CARTESIAN_POINT('',(4.426303797052,0.464146123361));
#4254 = CARTESIAN_POINT('',(4.392919028104,0.487378303356));
#4255 = CARTESIAN_POINT('',(4.372250856963,0.505494437313));
#4256 = CARTESIAN_POINT('',(4.354693735716,0.525249796464));
#4257 = CARTESIAN_POINT('',(4.340463217649,0.546413051487));
#4258 = CARTESIAN_POINT('',(4.329610366479,0.568697238503));
#4259 = CARTESIAN_POINT('',(4.3220875854,0.59178270035));
#4260 = CARTESIAN_POINT('',(4.317725008193,0.615276972927));
#4261 = ( GEOMETRIC_REPRESENTATION_CONTEXT(2) 
PARAMETRIC_REPRESENTATION_CONTEXT() REPRESENTATION_CONTEXT('2D SPACE',''
  ) );
#4262 = PCURVE('',#4263,#4272);
#4263 = SURFACE_OF_REVOLUTION('',#4264,#4269);
#4264 = CIRCLE('',#4265,9.1);
#4265 = AXIS2_PLACEMENT_3D('',#4266,#4267,#4268);
#4266 = CARTESIAN_POINT('',(18.05,25.1,11.5));
#4267 = DIRECTION('',(0.,0.,1.));
#4268 = DIRECTION('',(1.171224289714E-15,-1.,0.));
#4269 = AXIS1_PLACEMENT('',#4270,#4271);
#4270 = CARTESIAN_POINT('',(15.5,0.,11.5));
#4271 = DIRECTION('',(0.,1.,0.));
#4272 = DEFINITIONAL_REPRESENTATION('',(#4273),#4309);
#4273 = B_SPLINE_CURVE_WITH_KNOTS('',12,(#4274,#4275,#4276,#4277,#4278,
    #4279,#4280,#4281,#4282,#4283,#4284,#4285,#4286,#4287,#4288,#4289,
    #4290,#4291,#4292,#4293,#4294,#4295,#4296,#4297,#4298,#4299,#4300,
    #4301,#4302,#4303,#4304,#4305,#4306,#4307,#4308),.UNSPECIFIED.,.F.,
  .F.,(13,11,11,13),(0.571064114816,0.683098706949,0.739116003016,
    0.795133299083),.UNSPECIFIED.);
#4274 = CARTESIAN_POINT('',(4.629941238208,0.39733098438));
#4275 = CARTESIAN_POINT('',(4.61927146827,0.398620540748));
#4276 = CARTESIAN_POINT('',(4.608670979931,0.4000943256));
#4277 = CARTESIAN_POINT('',(4.598150643117,0.40175205976));
#4278 = CARTESIAN_POINT('',(4.587721271417,0.403593370321));
#4279 = CARTESIAN_POINT('',(4.577393581124,0.405617791211));
#4280 = CARTESIAN_POINT('',(4.567178150944,0.40782476384));
#4281 = CARTESIAN_POINT('',(4.557085380618,0.410213637631));
#4282 = CARTESIAN_POINT('',(4.547125450998,0.4127836707));
#4283 = CARTESIAN_POINT('',(4.537308282514,0.415534030372));
#4284 = CARTESIAN_POINT('',(4.527643495117,0.418463793845));
#4285 = CARTESIAN_POINT('',(4.518140367103,0.421571948745));
#4286 = CARTESIAN_POINT('',(4.504141508392,0.426500116251));
#4287 = CARTESIAN_POINT('',(4.499517822955,0.428187183323));
#4288 = CARTESIAN_POINT('',(4.494938366732,0.42991823824));
#4289 = CARTESIAN_POINT('',(4.490402046321,0.431694034662));
#4290 = CARTESIAN_POINT('',(4.485913663529,0.433512963496));
#4291 = CARTESIAN_POINT('',(4.481473355549,0.435375187164));
#4292 = CARTESIAN_POINT('',(4.477080061437,0.437281338438));
#4293 = CARTESIAN_POINT('',(4.472736422629,0.439230610093));
#4294 = CARTESIAN_POINT('',(4.468444872861,0.441222236336));
#4295 = CARTESIAN_POINT('',(4.464203676513,0.443257030309));
#4296 = CARTESIAN_POINT('',(4.460015841686,0.445333975253));
#4297 = CARTESIAN_POINT('',(4.451747514575,0.449572131303));
#4298 = CARTESIAN_POINT('',(4.447666990173,0.451733397737));
#4299 = CARTESIAN_POINT('',(4.443642402975,0.453935683743));
#4300 = CARTESIAN_POINT('',(4.439669003062,0.4561826355));
#4301 = CARTESIAN_POINT('',(4.435763942254,0.458462842861));
#4302 = CARTESIAN_POINT('',(4.431896452632,0.460797632172));
#4303 = CARTESIAN_POINT('',(4.428112292285,0.463156195299));
#4304 = CARTESIAN_POINT('',(4.424366608056,0.465568958482));
#4305 = CARTESIAN_POINT('',(4.420692407465,0.468014279764));
#4306 = CARTESIAN_POINT('',(4.417077457772,0.470499968258));
#4307 = CARTESIAN_POINT('',(4.41352314356,0.473025665038));
#4308 = CARTESIAN_POINT('',(4.410031344512,0.47559010108));
#4309 = ( GEOMETRIC_REPRESENTATION_CONTEXT(2) 
PARAMETRIC_REPRESENTATION_CONTEXT() REPRESENTATION_CONTEXT('2D SPACE',''
  ) );
#4310 = ORIENTED_EDGE('',*,*,#4311,.F.);
#4311 = EDGE_CURVE('',#4312,#4178,#4314,.T.);
#4312 = VERTEX_POINT('',#4313);
#4313 = CARTESIAN_POINT('',(16.000000000049,16.708916610902,
    17.550699932266));
#4314 = SURFACE_CURVE('',#4315,(#4354,#4396),.PCURVE_S1.);
#4315 = B_SPLINE_CURVE_WITH_KNOTS('',7,(#4316,#4317,#4318,#4319,#4320,
    #4321,#4322,#4323,#4324,#4325,#4326,#4327,#4328,#4329,#4330,#4331,
    #4332,#4333,#4334,#4335,#4336,#4337,#4338,#4339,#4340,#4341,#4342,
    #4343,#4344,#4345,#4346,#4347,#4348,#4349,#4350,#4351,#4352,#4353),
  .UNSPECIFIED.,.F.,.F.,(8,6,6,6,6,6,8),(0.,0.214071180512,0.30404455585
    ,0.499480221015,0.696357931022,0.786792747245,1.),.UNSPECIFIED.);
#4316 = CARTESIAN_POINT('',(18.5,17.668816115483,18.702579338579));
#4317 = CARTESIAN_POINT('',(18.401048259502,17.544913980508,
    18.55389677661));
#4318 = CARTESIAN_POINT('',(18.280602747929,17.428001498491,
    18.41360179819));
#4319 = CARTESIAN_POINT('',(18.14070971386,17.319973274991,
    18.283967929989));
#4320 = CARTESIAN_POINT('',(17.984148014642,17.221837649702,
    18.166205179643));
#4321 = CARTESIAN_POINT('',(17.81382186571,17.134055531846,
    18.060866638215));
#4322 = CARTESIAN_POINT('',(17.632662695916,17.056614406263,
    17.967937287516));
#4323 = CARTESIAN_POINT('',(17.363752336676,16.960883638863,
    17.853060366635));
#4324 = CARTESIAN_POINT('',(17.282686570494,16.934312070408,
    17.82117448449));
#4325 = CARTESIAN_POINT('',(17.200301009819,16.909469854657,
    17.791363825588));
#4326 = CARTESIAN_POINT('',(17.116752676536,16.886322315071,
    17.763586778086));
#4327 = CARTESIAN_POINT('',(17.032184522715,16.864830309972,
    17.737796371966));
#4328 = CARTESIAN_POINT('',(16.9467239057,16.844952555704,
    17.713943066844));
#4329 = CARTESIAN_POINT('',(16.673148674849,16.786887600528,
    17.644265120633));
#4330 = CARTESIAN_POINT('',(16.482217074286,16.754568985851,
    17.605482783021));
#4331 = CARTESIAN_POINT('',(16.288700760505,16.729231998281,
    17.575078397937));
#4332 = CARTESIAN_POINT('',(16.093458949304,16.710497810507,
    17.552597372608));
#4333 = CARTESIAN_POINT('',(15.897197324869,16.69808152033,
    17.537697824396));
#4334 = CARTESIAN_POINT('',(15.700466320525,16.691821155459,
    17.530185386551));
#4335 = CARTESIAN_POINT('',(15.3053933483,16.691624196883,17.52994903626
    ));
#4336 = CARTESIAN_POINT('',(15.107198504706,16.697778949663,
    17.537334739596));
#4337 = CARTESIAN_POINT('',(14.909468510432,16.710177418608,
    17.55221290233));
#4338 = CARTESIAN_POINT('',(14.712764857621,16.728983485877,
    17.574780183052));
#4339 = CARTESIAN_POINT('',(14.517808175521,16.754487732994,
    17.605385279593));
#4340 = CARTESIAN_POINT('',(14.325476568209,16.787077514901,
    17.644493017881));
#4341 = CARTESIAN_POINT('',(14.050143330775,16.84566533843,
    17.714798406115));
#4342 = CARTESIAN_POINT('',(13.964271970885,16.865696765411,
    17.738836118493));
#4343 = CARTESIAN_POINT('',(13.879305630601,16.887360199457,
    17.764832239348));
#4344 = CARTESIAN_POINT('',(13.795373995567,16.910697545054,
    17.792837054065));
#4345 = CARTESIAN_POINT('',(13.712622681966,16.935748468873,
    17.822898162648));
#4346 = CARTESIAN_POINT('',(13.631211659199,16.962548007259,
    17.855057608711));
#4347 = CARTESIAN_POINT('',(13.362947831393,17.058494752872,
    17.970193703446));
#4348 = CARTESIAN_POINT('',(13.182740041483,17.135830412026,
    18.062996494431));
#4349 = CARTESIAN_POINT('',(13.013323027558,17.223424585974,
    18.168109503169));
#4350 = CARTESIAN_POINT('',(12.85759453073,17.321283706063,
    18.285540447275));
#4351 = CARTESIAN_POINT('',(12.71842324187,17.428947319625,
    18.41473678355));
#4352 = CARTESIAN_POINT('',(12.598551416691,17.545415244803,
    18.554498293763));
#4353 = CARTESIAN_POINT('',(12.5,17.668816115483,18.702579338579));
#4354 = PCURVE('',#2247,#4355);
#4355 = DEFINITIONAL_REPRESENTATION('',(#4356),#4395);
#4356 = B_SPLINE_CURVE_WITH_KNOTS('',7,(#4357,#4358,#4359,#4360,#4361,
    #4362,#4363,#4364,#4365,#4366,#4367,#4368,#4369,#4370,#4371,#4372,
    #4373,#4374,#4375,#4376,#4377,#4378,#4379,#4380,#4381,#4382,#4383,
    #4384,#4385,#4386,#4387,#4388,#4389,#4390,#4391,#4392,#4393,#4394),
  .UNSPECIFIED.,.F.,.F.,(8,6,6,6,6,6,8),(0.,0.214071180512,0.30404455585
    ,0.499480221015,0.696357931022,0.786792747245,1.),.UNSPECIFIED.);
#4357 = CARTESIAN_POINT('',(5.107052952576,0.615276972927));
#4358 = CARTESIAN_POINT('',(5.102672654229,0.591687264719));
#4359 = CARTESIAN_POINT('',(5.095106434343,0.568509745453));
#4360 = CARTESIAN_POINT('',(5.084182393326,0.546141759269));
#4361 = CARTESIAN_POINT('',(5.069852918464,0.52490648969));
#4362 = CARTESIAN_POINT('',(5.05217049871,0.505094005712));
#4363 = CARTESIAN_POINT('',(5.031355079654,0.486937648123));
#4364 = CARTESIAN_POINT('',(4.997828757524,0.463736665328));
#4365 = CARTESIAN_POINT('',(4.987409154951,0.45718875971));
#4366 = CARTESIAN_POINT('',(4.97651240951,0.4509693832));
#4367 = CARTESIAN_POINT('',(4.96516272301,0.445087569358));
#4368 = CARTESIAN_POINT('',(4.953386606211,0.439550762652));
#4369 = CARTESIAN_POINT('',(4.941212280165,0.434364956745));
#4370 = CARTESIAN_POINT('',(4.901423360261,0.419043079148));
#4371 = CARTESIAN_POINT('',(4.872450604995,0.410234668305));
#4372 = CARTESIAN_POINT('',(4.842035027068,0.403148102744));
#4373 = CARTESIAN_POINT('',(4.810513209225,0.397813918701));
#4374 = CARTESIAN_POINT('',(4.77825444106,0.394246636254));
#4375 = CARTESIAN_POINT('',(4.745633412807,0.392447715937));
#4376 = CARTESIAN_POINT('',(4.680116289796,0.392391119764));
#4377 = CARTESIAN_POINT('',(4.647244985623,0.394159692561));
#4378 = CARTESIAN_POINT('',(4.614733901565,0.397722876277));
#4379 = CARTESIAN_POINT('',(4.582966377368,0.403079370046));
#4380 = CARTESIAN_POINT('',(4.552320281095,0.410214401298));
#4381 = CARTESIAN_POINT('',(4.523139708604,0.419096682175));
#4382 = CARTESIAN_POINT('',(4.483117073341,0.434551402474));
#4383 = CARTESIAN_POINT('',(4.470892848004,0.439775178989));
#4384 = CARTESIAN_POINT('',(4.459071725722,0.445353413913));
#4385 = CARTESIAN_POINT('',(4.44768232604,0.451279989977));
#4386 = CARTESIAN_POINT('',(4.436751516098,0.457547303658));
#4387 = CARTESIAN_POINT('',(4.426303797052,0.464146123361));
#4388 = CARTESIAN_POINT('',(4.392919028104,0.487378303356));
#4389 = CARTESIAN_POINT('',(4.372250856963,0.505494437313));
#4390 = CARTESIAN_POINT('',(4.354693735716,0.525249796464));
#4391 = CARTESIAN_POINT('',(4.340463217649,0.546413051487));
#4392 = CARTESIAN_POINT('',(4.329610366479,0.568697238503));
#4393 = CARTESIAN_POINT('',(4.3220875854,0.59178270035));
#4394 = CARTESIAN_POINT('',(4.317725008193,0.615276972927));
#4395 = ( GEOMETRIC_REPRESENTATION_CONTEXT(2) 
PARAMETRIC_REPRESENTATION_CONTEXT() REPRESENTATION_CONTEXT('2D SPACE',''
  ) );
#4396 = PCURVE('',#4397,#4402);
#4397 = PLANE('',#4398);
#4398 = AXIS2_PLACEMENT_3D('',#4399,#4400,#4401);
#4399 = CARTESIAN_POINT('',(12.5,19.,20.3));
#4400 = DIRECTION('',(0.,0.768221279597,-0.640184399664));
#4401 = DIRECTION('',(0.,-0.640184399664,-0.768221279597));
#4402 = DEFINITIONAL_REPRESENTATION('',(#4403),#4442);
#4403 = B_SPLINE_CURVE_WITH_KNOTS('',7,(#4404,#4405,#4406,#4407,#4408,
    #4409,#4410,#4411,#4412,#4413,#4414,#4415,#4416,#4417,#4418,#4419,
    #4420,#4421,#4422,#4423,#4424,#4425,#4426,#4427,#4428,#4429,#4430,
    #4431,#4432,#4433,#4434,#4435,#4436,#4437,#4438,#4439,#4440,#4441),
  .UNSPECIFIED.,.F.,.F.,(8,6,6,6,6,6,8),(0.,0.214071180512,0.30404455585
    ,0.499480221015,0.696357931022,0.786792747245,1.),.UNSPECIFIED.);
#4404 = CARTESIAN_POINT('',(2.079375700525,-6.));
#4405 = CARTESIAN_POINT('',(2.27291702243,-5.901048259502));
#4406 = CARTESIAN_POINT('',(2.455540157387,-5.780602747929));
#4407 = CARTESIAN_POINT('',(2.624285636904,-5.64070971386));
#4408 = CARTESIAN_POINT('',(2.777578384024,-5.484148014642));
#4409 = CARTESIAN_POINT('',(2.914698435532,-5.31382186571));
#4410 = CARTESIAN_POINT('',(3.035665340728,-5.132662695916));
#4411 = CARTESIAN_POINT('',(3.185201579742,-4.863752336676));
#4412 = CARTESIAN_POINT('',(3.226707696524,-4.782686570494));
#4413 = CARTESIAN_POINT('',(3.265512478028,-4.700301009819));
#4414 = CARTESIAN_POINT('',(3.301670090737,-4.616752676536));
#4415 = CARTESIAN_POINT('',(3.33524167591,-4.532184522715));
#4416 = CARTESIAN_POINT('',(3.366291720676,-4.4467239057));
#4417 = CARTESIAN_POINT('',(3.456992080145,-4.173148674849));
#4418 = CARTESIAN_POINT('',(3.507475370106,-3.982217074285));
#4419 = CARTESIAN_POINT('',(3.547053009897,-3.788700760505));
#4420 = CARTESIAN_POINT('',(3.576316746696,-3.593458949304));
#4421 = CARTESIAN_POINT('',(3.595711611962,-3.397197324869));
#4422 = CARTESIAN_POINT('',(3.605490614502,-3.200466320525));
#4423 = CARTESIAN_POINT('',(3.605798273633,-2.8053933483));
#4424 = CARTESIAN_POINT('',(3.596184242451,-2.607198504706));
#4425 = CARTESIAN_POINT('',(3.57681721484,-2.409468510432));
#4426 = CARTESIAN_POINT('',(3.547441198682,-2.212764857621));
#4427 = CARTESIAN_POINT('',(3.507602291125,-2.017808175521));
#4428 = CARTESIAN_POINT('',(3.45669542441,-1.825476568209));
#4429 = CARTESIAN_POINT('',(3.365178318465,-1.550143330775));
#4430 = CARTESIAN_POINT('',(3.333888229248,-1.464271970885));
#4431 = CARTESIAN_POINT('',(3.3000488635,-1.379305630601));
#4432 = CARTESIAN_POINT('',(3.263594764322,-1.295373995567));
#4433 = CARTESIAN_POINT('',(3.224463970395,-1.212622681966));
#4434 = CARTESIAN_POINT('',(3.182601753196,-1.131211659199));
#4435 = CARTESIAN_POINT('',(3.032728145431,-0.862947831393));
#4436 = CARTESIAN_POINT('',(2.911925984062,-0.682740041483));
#4437 = CARTESIAN_POINT('',(2.775099510324,-0.513323027558));
#4438 = CARTESIAN_POINT('',(2.622238678133,-0.35759453073));
#4439 = CARTESIAN_POINT('',(2.454062737546,-0.21842324187));
#4440 = CARTESIAN_POINT('',(2.272134022572,-9.855141669119E-02));
#4441 = CARTESIAN_POINT('',(2.079375700525,0.));
#4442 = ( GEOMETRIC_REPRESENTATION_CONTEXT(2) 
PARAMETRIC_REPRESENTATION_CONTEXT() REPRESENTATION_CONTEXT('2D SPACE',''
  ) );
#4443 = ORIENTED_EDGE('',*,*,#4444,.F.);
#4444 = EDGE_CURVE('',#4445,#4312,#4447,.T.);
#4445 = VERTEX_POINT('',#4446);
#4446 = CARTESIAN_POINT('',(17.500000000023,17.009893516646,
    17.911872219714));
#4447 = SURFACE_CURVE('',#4448,(#4487,#4529),.PCURVE_S1.);
#4448 = B_SPLINE_CURVE_WITH_KNOTS('',7,(#4449,#4450,#4451,#4452,#4453,
    #4454,#4455,#4456,#4457,#4458,#4459,#4460,#4461,#4462,#4463,#4464,
    #4465,#4466,#4467,#4468,#4469,#4470,#4471,#4472,#4473,#4474,#4475,
    #4476,#4477,#4478,#4479,#4480,#4481,#4482,#4483,#4484,#4485,#4486),
  .UNSPECIFIED.,.F.,.F.,(8,6,6,6,6,6,8),(0.,0.214071180512,0.30404455585
    ,0.499480221015,0.696357931022,0.786792747245,1.),.UNSPECIFIED.);
#4449 = CARTESIAN_POINT('',(18.5,17.668816115483,18.702579338579));
#4450 = CARTESIAN_POINT('',(18.401048259502,17.544913980508,
    18.55389677661));
#4451 = CARTESIAN_POINT('',(18.280602747929,17.428001498491,
    18.41360179819));
#4452 = CARTESIAN_POINT('',(18.14070971386,17.319973274991,
    18.283967929989));
#4453 = CARTESIAN_POINT('',(17.984148014642,17.221837649702,
    18.166205179643));
#4454 = CARTESIAN_POINT('',(17.81382186571,17.134055531846,
    18.060866638215));
#4455 = CARTESIAN_POINT('',(17.632662695916,17.056614406263,
    17.967937287516));
#4456 = CARTESIAN_POINT('',(17.363752336676,16.960883638863,
    17.853060366635));
#4457 = CARTESIAN_POINT('',(17.282686570494,16.934312070408,
    17.82117448449));
#4458 = CARTESIAN_POINT('',(17.200301009819,16.909469854657,
    17.791363825588));
#4459 = CARTESIAN_POINT('',(17.116752676536,16.886322315071,
    17.763586778086));
#4460 = CARTESIAN_POINT('',(17.032184522715,16.864830309972,
    17.737796371966));
#4461 = CARTESIAN_POINT('',(16.9467239057,16.844952555704,
    17.713943066844));
#4462 = CARTESIAN_POINT('',(16.673148674849,16.786887600528,
    17.644265120633));
#4463 = CARTESIAN_POINT('',(16.482217074286,16.754568985851,
    17.605482783021));
#4464 = CARTESIAN_POINT('',(16.288700760505,16.729231998281,
    17.575078397937));
#4465 = CARTESIAN_POINT('',(16.093458949304,16.710497810507,
    17.552597372608));
#4466 = CARTESIAN_POINT('',(15.897197324869,16.69808152033,
    17.537697824396));
#4467 = CARTESIAN_POINT('',(15.700466320525,16.691821155459,
    17.530185386551));
#4468 = CARTESIAN_POINT('',(15.3053933483,16.691624196883,17.52994903626
    ));
#4469 = CARTESIAN_POINT('',(15.107198504706,16.697778949663,
    17.537334739596));
#4470 = CARTESIAN_POINT('',(14.909468510432,16.710177418608,
    17.55221290233));
#4471 = CARTESIAN_POINT('',(14.712764857621,16.728983485877,
    17.574780183052));
#4472 = CARTESIAN_POINT('',(14.517808175521,16.754487732994,
    17.605385279593));
#4473 = CARTESIAN_POINT('',(14.325476568209,16.787077514901,
    17.644493017881));
#4474 = CARTESIAN_POINT('',(14.050143330775,16.84566533843,
    17.714798406115));
#4475 = CARTESIAN_POINT('',(13.964271970885,16.865696765411,
    17.738836118493));
#4476 = CARTESIAN_POINT('',(13.879305630601,16.887360199457,
    17.764832239348));
#4477 = CARTESIAN_POINT('',(13.795373995567,16.910697545054,
    17.792837054065));
#4478 = CARTESIAN_POINT('',(13.712622681966,16.935748468873,
    17.822898162648));
#4479 = CARTESIAN_POINT('',(13.631211659199,16.962548007259,
    17.855057608711));
#4480 = CARTESIAN_POINT('',(13.362947831393,17.058494752872,
    17.970193703446));
#4481 = CARTESIAN_POINT('',(13.182740041483,17.135830412026,
    18.062996494431));
#4482 = CARTESIAN_POINT('',(13.013323027558,17.223424585974,
    18.168109503169));
#4483 = CARTESIAN_POINT('',(12.85759453073,17.321283706063,
    18.285540447275));
#4484 = CARTESIAN_POINT('',(12.71842324187,17.428947319625,
    18.41473678355));
#4485 = CARTESIAN_POINT('',(12.598551416691,17.545415244803,
    18.554498293763));
#4486 = CARTESIAN_POINT('',(12.5,17.668816115483,18.702579338579));
#4487 = PCURVE('',#2247,#4488);
#4488 = DEFINITIONAL_REPRESENTATION('',(#4489),#4528);
#4489 = B_SPLINE_CURVE_WITH_KNOTS('',7,(#4490,#4491,#4492,#4493,#4494,
    #4495,#4496,#4497,#4498,#4499,#4500,#4501,#4502,#4503,#4504,#4505,
    #4506,#4507,#4508,#4509,#4510,#4511,#4512,#4513,#4514,#4515,#4516,
    #4517,#4518,#4519,#4520,#4521,#4522,#4523,#4524,#4525,#4526,#4527),
  .UNSPECIFIED.,.F.,.F.,(8,6,6,6,6,6,8),(0.,0.214071180512,0.30404455585
    ,0.499480221015,0.696357931022,0.786792747245,1.),.UNSPECIFIED.);
#4490 = CARTESIAN_POINT('',(5.107052952576,0.615276972927));
#4491 = CARTESIAN_POINT('',(5.102672654229,0.591687264719));
#4492 = CARTESIAN_POINT('',(5.095106434343,0.568509745453));
#4493 = CARTESIAN_POINT('',(5.084182393326,0.546141759269));
#4494 = CARTESIAN_POINT('',(5.069852918464,0.52490648969));
#4495 = CARTESIAN_POINT('',(5.05217049871,0.505094005712));
#4496 = CARTESIAN_POINT('',(5.031355079654,0.486937648123));
#4497 = CARTESIAN_POINT('',(4.997828757524,0.463736665328));
#4498 = CARTESIAN_POINT('',(4.987409154951,0.45718875971));
#4499 = CARTESIAN_POINT('',(4.97651240951,0.4509693832));
#4500 = CARTESIAN_POINT('',(4.96516272301,0.445087569358));
#4501 = CARTESIAN_POINT('',(4.953386606211,0.439550762652));
#4502 = CARTESIAN_POINT('',(4.941212280165,0.434364956745));
#4503 = CARTESIAN_POINT('',(4.901423360261,0.419043079148));
#4504 = CARTESIAN_POINT('',(4.872450604995,0.410234668305));
#4505 = CARTESIAN_POINT('',(4.842035027068,0.403148102744));
#4506 = CARTESIAN_POINT('',(4.810513209225,0.397813918701));
#4507 = CARTESIAN_POINT('',(4.77825444106,0.394246636254));
#4508 = CARTESIAN_POINT('',(4.745633412807,0.392447715937));
#4509 = CARTESIAN_POINT('',(4.680116289796,0.392391119764));
#4510 = CARTESIAN_POINT('',(4.647244985623,0.394159692561));
#4511 = CARTESIAN_POINT('',(4.614733901565,0.397722876277));
#4512 = CARTESIAN_POINT('',(4.582966377368,0.403079370046));
#4513 = CARTESIAN_POINT('',(4.552320281095,0.410214401298));
#4514 = CARTESIAN_POINT('',(4.523139708604,0.419096682175));
#4515 = CARTESIAN_POINT('',(4.483117073341,0.434551402474));
#4516 = CARTESIAN_POINT('',(4.470892848004,0.439775178989));
#4517 = CARTESIAN_POINT('',(4.459071725722,0.445353413913));
#4518 = CARTESIAN_POINT('',(4.44768232604,0.451279989977));
#4519 = CARTESIAN_POINT('',(4.436751516098,0.457547303658));
#4520 = CARTESIAN_POINT('',(4.426303797052,0.464146123361));
#4521 = CARTESIAN_POINT('',(4.392919028104,0.487378303356));
#4522 = CARTESIAN_POINT('',(4.372250856963,0.505494437313));
#4523 = CARTESIAN_POINT('',(4.354693735716,0.525249796464));
#4524 = CARTESIAN_POINT('',(4.340463217649,0.546413051487));
#4525 = CARTESIAN_POINT('',(4.329610366479,0.568697238503));
#4526 = CARTESIAN_POINT('',(4.3220875854,0.59178270035));
#4527 = CARTESIAN_POINT('',(4.317725008193,0.615276972927));
#4528 = ( GEOMETRIC_REPRESENTATION_CONTEXT(2) 
PARAMETRIC_REPRESENTATION_CONTEXT() REPRESENTATION_CONTEXT('2D SPACE',''
  ) );
#4529 = PCURVE('',#4530,#4539);
#4530 = SURFACE_OF_REVOLUTION('',#4531,#4536);
#4531 = CIRCLE('',#4532,9.1);
#4532 = AXIS2_PLACEMENT_3D('',#4533,#4534,#4535);
#4533 = CARTESIAN_POINT('',(18.05,25.1,11.5));
#4534 = DIRECTION('',(0.,0.,1.));
#4535 = DIRECTION('',(1.171224289714E-15,-1.,0.));
#4536 = AXIS1_PLACEMENT('',#4537,#4538);
#4537 = CARTESIAN_POINT('',(15.5,0.,11.5));
#4538 = DIRECTION('',(0.,1.,0.));
#4539 = DEFINITIONAL_REPRESENTATION('',(#4540),#4579);
#4540 = B_SPLINE_CURVE_WITH_KNOTS('',13,(#4541,#4542,#4543,#4544,#4545,
    #4546,#4547,#4548,#4549,#4550,#4551,#4552,#4553,#4554,#4555,#4556,
    #4557,#4558,#4559,#4560,#4561,#4562,#4563,#4564,#4565,#4566,#4567,
    #4568,#4569,#4570,#4571,#4572,#4573,#4574,#4575,#4576,#4577,#4578),
  .UNSPECIFIED.,.F.,.F.,(14,12,12,14),(0.204865043574,0.260882252888,
    0.316899462202,0.428933880831),.UNSPECIFIED.);
#4541 = CARTESIAN_POINT('',(5.01474661618,0.475590101286));
#4542 = CARTESIAN_POINT('',(5.011523337357,0.47322287099));
#4543 = CARTESIAN_POINT('',(5.0082476088,0.470888736919));
#4544 = CARTESIAN_POINT('',(5.004916722303,0.468585758793));
#4545 = CARTESIAN_POINT('',(5.001549182036,0.466326534314));
#4546 = CARTESIAN_POINT('',(4.998093149137,0.464074885405));
#4547 = CARTESIAN_POINT('',(4.994644413522,0.461897777977));
#4548 = CARTESIAN_POINT('',(4.991080905928,0.459709034373));
#4549 = CARTESIAN_POINT('',(4.987522537381,0.457593234095));
#4550 = CARTESIAN_POINT('',(4.983881205987,0.455487639141));
#4551 = CARTESIAN_POINT('',(4.980208285894,0.453428517823));
#4552 = CARTESIAN_POINT('',(4.976482888591,0.451400689065));
#4553 = CARTESIAN_POINT('',(4.972712383555,0.449409099189));
#4554 = CARTESIAN_POINT('',(4.965080114741,0.445496973046));
#4555 = CARTESIAN_POINT('',(4.961218562046,0.443576559166));
#4556 = CARTESIAN_POINT('',(4.957311860037,0.441691818823));
#4557 = CARTESIAN_POINT('',(4.953362025267,0.439843425737));
#4558 = CARTESIAN_POINT('',(4.949368577466,0.438031080919));
#4559 = CARTESIAN_POINT('',(4.945332384309,0.43625499295));
#4560 = CARTESIAN_POINT('',(4.941255315294,0.434515734663));
#4561 = CARTESIAN_POINT('',(4.9371380485,0.432813399809));
#4562 = CARTESIAN_POINT('',(4.932980262387,0.431147691877));
#4563 = CARTESIAN_POINT('',(4.928783025939,0.429518851704));
#4564 = CARTESIAN_POINT('',(4.924548913525,0.427927675957));
#4565 = CARTESIAN_POINT('',(4.920277641513,0.426373801638));
#4566 = CARTESIAN_POINT('',(4.907355591215,0.42182471046));
#4567 = CARTESIAN_POINT('',(4.898596570332,0.418941997048));
#4568 = CARTESIAN_POINT('',(4.889700074468,0.416210146029));
#4569 = CARTESIAN_POINT('',(4.880673213734,0.413629943777));
#4570 = CARTESIAN_POINT('',(4.871523337242,0.411202114352));
#4571 = CARTESIAN_POINT('',(4.862258008583,0.408927319233));
#4572 = CARTESIAN_POINT('',(4.85288497976,0.406806156936));
#4573 = CARTESIAN_POINT('',(4.843412167356,0.404839162796));
#4574 = CARTESIAN_POINT('',(4.833847625989,0.403026808551));
#4575 = CARTESIAN_POINT('',(4.824199524548,0.401369502127));
#4576 = CARTESIAN_POINT('',(4.814476120018,0.399867587252));
#4577 = CARTESIAN_POINT('',(4.804685733067,0.398521343192));
#4578 = CARTESIAN_POINT('',(4.794836722557,0.397330984412));
#4579 = ( GEOMETRIC_REPRESENTATION_CONTEXT(2) 
PARAMETRIC_REPRESENTATION_CONTEXT() REPRESENTATION_CONTEXT('2D SPACE',''
  ) );
#4580 = ORIENTED_EDGE('',*,*,#4581,.F.);
#4581 = EDGE_CURVE('',#4582,#4445,#4584,.T.);
#4582 = VERTEX_POINT('',#4583);
#4583 = CARTESIAN_POINT('',(18.5,17.668816115483,18.702579338579));
#4584 = SURFACE_CURVE('',#4585,(#4624,#4666),.PCURVE_S1.);
#4585 = B_SPLINE_CURVE_WITH_KNOTS('',7,(#4586,#4587,#4588,#4589,#4590,
    #4591,#4592,#4593,#4594,#4595,#4596,#4597,#4598,#4599,#4600,#4601,
    #4602,#4603,#4604,#4605,#4606,#4607,#4608,#4609,#4610,#4611,#4612,
    #4613,#4614,#4615,#4616,#4617,#4618,#4619,#4620,#4621,#4622,#4623),
  .UNSPECIFIED.,.F.,.F.,(8,6,6,6,6,6,8),(0.,0.214071180512,0.30404455585
    ,0.499480221015,0.696357931022,0.786792747245,1.),.UNSPECIFIED.);
#4586 = CARTESIAN_POINT('',(18.5,17.668816115483,18.702579338579));
#4587 = CARTESIAN_POINT('',(18.401048259502,17.544913980508,
    18.55389677661));
#4588 = CARTESIAN_POINT('',(18.280602747929,17.428001498491,
    18.41360179819));
#4589 = CARTESIAN_POINT('',(18.14070971386,17.319973274991,
    18.283967929989));
#4590 = CARTESIAN_POINT('',(17.984148014642,17.221837649702,
    18.166205179643));
#4591 = CARTESIAN_POINT('',(17.81382186571,17.134055531846,
    18.060866638215));
#4592 = CARTESIAN_POINT('',(17.632662695916,17.056614406263,
    17.967937287516));
#4593 = CARTESIAN_POINT('',(17.363752336676,16.960883638863,
    17.853060366635));
#4594 = CARTESIAN_POINT('',(17.282686570494,16.934312070408,
    17.82117448449));
#4595 = CARTESIAN_POINT('',(17.200301009819,16.909469854657,
    17.791363825588));
#4596 = CARTESIAN_POINT('',(17.116752676536,16.886322315071,
    17.763586778086));
#4597 = CARTESIAN_POINT('',(17.032184522715,16.864830309972,
    17.737796371966));
#4598 = CARTESIAN_POINT('',(16.9467239057,16.844952555704,
    17.713943066844));
#4599 = CARTESIAN_POINT('',(16.673148674849,16.786887600528,
    17.644265120633));
#4600 = CARTESIAN_POINT('',(16.482217074286,16.754568985851,
    17.605482783021));
#4601 = CARTESIAN_POINT('',(16.288700760505,16.729231998281,
    17.575078397937));
#4602 = CARTESIAN_POINT('',(16.093458949304,16.710497810507,
    17.552597372608));
#4603 = CARTESIAN_POINT('',(15.897197324869,16.69808152033,
    17.537697824396));
#4604 = CARTESIAN_POINT('',(15.700466320525,16.691821155459,
    17.530185386551));
#4605 = CARTESIAN_POINT('',(15.3053933483,16.691624196883,17.52994903626
    ));
#4606 = CARTESIAN_POINT('',(15.107198504706,16.697778949663,
    17.537334739596));
#4607 = CARTESIAN_POINT('',(14.909468510432,16.710177418608,
    17.55221290233));
#4608 = CARTESIAN_POINT('',(14.712764857621,16.728983485877,
    17.574780183052));
#4609 = CARTESIAN_POINT('',(14.517808175521,16.754487732994,
    17.605385279593));
#4610 = CARTESIAN_POINT('',(14.325476568209,16.787077514901,
    17.644493017881));
#4611 = CARTESIAN_POINT('',(14.050143330775,16.84566533843,
    17.714798406115));
#4612 = CARTESIAN_POINT('',(13.964271970885,16.865696765411,
    17.738836118493));
#4613 = CARTESIAN_POINT('',(13.879305630601,16.887360199457,
    17.764832239348));
#4614 = CARTESIAN_POINT('',(13.795373995567,16.910697545054,
    17.792837054065));
#4615 = CARTESIAN_POINT('',(13.712622681966,16.935748468873,
    17.822898162648));
#4616 = CARTESIAN_POINT('',(13.631211659199,16.962548007259,
    17.855057608711));
#4617 = CARTESIAN_POINT('',(13.362947831393,17.058494752872,
    17.970193703446));
#4618 = CARTESIAN_POINT('',(13.182740041483,17.135830412026,
    18.062996494431));
#4619 = CARTESIAN_POINT('',(13.013323027558,17.223424585974,
    18.168109503169));
#4620 = CARTESIAN_POINT('',(12.85759453073,17.321283706063,
    18.285540447275));
#4621 = CARTESIAN_POINT('',(12.71842324187,17.428947319625,
    18.41473678355));
#4622 = CARTESIAN_POINT('',(12.598551416691,17.545415244803,
    18.554498293763));
#4623 = CARTESIAN_POINT('',(12.5,17.668816115483,18.702579338579));
#4624 = PCURVE('',#2247,#4625);
#4625 = DEFINITIONAL_REPRESENTATION('',(#4626),#4665);
#4626 = B_SPLINE_CURVE_WITH_KNOTS('',7,(#4627,#4628,#4629,#4630,#4631,
    #4632,#4633,#4634,#4635,#4636,#4637,#4638,#4639,#4640,#4641,#4642,
    #4643,#4644,#4645,#4646,#4647,#4648,#4649,#4650,#4651,#4652,#4653,
    #4654,#4655,#4656,#4657,#4658,#4659,#4660,#4661,#4662,#4663,#4664),
  .UNSPECIFIED.,.F.,.F.,(8,6,6,6,6,6,8),(0.,0.214071180512,0.30404455585
    ,0.499480221015,0.696357931022,0.786792747245,1.),.UNSPECIFIED.);
#4627 = CARTESIAN_POINT('',(5.107052952576,0.615276972927));
#4628 = CARTESIAN_POINT('',(5.102672654229,0.591687264719));
#4629 = CARTESIAN_POINT('',(5.095106434343,0.568509745453));
#4630 = CARTESIAN_POINT('',(5.084182393326,0.546141759269));
#4631 = CARTESIAN_POINT('',(5.069852918464,0.52490648969));
#4632 = CARTESIAN_POINT('',(5.05217049871,0.505094005712));
#4633 = CARTESIAN_POINT('',(5.031355079654,0.486937648123));
#4634 = CARTESIAN_POINT('',(4.997828757524,0.463736665328));
#4635 = CARTESIAN_POINT('',(4.987409154951,0.45718875971));
#4636 = CARTESIAN_POINT('',(4.97651240951,0.4509693832));
#4637 = CARTESIAN_POINT('',(4.96516272301,0.445087569358));
#4638 = CARTESIAN_POINT('',(4.953386606211,0.439550762652));
#4639 = CARTESIAN_POINT('',(4.941212280165,0.434364956745));
#4640 = CARTESIAN_POINT('',(4.901423360261,0.419043079148));
#4641 = CARTESIAN_POINT('',(4.872450604995,0.410234668305));
#4642 = CARTESIAN_POINT('',(4.842035027068,0.403148102744));
#4643 = CARTESIAN_POINT('',(4.810513209225,0.397813918701));
#4644 = CARTESIAN_POINT('',(4.77825444106,0.394246636254));
#4645 = CARTESIAN_POINT('',(4.745633412807,0.392447715937));
#4646 = CARTESIAN_POINT('',(4.680116289796,0.392391119764));
#4647 = CARTESIAN_POINT('',(4.647244985623,0.394159692561));
#4648 = CARTESIAN_POINT('',(4.614733901565,0.397722876277));
#4649 = CARTESIAN_POINT('',(4.582966377368,0.403079370046));
#4650 = CARTESIAN_POINT('',(4.552320281095,0.410214401298));
#4651 = CARTESIAN_POINT('',(4.523139708604,0.419096682175));
#4652 = CARTESIAN_POINT('',(4.483117073341,0.434551402474));
#4653 = CARTESIAN_POINT('',(4.470892848004,0.439775178989));
#4654 = CARTESIAN_POINT('',(4.459071725722,0.445353413913));
#4655 = CARTESIAN_POINT('',(4.44768232604,0.451279989977));
#4656 = CARTESIAN_POINT('',(4.436751516098,0.457547303658));
#4657 = CARTESIAN_POINT('',(4.426303797052,0.464146123361));
#4658 = CARTESIAN_POINT('',(4.392919028104,0.487378303356));
#4659 = CARTESIAN_POINT('',(4.372250856963,0.505494437313));
#4660 = CARTESIAN_POINT('',(4.354693735716,0.525249796464));
#4661 = CARTESIAN_POINT('',(4.340463217649,0.546413051487));
#4662 = CARTESIAN_POINT('',(4.329610366479,0.568697238503));
#4663 = CARTESIAN_POINT('',(4.3220875854,0.59178270035));
#4664 = CARTESIAN_POINT('',(4.317725008193,0.615276972927));
#4665 = ( GEOMETRIC_REPRESENTATION_CONTEXT(2) 
PARAMETRIC_REPRESENTATION_CONTEXT() REPRESENTATION_CONTEXT('2D SPACE',''
  ) );
#4666 = PCURVE('',#4667,#4672);
#4667 = PLANE('',#4668);
#4668 = AXIS2_PLACEMENT_3D('',#4669,#4670,#4671);
#4669 = CARTESIAN_POINT('',(12.5,19.,20.3));
#4670 = DIRECTION('',(0.,0.768221279597,-0.640184399664));
#4671 = DIRECTION('',(0.,-0.640184399664,-0.768221279597));
#4672 = DEFINITIONAL_REPRESENTATION('',(#4673),#4712);
#4673 = B_SPLINE_CURVE_WITH_KNOTS('',7,(#4674,#4675,#4676,#4677,#4678,
    #4679,#4680,#4681,#4682,#4683,#4684,#4685,#4686,#4687,#4688,#4689,
    #4690,#4691,#4692,#4693,#4694,#4695,#4696,#4697,#4698,#4699,#4700,
    #4701,#4702,#4703,#4704,#4705,#4706,#4707,#4708,#4709,#4710,#4711),
  .UNSPECIFIED.,.F.,.F.,(8,6,6,6,6,6,8),(0.,0.214071180512,0.30404455585
    ,0.499480221015,0.696357931022,0.786792747245,1.),.UNSPECIFIED.);
#4674 = CARTESIAN_POINT('',(2.079375700525,-6.));
#4675 = CARTESIAN_POINT('',(2.27291702243,-5.901048259502));
#4676 = CARTESIAN_POINT('',(2.455540157387,-5.780602747929));
#4677 = CARTESIAN_POINT('',(2.624285636904,-5.64070971386));
#4678 = CARTESIAN_POINT('',(2.777578384024,-5.484148014642));
#4679 = CARTESIAN_POINT('',(2.914698435532,-5.31382186571));
#4680 = CARTESIAN_POINT('',(3.035665340728,-5.132662695916));
#4681 = CARTESIAN_POINT('',(3.185201579742,-4.863752336676));
#4682 = CARTESIAN_POINT('',(3.226707696524,-4.782686570494));
#4683 = CARTESIAN_POINT('',(3.265512478028,-4.700301009819));
#4684 = CARTESIAN_POINT('',(3.301670090737,-4.616752676536));
#4685 = CARTESIAN_POINT('',(3.33524167591,-4.532184522715));
#4686 = CARTESIAN_POINT('',(3.366291720676,-4.4467239057));
#4687 = CARTESIAN_POINT('',(3.456992080145,-4.173148674849));
#4688 = CARTESIAN_POINT('',(3.507475370106,-3.982217074285));
#4689 = CARTESIAN_POINT('',(3.547053009897,-3.788700760505));
#4690 = CARTESIAN_POINT('',(3.576316746696,-3.593458949304));
#4691 = CARTESIAN_POINT('',(3.595711611962,-3.397197324869));
#4692 = CARTESIAN_POINT('',(3.605490614502,-3.200466320525));
#4693 = CARTESIAN_POINT('',(3.605798273633,-2.8053933483));
#4694 = CARTESIAN_POINT('',(3.596184242451,-2.607198504706));
#4695 = CARTESIAN_POINT('',(3.57681721484,-2.409468510432));
#4696 = CARTESIAN_POINT('',(3.547441198682,-2.212764857621));
#4697 = CARTESIAN_POINT('',(3.507602291125,-2.017808175521));
#4698 = CARTESIAN_POINT('',(3.45669542441,-1.825476568209));
#4699 = CARTESIAN_POINT('',(3.365178318465,-1.550143330775));
#4700 = CARTESIAN_POINT('',(3.333888229248,-1.464271970885));
#4701 = CARTESIAN_POINT('',(3.3000488635,-1.379305630601));
#4702 = CARTESIAN_POINT('',(3.263594764322,-1.295373995567));
#4703 = CARTESIAN_POINT('',(3.224463970395,-1.212622681966));
#4704 = CARTESIAN_POINT('',(3.182601753196,-1.131211659199));
#4705 = CARTESIAN_POINT('',(3.032728145431,-0.862947831393));
#4706 = CARTESIAN_POINT('',(2.911925984062,-0.682740041483));
#4707 = CARTESIAN_POINT('',(2.775099510324,-0.513323027558));
#4708 = CARTESIAN_POINT('',(2.622238678133,-0.35759453073));
#4709 = CARTESIAN_POINT('',(2.454062737546,-0.21842324187));
#4710 = CARTESIAN_POINT('',(2.272134022572,-9.855141669119E-02));
#4711 = CARTESIAN_POINT('',(2.079375700525,0.));
#4712 = ( GEOMETRIC_REPRESENTATION_CONTEXT(2) 
PARAMETRIC_REPRESENTATION_CONTEXT() REPRESENTATION_CONTEXT('2D SPACE',''
  ) );
#4713 = ORIENTED_EDGE('',*,*,#4714,.F.);
#4714 = EDGE_CURVE('',#4715,#4582,#4717,.T.);
#4715 = VERTEX_POINT('',#4716);
#4716 = CARTESIAN_POINT('',(18.5,16.011133183944,11.5));
#4717 = SURFACE_CURVE('',#4718,(#4749,#4783),.PCURVE_S1.);
#4718 = B_SPLINE_CURVE_WITH_KNOTS('',8,(#4719,#4720,#4721,#4722,#4723,
    #4724,#4725,#4726,#4727,#4728,#4729,#4730,#4731,#4732,#4733,#4734,
    #4735,#4736,#4737,#4738,#4739,#4740,#4741,#4742,#4743,#4744,#4745,
    #4746,#4747,#4748),.UNSPECIFIED.,.F.,.F.,(9,7,7,7,9),(0.,
    0.152153481262,0.30355982711,0.680871634416,1.),.UNSPECIFIED.);
#4719 = CARTESIAN_POINT('',(18.5,16.011133183944,11.5));
#4720 = CARTESIAN_POINT('',(18.5,16.011133183944,11.648690710125));
#4721 = CARTESIAN_POINT('',(18.5,16.011550283885,11.797378800349));
#4722 = CARTESIAN_POINT('',(18.5,16.012384032878,11.946173415863));
#4723 = CARTESIAN_POINT('',(18.5,16.013674042146,12.095177677712));
#4724 = CARTESIAN_POINT('',(18.5,16.015497892586,12.244477981643));
#4725 = CARTESIAN_POINT('',(18.5,16.017965539626,12.394136952534));
#4726 = CARTESIAN_POINT('',(18.5,16.021210215388,12.544190054406));
#4727 = CARTESIAN_POINT('',(18.5,16.029520986062,12.844362858508));
#4728 = CARTESIAN_POINT('',(18.5,16.034578211019,12.994479513257));
#4729 = CARTESIAN_POINT('',(18.5,16.040689530603,13.144997318935));
#4730 = CARTESIAN_POINT('',(18.5,16.04800904182,13.295897019333));
#4731 = CARTESIAN_POINT('',(18.5,16.056692714441,13.447140848982));
#4732 = CARTESIAN_POINT('',(18.5,16.066890849947,13.59867523436));
#4733 = CARTESIAN_POINT('',(18.5,16.078743196039,13.750433950673));
#4734 = CARTESIAN_POINT('',(18.5,16.126352098115,14.280903148152));
#4735 = CARTESIAN_POINT('',(18.5,16.171389427579,14.660395965515));
#4736 = CARTESIAN_POINT('',(18.5,16.229461246682,15.03971035645));
#4737 = CARTESIAN_POINT('',(18.5,16.302070233505,15.417627297175));
#4738 = CARTESIAN_POINT('',(18.5,16.390111497295,15.79298148241));
#4739 = CARTESIAN_POINT('',(18.5,16.49416739137,16.164611957679));
#4740 = CARTESIAN_POINT('',(18.5,16.614516231917,16.531356420918));
#4741 = CARTESIAN_POINT('',(18.5,16.866798093795,17.19710866923));
#4742 = CARTESIAN_POINT('',(18.5,16.994107574128,17.497905700685));
#4743 = CARTESIAN_POINT('',(18.5,17.133165515897,17.793752826587));
#4744 = CARTESIAN_POINT('',(18.5,17.283911530646,18.084002636664));
#4745 = CARTESIAN_POINT('',(18.5,17.446205558172,18.368029571991));
#4746 = CARTESIAN_POINT('',(18.5,17.619841297983,18.645223022122));
#4747 = CARTESIAN_POINT('',(18.5,17.804550769357,18.9149848945));
#4748 = CARTESIAN_POINT('',(18.5,18.,19.176731656138));
#4749 = PCURVE('',#2247,#4750);
#4750 = DEFINITIONAL_REPRESENTATION('',(#4751),#4782);
#4751 = B_SPLINE_CURVE_WITH_KNOTS('',8,(#4752,#4753,#4754,#4755,#4756,
    #4757,#4758,#4759,#4760,#4761,#4762,#4763,#4764,#4765,#4766,#4767,
    #4768,#4769,#4770,#4771,#4772,#4773,#4774,#4775,#4776,#4777,#4778,
    #4779,#4780,#4781),.UNSPECIFIED.,.F.,.F.,(9,7,7,7,9),(0.,
    0.152153481262,0.30355982711,0.680871634416,1.),.UNSPECIFIED.);
#4752 = CARTESIAN_POINT('',(6.28318530718,4.94707257005E-02));
#4753 = CARTESIAN_POINT('',(6.233621737138,4.94707257005E-02));
#4754 = CARTESIAN_POINT('',(6.184059273098,5.039738151995E-02));
#4755 = CARTESIAN_POINT('',(6.134831449666,5.225073095197E-02));
#4756 = CARTESIAN_POINT('',(6.086277143205,5.502005701295E-02));
#4757 = CARTESIAN_POINT('',(6.038707297943,5.868393584279E-02));
#4758 = CARTESIAN_POINT('',(5.99238315871,6.321129638683E-02));
#4759 = CARTESIAN_POINT('',(5.947506010289,6.856349185963E-02));
#4760 = CARTESIAN_POINT('',(5.861143396165,8.080115422336E-02));
#4761 = CARTESIAN_POINT('',(5.819641995752,8.767896617887E-02));
#4762 = CARTESIAN_POINT('',(5.779858392008,9.528795032623E-02));
#4763 = CARTESIAN_POINT('',(5.741875142387,0.10358040939));
#4764 = CARTESIAN_POINT('',(5.705721719148,0.112506798934));
#4765 = CARTESIAN_POINT('',(5.671384845849,0.122017955546));
#4766 = CARTESIAN_POINT('',(5.63882064315,0.132066571637));
#4767 = CARTESIAN_POINT('',(5.531083786482,0.168877449922));
#4768 = CARTESIAN_POINT('',(5.464829224976,0.198207436011));
#4769 = CARTESIAN_POINT('',(5.408247028873,0.229909078171));
#4770 = CARTESIAN_POINT('',(5.359592226031,0.263414976136));
#4771 = CARTESIAN_POINT('',(5.317470268254,0.298348312873));
#4772 = CARTESIAN_POINT('',(5.280748895526,0.334420560554));
#4773 = CARTESIAN_POINT('',(5.24853356212,0.371418484095));
#4774 = CARTESIAN_POINT('',(5.196076494242,0.441101462227));
#4775 = CARTESIAN_POINT('',(5.174749342872,0.473578581283));
#4776 = CARTESIAN_POINT('',(5.155701502709,0.506502733658));
#4777 = CARTESIAN_POINT('',(5.138594825235,0.539801152413));
#4778 = CARTESIAN_POINT('',(5.123161359004,0.573418736253));
#4779 = CARTESIAN_POINT('',(5.109185514911,0.607311479052));
#4780 = CARTESIAN_POINT('',(5.096490884214,0.641442292567));
#4781 = CARTESIAN_POINT('',(5.084931709304,0.675779222332));
#4782 = ( GEOMETRIC_REPRESENTATION_CONTEXT(2) 
PARAMETRIC_REPRESENTATION_CONTEXT() REPRESENTATION_CONTEXT('2D SPACE',''
  ) );
#4783 = PCURVE('',#4784,#4789);
#4784 = PLANE('',#4785);
#4785 = AXIS2_PLACEMENT_3D('',#4786,#4787,#4788);
#4786 = CARTESIAN_POINT('',(18.5,15.839475216591,12.667788432263));
#4787 = DIRECTION('',(1.,0.,0.));
#4788 = DIRECTION('',(0.,0.,1.));
#4789 = DEFINITIONAL_REPRESENTATION('',(#4790),#4821);
#4790 = B_SPLINE_CURVE_WITH_KNOTS('',8,(#4791,#4792,#4793,#4794,#4795,
    #4796,#4797,#4798,#4799,#4800,#4801,#4802,#4803,#4804,#4805,#4806,
    #4807,#4808,#4809,#4810,#4811,#4812,#4813,#4814,#4815,#4816,#4817,
    #4818,#4819,#4820),.UNSPECIFIED.,.F.,.F.,(9,7,7,7,9),(0.,
    0.152153481262,0.30355982711,0.680871634416,1.),.UNSPECIFIED.);
#4791 = CARTESIAN_POINT('',(-1.167788432263,-0.171657967354));
#4792 = CARTESIAN_POINT('',(-1.019097722138,-0.171657967354));
#4793 = CARTESIAN_POINT('',(-0.870409631914,-0.172075067295));
#4794 = CARTESIAN_POINT('',(-0.7216150164,-0.172908816287));
#4795 = CARTESIAN_POINT('',(-0.572610754551,-0.174198825555));
#4796 = CARTESIAN_POINT('',(-0.42331045062,-0.176022675995));
#4797 = CARTESIAN_POINT('',(-0.273651479729,-0.178490323035));
#4798 = CARTESIAN_POINT('',(-0.123598377857,-0.181734998797));
#4799 = CARTESIAN_POINT('',(0.176574426245,-0.190045769471));
#4800 = CARTESIAN_POINT('',(0.326691080994,-0.195102994428));
#4801 = CARTESIAN_POINT('',(0.477208886672,-0.201214314013));
#4802 = CARTESIAN_POINT('',(0.62810858707,-0.208533825229));
#4803 = CARTESIAN_POINT('',(0.779352416719,-0.217217497851));
#4804 = CARTESIAN_POINT('',(0.930886802097,-0.227415633356));
#4805 = CARTESIAN_POINT('',(1.08264551841,-0.239267979448));
#4806 = CARTESIAN_POINT('',(1.613114715889,-0.286876881524));
#4807 = CARTESIAN_POINT('',(1.992607533252,-0.331914210989));
#4808 = CARTESIAN_POINT('',(2.371921924188,-0.389986030091));
#4809 = CARTESIAN_POINT('',(2.749838864912,-0.462595016914));
#4810 = CARTESIAN_POINT('',(3.125193050147,-0.550636280705));
#4811 = CARTESIAN_POINT('',(3.496823525416,-0.654692174779));
#4812 = CARTESIAN_POINT('',(3.863567988655,-0.775041015326));
#4813 = CARTESIAN_POINT('',(4.529320236967,-1.027322877204));
#4814 = CARTESIAN_POINT('',(4.830117268422,-1.154632357538));
#4815 = CARTESIAN_POINT('',(5.125964394324,-1.293690299307));
#4816 = CARTESIAN_POINT('',(5.416214204401,-1.444436314056));
#4817 = CARTESIAN_POINT('',(5.700241139728,-1.606730341582));
#4818 = CARTESIAN_POINT('',(5.977434589859,-1.780366081392));
#4819 = CARTESIAN_POINT('',(6.247196462237,-1.965075552766));
#4820 = CARTESIAN_POINT('',(6.508943223875,-2.160524783409));
#4821 = ( GEOMETRIC_REPRESENTATION_CONTEXT(2) 
PARAMETRIC_REPRESENTATION_CONTEXT() REPRESENTATION_CONTEXT('2D SPACE',''
  ) );
#4822 = ORIENTED_EDGE('',*,*,#4823,.T.);
#4823 = EDGE_CURVE('',#4715,#2208,#4824,.T.);
#4824 = SURFACE_CURVE('',#4825,(#4830,#4837),.PCURVE_S1.);
#4825 = CIRCLE('',#4826,9.1);
#4826 = AXIS2_PLACEMENT_3D('',#4827,#4828,#4829);
#4827 = CARTESIAN_POINT('',(18.05,25.1,11.5));
#4828 = DIRECTION('',(0.,0.,1.));
#4829 = DIRECTION('',(1.171224289714E-15,-1.,0.));
#4830 = PCURVE('',#2247,#4831);
#4831 = DEFINITIONAL_REPRESENTATION('',(#4832),#4836);
#4832 = LINE('',#4833,#4834);
#4833 = CARTESIAN_POINT('',(6.28318530718,0.));
#4834 = VECTOR('',#4835,1.);
#4835 = DIRECTION('',(0.,1.));
#4836 = ( GEOMETRIC_REPRESENTATION_CONTEXT(2) 
PARAMETRIC_REPRESENTATION_CONTEXT() REPRESENTATION_CONTEXT('2D SPACE',''
  ) );
#4837 = PCURVE('',#62,#4838);
#4838 = DEFINITIONAL_REPRESENTATION('',(#4839),#4843);
#4839 = CIRCLE('',#4840,9.1);
#4840 = AXIS2_PLACEMENT_2D('',#4841,#4842);
#4841 = CARTESIAN_POINT('',(7.1,-18.05));
#4842 = DIRECTION('',(-1.,-1.171224289714E-15));
#4843 = ( GEOMETRIC_REPRESENTATION_CONTEXT(2) 
PARAMETRIC_REPRESENTATION_CONTEXT() REPRESENTATION_CONTEXT('2D SPACE',''
  ) );
#4844 = ORIENTED_EDGE('',*,*,#2230,.F.);
#4845 = ADVANCED_FACE('',(#4846),#4784,.T.);
#4846 = FACE_BOUND('',#4847,.T.);
#4847 = EDGE_LOOP('',(#4848,#4871,#4899,#4927,#4955,#4983,#5011,#5039,
    #5060));
#4848 = ORIENTED_EDGE('',*,*,#4849,.T.);
#4849 = EDGE_CURVE('',#4582,#4850,#4852,.T.);
#4850 = VERTEX_POINT('',#4851);
#4851 = CARTESIAN_POINT('',(18.5,13.,13.1));
#4852 = SURFACE_CURVE('',#4853,(#4857,#4864),.PCURVE_S1.);
#4853 = LINE('',#4854,#4855);
#4854 = CARTESIAN_POINT('',(18.5,19.,20.3));
#4855 = VECTOR('',#4856,1.);
#4856 = DIRECTION('',(0.,-0.640184399664,-0.768221279597));
#4857 = PCURVE('',#4784,#4858);
#4858 = DEFINITIONAL_REPRESENTATION('',(#4859),#4863);
#4859 = LINE('',#4860,#4861);
#4860 = CARTESIAN_POINT('',(7.632211567737,-3.160524783409));
#4861 = VECTOR('',#4862,1.);
#4862 = DIRECTION('',(-0.768221279597,0.640184399664));
#4863 = ( GEOMETRIC_REPRESENTATION_CONTEXT(2) 
PARAMETRIC_REPRESENTATION_CONTEXT() REPRESENTATION_CONTEXT('2D SPACE',''
  ) );
#4864 = PCURVE('',#4667,#4865);
#4865 = DEFINITIONAL_REPRESENTATION('',(#4866),#4870);
#4866 = LINE('',#4867,#4868);
#4867 = CARTESIAN_POINT('',(0.,-6.));
#4868 = VECTOR('',#4869,1.);
#4869 = DIRECTION('',(1.,0.));
#4870 = ( GEOMETRIC_REPRESENTATION_CONTEXT(2) 
PARAMETRIC_REPRESENTATION_CONTEXT() REPRESENTATION_CONTEXT('2D SPACE',''
  ) );
#4871 = ORIENTED_EDGE('',*,*,#4872,.T.);
#4872 = EDGE_CURVE('',#4850,#4873,#4875,.T.);
#4873 = VERTEX_POINT('',#4874);
#4874 = CARTESIAN_POINT('',(18.5,13.,5.5));
#4875 = SURFACE_CURVE('',#4876,(#4880,#4887),.PCURVE_S1.);
#4876 = LINE('',#4877,#4878);
#4877 = CARTESIAN_POINT('',(18.5,13.,13.1));
#4878 = VECTOR('',#4879,1.);
#4879 = DIRECTION('',(0.,0.,-1.));
#4880 = PCURVE('',#4784,#4881);
#4881 = DEFINITIONAL_REPRESENTATION('',(#4882),#4886);
#4882 = LINE('',#4883,#4884);
#4883 = CARTESIAN_POINT('',(0.432211567737,2.839475216591));
#4884 = VECTOR('',#4885,1.);
#4885 = DIRECTION('',(-1.,0.));
#4886 = ( GEOMETRIC_REPRESENTATION_CONTEXT(2) 
PARAMETRIC_REPRESENTATION_CONTEXT() REPRESENTATION_CONTEXT('2D SPACE',''
  ) );
#4887 = PCURVE('',#4888,#4893);
#4888 = PLANE('',#4889);
#4889 = AXIS2_PLACEMENT_3D('',#4890,#4891,#4892);
#4890 = CARTESIAN_POINT('',(12.5,13.,13.1));
#4891 = DIRECTION('',(0.,1.,0.));
#4892 = DIRECTION('',(0.,0.,-1.));
#4893 = DEFINITIONAL_REPRESENTATION('',(#4894),#4898);
#4894 = LINE('',#4895,#4896);
#4895 = CARTESIAN_POINT('',(0.,-6.));
#4896 = VECTOR('',#4897,1.);
#4897 = DIRECTION('',(1.,0.));
#4898 = ( GEOMETRIC_REPRESENTATION_CONTEXT(2) 
PARAMETRIC_REPRESENTATION_CONTEXT() REPRESENTATION_CONTEXT('2D SPACE',''
  ) );
#4899 = ORIENTED_EDGE('',*,*,#4900,.T.);
#4900 = EDGE_CURVE('',#4873,#4901,#4903,.T.);
#4901 = VERTEX_POINT('',#4902);
#4902 = CARTESIAN_POINT('',(18.5,14.,5.5));
#4903 = SURFACE_CURVE('',#4904,(#4908,#4915),.PCURVE_S1.);
#4904 = LINE('',#4905,#4906);
#4905 = CARTESIAN_POINT('',(18.5,13.,5.5));
#4906 = VECTOR('',#4907,1.);
#4907 = DIRECTION('',(0.,1.,0.));
#4908 = PCURVE('',#4784,#4909);
#4909 = DEFINITIONAL_REPRESENTATION('',(#4910),#4914);
#4910 = LINE('',#4911,#4912);
#4911 = CARTESIAN_POINT('',(-7.167788432263,2.839475216591));
#4912 = VECTOR('',#4913,1.);
#4913 = DIRECTION('',(0.,-1.));
#4914 = ( GEOMETRIC_REPRESENTATION_CONTEXT(2) 
PARAMETRIC_REPRESENTATION_CONTEXT() REPRESENTATION_CONTEXT('2D SPACE',''
  ) );
#4915 = PCURVE('',#4916,#4921);
#4916 = PLANE('',#4917);
#4917 = AXIS2_PLACEMENT_3D('',#4918,#4919,#4920);
#4918 = CARTESIAN_POINT('',(12.5,13.,5.5));
#4919 = DIRECTION('',(0.,0.,1.));
#4920 = DIRECTION('',(0.,1.,0.));
#4921 = DEFINITIONAL_REPRESENTATION('',(#4922),#4926);
#4922 = LINE('',#4923,#4924);
#4923 = CARTESIAN_POINT('',(0.,-6.));
#4924 = VECTOR('',#4925,1.);
#4925 = DIRECTION('',(1.,0.));
#4926 = ( GEOMETRIC_REPRESENTATION_CONTEXT(2) 
PARAMETRIC_REPRESENTATION_CONTEXT() REPRESENTATION_CONTEXT('2D SPACE',''
  ) );
#4927 = ORIENTED_EDGE('',*,*,#4928,.T.);
#4928 = EDGE_CURVE('',#4901,#4929,#4931,.T.);
#4929 = VERTEX_POINT('',#4930);
#4930 = CARTESIAN_POINT('',(18.5,15.,9.));
#4931 = SURFACE_CURVE('',#4932,(#4936,#4943),.PCURVE_S1.);
#4932 = LINE('',#4933,#4934);
#4933 = CARTESIAN_POINT('',(18.5,14.,5.5));
#4934 = VECTOR('',#4935,1.);
#4935 = DIRECTION('',(0.,0.274721127897,0.961523947641));
#4936 = PCURVE('',#4784,#4937);
#4937 = DEFINITIONAL_REPRESENTATION('',(#4938),#4942);
#4938 = LINE('',#4939,#4940);
#4939 = CARTESIAN_POINT('',(-7.167788432263,1.839475216591));
#4940 = VECTOR('',#4941,1.);
#4941 = DIRECTION('',(0.961523947641,-0.274721127897));
#4942 = ( GEOMETRIC_REPRESENTATION_CONTEXT(2) 
PARAMETRIC_REPRESENTATION_CONTEXT() REPRESENTATION_CONTEXT('2D SPACE',''
  ) );
#4943 = PCURVE('',#4944,#4949);
#4944 = PLANE('',#4945);
#4945 = AXIS2_PLACEMENT_3D('',#4946,#4947,#4948);
#4946 = CARTESIAN_POINT('',(12.5,14.,5.5));
#4947 = DIRECTION('',(0.,-0.961523947641,0.274721127897));
#4948 = DIRECTION('',(0.,0.274721127897,0.961523947641));
#4949 = DEFINITIONAL_REPRESENTATION('',(#4950),#4954);
#4950 = LINE('',#4951,#4952);
#4951 = CARTESIAN_POINT('',(0.,-6.));
#4952 = VECTOR('',#4953,1.);
#4953 = DIRECTION('',(1.,0.));
#4954 = ( GEOMETRIC_REPRESENTATION_CONTEXT(2) 
PARAMETRIC_REPRESENTATION_CONTEXT() REPRESENTATION_CONTEXT('2D SPACE',''
  ) );
#4955 = ORIENTED_EDGE('',*,*,#4956,.T.);
#4956 = EDGE_CURVE('',#4929,#4957,#4959,.T.);
#4957 = VERTEX_POINT('',#4958);
#4958 = CARTESIAN_POINT('',(18.5,15.,9.5));
#4959 = SURFACE_CURVE('',#4960,(#4964,#4971),.PCURVE_S1.);
#4960 = LINE('',#4961,#4962);
#4961 = CARTESIAN_POINT('',(18.5,15.,9.));
#4962 = VECTOR('',#4963,1.);
#4963 = DIRECTION('',(0.,0.,1.));
#4964 = PCURVE('',#4784,#4965);
#4965 = DEFINITIONAL_REPRESENTATION('',(#4966),#4970);
#4966 = LINE('',#4967,#4968);
#4967 = CARTESIAN_POINT('',(-3.667788432263,0.839475216591));
#4968 = VECTOR('',#4969,1.);
#4969 = DIRECTION('',(1.,0.));
#4970 = ( GEOMETRIC_REPRESENTATION_CONTEXT(2) 
PARAMETRIC_REPRESENTATION_CONTEXT() REPRESENTATION_CONTEXT('2D SPACE',''
  ) );
#4971 = PCURVE('',#4972,#4977);
#4972 = PLANE('',#4973);
#4973 = AXIS2_PLACEMENT_3D('',#4974,#4975,#4976);
#4974 = CARTESIAN_POINT('',(12.5,15.,9.));
#4975 = DIRECTION('',(0.,-1.,0.));
#4976 = DIRECTION('',(0.,0.,1.));
#4977 = DEFINITIONAL_REPRESENTATION('',(#4978),#4982);
#4978 = LINE('',#4979,#4980);
#4979 = CARTESIAN_POINT('',(0.,-6.));
#4980 = VECTOR('',#4981,1.);
#4981 = DIRECTION('',(1.,0.));
#4982 = ( GEOMETRIC_REPRESENTATION_CONTEXT(2) 
PARAMETRIC_REPRESENTATION_CONTEXT() REPRESENTATION_CONTEXT('2D SPACE',''
  ) );
#4983 = ORIENTED_EDGE('',*,*,#4984,.T.);
#4984 = EDGE_CURVE('',#4957,#4985,#4987,.T.);
#4985 = VERTEX_POINT('',#4986);
#4986 = CARTESIAN_POINT('',(18.5,14.3,9.5));
#4987 = SURFACE_CURVE('',#4988,(#4992,#4999),.PCURVE_S1.);
#4988 = LINE('',#4989,#4990);
#4989 = CARTESIAN_POINT('',(18.5,15.,9.5));
#4990 = VECTOR('',#4991,1.);
#4991 = DIRECTION('',(0.,-1.,0.));
#4992 = PCURVE('',#4784,#4993);
#4993 = DEFINITIONAL_REPRESENTATION('',(#4994),#4998);
#4994 = LINE('',#4995,#4996);
#4995 = CARTESIAN_POINT('',(-3.167788432263,0.839475216591));
#4996 = VECTOR('',#4997,1.);
#4997 = DIRECTION('',(0.,1.));
#4998 = ( GEOMETRIC_REPRESENTATION_CONTEXT(2) 
PARAMETRIC_REPRESENTATION_CONTEXT() REPRESENTATION_CONTEXT('2D SPACE',''
  ) );
#4999 = PCURVE('',#5000,#5005);
#5000 = PLANE('',#5001);
#5001 = AXIS2_PLACEMENT_3D('',#5002,#5003,#5004);
#5002 = CARTESIAN_POINT('',(12.5,15.,9.5));
#5003 = DIRECTION('',(0.,0.,-1.));
#5004 = DIRECTION('',(0.,-1.,0.));
#5005 = DEFINITIONAL_REPRESENTATION('',(#5006),#5010);
#5006 = LINE('',#5007,#5008);
#5007 = CARTESIAN_POINT('',(0.,-6.));
#5008 = VECTOR('',#5009,1.);
#5009 = DIRECTION('',(1.,0.));
#5010 = ( GEOMETRIC_REPRESENTATION_CONTEXT(2) 
PARAMETRIC_REPRESENTATION_CONTEXT() REPRESENTATION_CONTEXT('2D SPACE',''
  ) );
#5011 = ORIENTED_EDGE('',*,*,#5012,.T.);
#5012 = EDGE_CURVE('',#4985,#5013,#5015,.T.);
#5013 = VERTEX_POINT('',#5014);
#5014 = CARTESIAN_POINT('',(18.5,14.3,11.5));
#5015 = SURFACE_CURVE('',#5016,(#5020,#5027),.PCURVE_S1.);
#5016 = LINE('',#5017,#5018);
#5017 = CARTESIAN_POINT('',(18.5,14.3,9.5));
#5018 = VECTOR('',#5019,1.);
#5019 = DIRECTION('',(0.,0.,1.));
#5020 = PCURVE('',#4784,#5021);
#5021 = DEFINITIONAL_REPRESENTATION('',(#5022),#5026);
#5022 = LINE('',#5023,#5024);
#5023 = CARTESIAN_POINT('',(-3.167788432263,1.539475216591));
#5024 = VECTOR('',#5025,1.);
#5025 = DIRECTION('',(1.,0.));
#5026 = ( GEOMETRIC_REPRESENTATION_CONTEXT(2) 
PARAMETRIC_REPRESENTATION_CONTEXT() REPRESENTATION_CONTEXT('2D SPACE',''
  ) );
#5027 = PCURVE('',#5028,#5033);
#5028 = PLANE('',#5029);
#5029 = AXIS2_PLACEMENT_3D('',#5030,#5031,#5032);
#5030 = CARTESIAN_POINT('',(12.5,14.3,9.5));
#5031 = DIRECTION('',(0.,-1.,0.));
#5032 = DIRECTION('',(0.,0.,1.));
#5033 = DEFINITIONAL_REPRESENTATION('',(#5034),#5038);
#5034 = LINE('',#5035,#5036);
#5035 = CARTESIAN_POINT('',(0.,-6.));
#5036 = VECTOR('',#5037,1.);
#5037 = DIRECTION('',(1.,0.));
#5038 = ( GEOMETRIC_REPRESENTATION_CONTEXT(2) 
PARAMETRIC_REPRESENTATION_CONTEXT() REPRESENTATION_CONTEXT('2D SPACE',''
  ) );
#5039 = ORIENTED_EDGE('',*,*,#5040,.T.);
#5040 = EDGE_CURVE('',#5013,#4715,#5041,.T.);
#5041 = SURFACE_CURVE('',#5042,(#5046,#5053),.PCURVE_S1.);
#5042 = LINE('',#5043,#5044);
#5043 = CARTESIAN_POINT('',(18.5,14.3,11.5));
#5044 = VECTOR('',#5045,1.);
#5045 = DIRECTION('',(0.,1.,0.));
#5046 = PCURVE('',#4784,#5047);
#5047 = DEFINITIONAL_REPRESENTATION('',(#5048),#5052);
#5048 = LINE('',#5049,#5050);
#5049 = CARTESIAN_POINT('',(-1.167788432263,1.539475216591));
#5050 = VECTOR('',#5051,1.);
#5051 = DIRECTION('',(0.,-1.));
#5052 = ( GEOMETRIC_REPRESENTATION_CONTEXT(2) 
PARAMETRIC_REPRESENTATION_CONTEXT() REPRESENTATION_CONTEXT('2D SPACE',''
  ) );
#5053 = PCURVE('',#62,#5054);
#5054 = DEFINITIONAL_REPRESENTATION('',(#5055),#5059);
#5055 = LINE('',#5056,#5057);
#5056 = CARTESIAN_POINT('',(-3.7,-18.5));
#5057 = VECTOR('',#5058,1.);
#5058 = DIRECTION('',(1.,0.));
#5059 = ( GEOMETRIC_REPRESENTATION_CONTEXT(2) 
PARAMETRIC_REPRESENTATION_CONTEXT() REPRESENTATION_CONTEXT('2D SPACE',''
  ) );
#5060 = ORIENTED_EDGE('',*,*,#4714,.T.);
#5061 = ADVANCED_FACE('',(#5062),#4888,.F.);
#5062 = FACE_BOUND('',#5063,.F.);
#5063 = EDGE_LOOP('',(#5064,#5089,#5112,#5138,#5164,#5190,#5213,#5239,
    #5265,#5291,#5312,#5313));
#5064 = ORIENTED_EDGE('',*,*,#5065,.F.);
#5065 = EDGE_CURVE('',#5066,#5068,#5070,.T.);
#5066 = VERTEX_POINT('',#5067);
#5067 = CARTESIAN_POINT('',(12.5,13.,13.1));
#5068 = VERTEX_POINT('',#5069);
#5069 = CARTESIAN_POINT('',(12.5,13.,5.5));
#5070 = SURFACE_CURVE('',#5071,(#5075,#5082),.PCURVE_S1.);
#5071 = LINE('',#5072,#5073);
#5072 = CARTESIAN_POINT('',(12.5,13.,13.1));
#5073 = VECTOR('',#5074,1.);
#5074 = DIRECTION('',(0.,0.,-1.));
#5075 = PCURVE('',#4888,#5076);
#5076 = DEFINITIONAL_REPRESENTATION('',(#5077),#5081);
#5077 = LINE('',#5078,#5079);
#5078 = CARTESIAN_POINT('',(0.,0.));
#5079 = VECTOR('',#5080,1.);
#5080 = DIRECTION('',(1.,0.));
#5081 = ( GEOMETRIC_REPRESENTATION_CONTEXT(2) 
PARAMETRIC_REPRESENTATION_CONTEXT() REPRESENTATION_CONTEXT('2D SPACE',''
  ) );
#5082 = PCURVE('',#4005,#5083);
#5083 = DEFINITIONAL_REPRESENTATION('',(#5084),#5088);
#5084 = LINE('',#5085,#5086);
#5085 = CARTESIAN_POINT('',(0.432211567737,2.839475216591));
#5086 = VECTOR('',#5087,1.);
#5087 = DIRECTION('',(-1.,0.));
#5088 = ( GEOMETRIC_REPRESENTATION_CONTEXT(2) 
PARAMETRIC_REPRESENTATION_CONTEXT() REPRESENTATION_CONTEXT('2D SPACE',''
  ) );
#5089 = ORIENTED_EDGE('',*,*,#5090,.T.);
#5090 = EDGE_CURVE('',#5066,#5091,#5093,.T.);
#5091 = VERTEX_POINT('',#5092);
#5092 = CARTESIAN_POINT('',(13.5,13.,13.1));
#5093 = SURFACE_CURVE('',#5094,(#5098,#5105),.PCURVE_S1.);
#5094 = LINE('',#5095,#5096);
#5095 = CARTESIAN_POINT('',(12.5,13.,13.1));
#5096 = VECTOR('',#5097,1.);
#5097 = DIRECTION('',(1.,0.,0.));
#5098 = PCURVE('',#4888,#5099);
#5099 = DEFINITIONAL_REPRESENTATION('',(#5100),#5104);
#5100 = LINE('',#5101,#5102);
#5101 = CARTESIAN_POINT('',(0.,0.));
#5102 = VECTOR('',#5103,1.);
#5103 = DIRECTION('',(0.,-1.));
#5104 = ( GEOMETRIC_REPRESENTATION_CONTEXT(2) 
PARAMETRIC_REPRESENTATION_CONTEXT() REPRESENTATION_CONTEXT('2D SPACE',''
  ) );
#5105 = PCURVE('',#4130,#5106);
#5106 = DEFINITIONAL_REPRESENTATION('',(#5107),#5111);
#5107 = LINE('',#5108,#5109);
#5108 = CARTESIAN_POINT('',(9.372299611088,0.));
#5109 = VECTOR('',#5110,1.);
#5110 = DIRECTION('',(0.,-1.));
#5111 = ( GEOMETRIC_REPRESENTATION_CONTEXT(2) 
PARAMETRIC_REPRESENTATION_CONTEXT() REPRESENTATION_CONTEXT('2D SPACE',''
  ) );
#5112 = ORIENTED_EDGE('',*,*,#5113,.T.);
#5113 = EDGE_CURVE('',#5091,#5114,#5116,.T.);
#5114 = VERTEX_POINT('',#5115);
#5115 = CARTESIAN_POINT('',(13.5,13.,12.5));
#5116 = SURFACE_CURVE('',#5117,(#5121,#5127),.PCURVE_S1.);
#5117 = LINE('',#5118,#5119);
#5118 = CARTESIAN_POINT('',(13.5,13.,12.8));
#5119 = VECTOR('',#5120,1.);
#5120 = DIRECTION('',(0.,0.,-1.));
#5121 = PCURVE('',#4888,#5122);
#5122 = DEFINITIONAL_REPRESENTATION('',(#5123),#5126);
#5123 = B_SPLINE_CURVE_WITH_KNOTS('',1,(#5124,#5125),.UNSPECIFIED.,.F.,
  .F.,(2,2),(-0.3,0.3),.PIECEWISE_BEZIER_KNOTS.);
#5124 = CARTESIAN_POINT('',(0.,-1.));
#5125 = CARTESIAN_POINT('',(0.6,-1.));
#5126 = ( GEOMETRIC_REPRESENTATION_CONTEXT(2) 
PARAMETRIC_REPRESENTATION_CONTEXT() REPRESENTATION_CONTEXT('2D SPACE',''
  ) );
#5127 = PCURVE('',#5128,#5133);
#5128 = PLANE('',#5129);
#5129 = AXIS2_PLACEMENT_3D('',#5130,#5131,#5132);
#5130 = CARTESIAN_POINT('',(13.5,12.,12.5));
#5131 = DIRECTION('',(1.,0.,0.));
#5132 = DIRECTION('',(0.,0.,1.));
#5133 = DEFINITIONAL_REPRESENTATION('',(#5134),#5137);
#5134 = B_SPLINE_CURVE_WITH_KNOTS('',1,(#5135,#5136),.UNSPECIFIED.,.F.,
  .F.,(2,2),(-0.3,0.3),.PIECEWISE_BEZIER_KNOTS.);
#5135 = CARTESIAN_POINT('',(0.6,-1.));
#5136 = CARTESIAN_POINT('',(0.,-1.));
#5137 = ( GEOMETRIC_REPRESENTATION_CONTEXT(2) 
PARAMETRIC_REPRESENTATION_CONTEXT() REPRESENTATION_CONTEXT('2D SPACE',''
  ) );
#5138 = ORIENTED_EDGE('',*,*,#5139,.T.);
#5139 = EDGE_CURVE('',#5114,#5140,#5142,.T.);
#5140 = VERTEX_POINT('',#5141);
#5141 = CARTESIAN_POINT('',(15.,13.,12.5));
#5142 = SURFACE_CURVE('',#5143,(#5147,#5153),.PCURVE_S1.);
#5143 = LINE('',#5144,#5145);
#5144 = CARTESIAN_POINT('',(13.,13.,12.5));
#5145 = VECTOR('',#5146,1.);
#5146 = DIRECTION('',(1.,0.,0.));
#5147 = PCURVE('',#4888,#5148);
#5148 = DEFINITIONAL_REPRESENTATION('',(#5149),#5152);
#5149 = B_SPLINE_CURVE_WITH_KNOTS('',1,(#5150,#5151),.UNSPECIFIED.,.F.,
  .F.,(2,2),(0.5,2.),.PIECEWISE_BEZIER_KNOTS.);
#5150 = CARTESIAN_POINT('',(0.6,-1.));
#5151 = CARTESIAN_POINT('',(0.6,-2.5));
#5152 = ( GEOMETRIC_REPRESENTATION_CONTEXT(2) 
PARAMETRIC_REPRESENTATION_CONTEXT() REPRESENTATION_CONTEXT('2D SPACE',''
  ) );
#5153 = PCURVE('',#5154,#5159);
#5154 = PLANE('',#5155);
#5155 = AXIS2_PLACEMENT_3D('',#5156,#5157,#5158);
#5156 = CARTESIAN_POINT('',(13.5,12.,12.5));
#5157 = DIRECTION('',(0.,0.,1.));
#5158 = DIRECTION('',(1.,0.,0.));
#5159 = DEFINITIONAL_REPRESENTATION('',(#5160),#5163);
#5160 = B_SPLINE_CURVE_WITH_KNOTS('',1,(#5161,#5162),.UNSPECIFIED.,.F.,
  .F.,(2,2),(0.5,2.),.PIECEWISE_BEZIER_KNOTS.);
#5161 = CARTESIAN_POINT('',(0.,1.));
#5162 = CARTESIAN_POINT('',(1.5,1.));
#5163 = ( GEOMETRIC_REPRESENTATION_CONTEXT(2) 
PARAMETRIC_REPRESENTATION_CONTEXT() REPRESENTATION_CONTEXT('2D SPACE',''
  ) );
#5164 = ORIENTED_EDGE('',*,*,#5165,.F.);
#5165 = EDGE_CURVE('',#5166,#5140,#5168,.T.);
#5166 = VERTEX_POINT('',#5167);
#5167 = CARTESIAN_POINT('',(15.,13.,13.1));
#5168 = SURFACE_CURVE('',#5169,(#5173,#5179),.PCURVE_S1.);
#5169 = LINE('',#5170,#5171);
#5170 = CARTESIAN_POINT('',(15.,13.,12.8));
#5171 = VECTOR('',#5172,1.);
#5172 = DIRECTION('',(0.,0.,-1.));
#5173 = PCURVE('',#4888,#5174);
#5174 = DEFINITIONAL_REPRESENTATION('',(#5175),#5178);
#5175 = B_SPLINE_CURVE_WITH_KNOTS('',1,(#5176,#5177),.UNSPECIFIED.,.F.,
  .F.,(2,2),(-0.3,0.3),.PIECEWISE_BEZIER_KNOTS.);
#5176 = CARTESIAN_POINT('',(0.,-2.5));
#5177 = CARTESIAN_POINT('',(0.6,-2.5));
#5178 = ( GEOMETRIC_REPRESENTATION_CONTEXT(2) 
PARAMETRIC_REPRESENTATION_CONTEXT() REPRESENTATION_CONTEXT('2D SPACE',''
  ) );
#5179 = PCURVE('',#5180,#5185);
#5180 = PLANE('',#5181);
#5181 = AXIS2_PLACEMENT_3D('',#5182,#5183,#5184);
#5182 = CARTESIAN_POINT('',(15.,12.,12.5));
#5183 = DIRECTION('',(1.,0.,0.));
#5184 = DIRECTION('',(0.,0.,1.));
#5185 = DEFINITIONAL_REPRESENTATION('',(#5186),#5189);
#5186 = B_SPLINE_CURVE_WITH_KNOTS('',1,(#5187,#5188),.UNSPECIFIED.,.F.,
  .F.,(2,2),(-0.3,0.3),.PIECEWISE_BEZIER_KNOTS.);
#5187 = CARTESIAN_POINT('',(0.6,-1.));
#5188 = CARTESIAN_POINT('',(0.,-1.));
#5189 = ( GEOMETRIC_REPRESENTATION_CONTEXT(2) 
PARAMETRIC_REPRESENTATION_CONTEXT() REPRESENTATION_CONTEXT('2D SPACE',''
  ) );
#5190 = ORIENTED_EDGE('',*,*,#5191,.T.);
#5191 = EDGE_CURVE('',#5166,#5192,#5194,.T.);
#5192 = VERTEX_POINT('',#5193);
#5193 = CARTESIAN_POINT('',(16.,13.,13.1));
#5194 = SURFACE_CURVE('',#5195,(#5199,#5206),.PCURVE_S1.);
#5195 = LINE('',#5196,#5197);
#5196 = CARTESIAN_POINT('',(12.5,13.,13.1));
#5197 = VECTOR('',#5198,1.);
#5198 = DIRECTION('',(1.,0.,0.));
#5199 = PCURVE('',#4888,#5200);
#5200 = DEFINITIONAL_REPRESENTATION('',(#5201),#5205);
#5201 = LINE('',#5202,#5203);
#5202 = CARTESIAN_POINT('',(0.,0.));
#5203 = VECTOR('',#5204,1.);
#5204 = DIRECTION('',(0.,-1.));
#5205 = ( GEOMETRIC_REPRESENTATION_CONTEXT(2) 
PARAMETRIC_REPRESENTATION_CONTEXT() REPRESENTATION_CONTEXT('2D SPACE',''
  ) );
#5206 = PCURVE('',#4397,#5207);
#5207 = DEFINITIONAL_REPRESENTATION('',(#5208),#5212);
#5208 = LINE('',#5209,#5210);
#5209 = CARTESIAN_POINT('',(9.372299611088,0.));
#5210 = VECTOR('',#5211,1.);
#5211 = DIRECTION('',(0.,-1.));
#5212 = ( GEOMETRIC_REPRESENTATION_CONTEXT(2) 
PARAMETRIC_REPRESENTATION_CONTEXT() REPRESENTATION_CONTEXT('2D SPACE',''
  ) );
#5213 = ORIENTED_EDGE('',*,*,#5214,.T.);
#5214 = EDGE_CURVE('',#5192,#5215,#5217,.T.);
#5215 = VERTEX_POINT('',#5216);
#5216 = CARTESIAN_POINT('',(16.,13.,12.5));
#5217 = SURFACE_CURVE('',#5218,(#5222,#5228),.PCURVE_S1.);
#5218 = LINE('',#5219,#5220);
#5219 = CARTESIAN_POINT('',(16.,13.,12.8));
#5220 = VECTOR('',#5221,1.);
#5221 = DIRECTION('',(0.,0.,-1.));
#5222 = PCURVE('',#4888,#5223);
#5223 = DEFINITIONAL_REPRESENTATION('',(#5224),#5227);
#5224 = B_SPLINE_CURVE_WITH_KNOTS('',1,(#5225,#5226),.UNSPECIFIED.,.F.,
  .F.,(2,2),(-0.3,0.3),.PIECEWISE_BEZIER_KNOTS.);
#5225 = CARTESIAN_POINT('',(0.,-3.5));
#5226 = CARTESIAN_POINT('',(0.6,-3.5));
#5227 = ( GEOMETRIC_REPRESENTATION_CONTEXT(2) 
PARAMETRIC_REPRESENTATION_CONTEXT() REPRESENTATION_CONTEXT('2D SPACE',''
  ) );
#5228 = PCURVE('',#5229,#5234);
#5229 = PLANE('',#5230);
#5230 = AXIS2_PLACEMENT_3D('',#5231,#5232,#5233);
#5231 = CARTESIAN_POINT('',(16.,12.,12.5));
#5232 = DIRECTION('',(1.,0.,0.));
#5233 = DIRECTION('',(0.,0.,1.));
#5234 = DEFINITIONAL_REPRESENTATION('',(#5235),#5238);
#5235 = B_SPLINE_CURVE_WITH_KNOTS('',1,(#5236,#5237),.UNSPECIFIED.,.F.,
  .F.,(2,2),(-0.3,0.3),.PIECEWISE_BEZIER_KNOTS.);
#5236 = CARTESIAN_POINT('',(0.6,-1.));
#5237 = CARTESIAN_POINT('',(0.,-1.));
#5238 = ( GEOMETRIC_REPRESENTATION_CONTEXT(2) 
PARAMETRIC_REPRESENTATION_CONTEXT() REPRESENTATION_CONTEXT('2D SPACE',''
  ) );
#5239 = ORIENTED_EDGE('',*,*,#5240,.T.);
#5240 = EDGE_CURVE('',#5215,#5241,#5243,.T.);
#5241 = VERTEX_POINT('',#5242);
#5242 = CARTESIAN_POINT('',(17.5,13.,12.5));
#5243 = SURFACE_CURVE('',#5244,(#5248,#5254),.PCURVE_S1.);
#5244 = LINE('',#5245,#5246);
#5245 = CARTESIAN_POINT('',(14.25,13.,12.5));
#5246 = VECTOR('',#5247,1.);
#5247 = DIRECTION('',(1.,0.,0.));
#5248 = PCURVE('',#4888,#5249);
#5249 = DEFINITIONAL_REPRESENTATION('',(#5250),#5253);
#5250 = B_SPLINE_CURVE_WITH_KNOTS('',1,(#5251,#5252),.UNSPECIFIED.,.F.,
  .F.,(2,2),(1.75,3.25),.PIECEWISE_BEZIER_KNOTS.);
#5251 = CARTESIAN_POINT('',(0.6,-3.5));
#5252 = CARTESIAN_POINT('',(0.6,-5.));
#5253 = ( GEOMETRIC_REPRESENTATION_CONTEXT(2) 
PARAMETRIC_REPRESENTATION_CONTEXT() REPRESENTATION_CONTEXT('2D SPACE',''
  ) );
#5254 = PCURVE('',#5255,#5260);
#5255 = PLANE('',#5256);
#5256 = AXIS2_PLACEMENT_3D('',#5257,#5258,#5259);
#5257 = CARTESIAN_POINT('',(16.,12.,12.5));
#5258 = DIRECTION('',(0.,0.,1.));
#5259 = DIRECTION('',(1.,0.,0.));
#5260 = DEFINITIONAL_REPRESENTATION('',(#5261),#5264);
#5261 = B_SPLINE_CURVE_WITH_KNOTS('',1,(#5262,#5263),.UNSPECIFIED.,.F.,
  .F.,(2,2),(1.75,3.25),.PIECEWISE_BEZIER_KNOTS.);
#5262 = CARTESIAN_POINT('',(0.,1.));
#5263 = CARTESIAN_POINT('',(1.5,1.));
#5264 = ( GEOMETRIC_REPRESENTATION_CONTEXT(2) 
PARAMETRIC_REPRESENTATION_CONTEXT() REPRESENTATION_CONTEXT('2D SPACE',''
  ) );
#5265 = ORIENTED_EDGE('',*,*,#5266,.F.);
#5266 = EDGE_CURVE('',#5267,#5241,#5269,.T.);
#5267 = VERTEX_POINT('',#5268);
#5268 = CARTESIAN_POINT('',(17.5,13.,13.1));
#5269 = SURFACE_CURVE('',#5270,(#5274,#5280),.PCURVE_S1.);
#5270 = LINE('',#5271,#5272);
#5271 = CARTESIAN_POINT('',(17.5,13.,12.8));
#5272 = VECTOR('',#5273,1.);
#5273 = DIRECTION('',(0.,0.,-1.));
#5274 = PCURVE('',#4888,#5275);
#5275 = DEFINITIONAL_REPRESENTATION('',(#5276),#5279);
#5276 = B_SPLINE_CURVE_WITH_KNOTS('',1,(#5277,#5278),.UNSPECIFIED.,.F.,
  .F.,(2,2),(-0.3,0.3),.PIECEWISE_BEZIER_KNOTS.);
#5277 = CARTESIAN_POINT('',(0.,-5.));
#5278 = CARTESIAN_POINT('',(0.6,-5.));
#5279 = ( GEOMETRIC_REPRESENTATION_CONTEXT(2) 
PARAMETRIC_REPRESENTATION_CONTEXT() REPRESENTATION_CONTEXT('2D SPACE',''
  ) );
#5280 = PCURVE('',#5281,#5286);
#5281 = PLANE('',#5282);
#5282 = AXIS2_PLACEMENT_3D('',#5283,#5284,#5285);
#5283 = CARTESIAN_POINT('',(17.5,12.,12.5));
#5284 = DIRECTION('',(1.,0.,0.));
#5285 = DIRECTION('',(0.,0.,1.));
#5286 = DEFINITIONAL_REPRESENTATION('',(#5287),#5290);
#5287 = B_SPLINE_CURVE_WITH_KNOTS('',1,(#5288,#5289),.UNSPECIFIED.,.F.,
  .F.,(2,2),(-0.3,0.3),.PIECEWISE_BEZIER_KNOTS.);
#5288 = CARTESIAN_POINT('',(0.6,-1.));
#5289 = CARTESIAN_POINT('',(0.,-1.));
#5290 = ( GEOMETRIC_REPRESENTATION_CONTEXT(2) 
PARAMETRIC_REPRESENTATION_CONTEXT() REPRESENTATION_CONTEXT('2D SPACE',''
  ) );
#5291 = ORIENTED_EDGE('',*,*,#5292,.T.);
#5292 = EDGE_CURVE('',#5267,#4850,#5293,.T.);
#5293 = SURFACE_CURVE('',#5294,(#5298,#5305),.PCURVE_S1.);
#5294 = LINE('',#5295,#5296);
#5295 = CARTESIAN_POINT('',(12.5,13.,13.1));
#5296 = VECTOR('',#5297,1.);
#5297 = DIRECTION('',(1.,0.,0.));
#5298 = PCURVE('',#4888,#5299);
#5299 = DEFINITIONAL_REPRESENTATION('',(#5300),#5304);
#5300 = LINE('',#5301,#5302);
#5301 = CARTESIAN_POINT('',(0.,0.));
#5302 = VECTOR('',#5303,1.);
#5303 = DIRECTION('',(0.,-1.));
#5304 = ( GEOMETRIC_REPRESENTATION_CONTEXT(2) 
PARAMETRIC_REPRESENTATION_CONTEXT() REPRESENTATION_CONTEXT('2D SPACE',''
  ) );
#5305 = PCURVE('',#4667,#5306);
#5306 = DEFINITIONAL_REPRESENTATION('',(#5307),#5311);
#5307 = LINE('',#5308,#5309);
#5308 = CARTESIAN_POINT('',(9.372299611088,0.));
#5309 = VECTOR('',#5310,1.);
#5310 = DIRECTION('',(0.,-1.));
#5311 = ( GEOMETRIC_REPRESENTATION_CONTEXT(2) 
PARAMETRIC_REPRESENTATION_CONTEXT() REPRESENTATION_CONTEXT('2D SPACE',''
  ) );
#5312 = ORIENTED_EDGE('',*,*,#4872,.T.);
#5313 = ORIENTED_EDGE('',*,*,#5314,.F.);
#5314 = EDGE_CURVE('',#5068,#4873,#5315,.T.);
#5315 = SURFACE_CURVE('',#5316,(#5320,#5327),.PCURVE_S1.);
#5316 = LINE('',#5317,#5318);
#5317 = CARTESIAN_POINT('',(12.5,13.,5.5));
#5318 = VECTOR('',#5319,1.);
#5319 = DIRECTION('',(1.,0.,0.));
#5320 = PCURVE('',#4888,#5321);
#5321 = DEFINITIONAL_REPRESENTATION('',(#5322),#5326);
#5322 = LINE('',#5323,#5324);
#5323 = CARTESIAN_POINT('',(7.6,0.));
#5324 = VECTOR('',#5325,1.);
#5325 = DIRECTION('',(0.,-1.));
#5326 = ( GEOMETRIC_REPRESENTATION_CONTEXT(2) 
PARAMETRIC_REPRESENTATION_CONTEXT() REPRESENTATION_CONTEXT('2D SPACE',''
  ) );
#5327 = PCURVE('',#4916,#5328);
#5328 = DEFINITIONAL_REPRESENTATION('',(#5329),#5333);
#5329 = LINE('',#5330,#5331);
#5330 = CARTESIAN_POINT('',(0.,0.));
#5331 = VECTOR('',#5332,1.);
#5332 = DIRECTION('',(0.,-1.));
#5333 = ( GEOMETRIC_REPRESENTATION_CONTEXT(2) 
PARAMETRIC_REPRESENTATION_CONTEXT() REPRESENTATION_CONTEXT('2D SPACE',''
  ) );
#5334 = ADVANCED_FACE('',(#5335),#5128,.T.);
#5335 = FACE_BOUND('',#5336,.T.);
#5336 = EDGE_LOOP('',(#5337,#5338,#5361,#5387,#5480));
#5337 = ORIENTED_EDGE('',*,*,#5113,.T.);
#5338 = ORIENTED_EDGE('',*,*,#5339,.T.);
#5339 = EDGE_CURVE('',#5114,#5340,#5342,.T.);
#5340 = VERTEX_POINT('',#5341);
#5341 = CARTESIAN_POINT('',(13.5,16.,12.5));
#5342 = SURFACE_CURVE('',#5343,(#5347,#5354),.PCURVE_S1.);
#5343 = LINE('',#5344,#5345);
#5344 = CARTESIAN_POINT('',(13.5,12.,12.5));
#5345 = VECTOR('',#5346,1.);
#5346 = DIRECTION('',(0.,1.,0.));
#5347 = PCURVE('',#5128,#5348);
#5348 = DEFINITIONAL_REPRESENTATION('',(#5349),#5353);
#5349 = LINE('',#5350,#5351);
#5350 = CARTESIAN_POINT('',(0.,0.));
#5351 = VECTOR('',#5352,1.);
#5352 = DIRECTION('',(0.,-1.));
#5353 = ( GEOMETRIC_REPRESENTATION_CONTEXT(2) 
PARAMETRIC_REPRESENTATION_CONTEXT() REPRESENTATION_CONTEXT('2D SPACE',''
  ) );
#5354 = PCURVE('',#5154,#5355);
#5355 = DEFINITIONAL_REPRESENTATION('',(#5356),#5360);
#5356 = LINE('',#5357,#5358);
#5357 = CARTESIAN_POINT('',(0.,0.));
#5358 = VECTOR('',#5359,1.);
#5359 = DIRECTION('',(0.,1.));
#5360 = ( GEOMETRIC_REPRESENTATION_CONTEXT(2) 
PARAMETRIC_REPRESENTATION_CONTEXT() REPRESENTATION_CONTEXT('2D SPACE',''
  ) );
#5361 = ORIENTED_EDGE('',*,*,#5362,.F.);
#5362 = EDGE_CURVE('',#5363,#5340,#5365,.T.);
#5363 = VERTEX_POINT('',#5364);
#5364 = CARTESIAN_POINT('',(13.5,16.,13.081929201956));
#5365 = SURFACE_CURVE('',#5366,(#5370,#5376),.PCURVE_S1.);
#5366 = LINE('',#5367,#5368);
#5367 = CARTESIAN_POINT('',(13.5,16.,12.));
#5368 = VECTOR('',#5369,1.);
#5369 = DIRECTION('',(0.,0.,-1.));
#5370 = PCURVE('',#5128,#5371);
#5371 = DEFINITIONAL_REPRESENTATION('',(#5372),#5375);
#5372 = B_SPLINE_CURVE_WITH_KNOTS('',1,(#5373,#5374),.UNSPECIFIED.,.F.,
  .F.,(2,2),(-2.05,-0.5),.PIECEWISE_BEZIER_KNOTS.);
#5373 = CARTESIAN_POINT('',(1.55,-4.));
#5374 = CARTESIAN_POINT('',(0.,-4.));
#5375 = ( GEOMETRIC_REPRESENTATION_CONTEXT(2) 
PARAMETRIC_REPRESENTATION_CONTEXT() REPRESENTATION_CONTEXT('2D SPACE',''
  ) );
#5376 = PCURVE('',#5377,#5382);
#5377 = PLANE('',#5378);
#5378 = AXIS2_PLACEMENT_3D('',#5379,#5380,#5381);
#5379 = CARTESIAN_POINT('',(15.5,16.,11.5));
#5380 = DIRECTION('',(0.,1.,0.));
#5381 = DIRECTION('',(1.,0.,0.));
#5382 = DEFINITIONAL_REPRESENTATION('',(#5383),#5386);
#5383 = B_SPLINE_CURVE_WITH_KNOTS('',1,(#5384,#5385),.UNSPECIFIED.,.F.,
  .F.,(2,2),(-2.05,-0.5),.PIECEWISE_BEZIER_KNOTS.);
#5384 = CARTESIAN_POINT('',(-2.,-2.55));
#5385 = CARTESIAN_POINT('',(-2.,-1.));
#5386 = ( GEOMETRIC_REPRESENTATION_CONTEXT(2) 
PARAMETRIC_REPRESENTATION_CONTEXT() REPRESENTATION_CONTEXT('2D SPACE',''
  ) );
#5387 = ORIENTED_EDGE('',*,*,#5388,.T.);
#5388 = EDGE_CURVE('',#5363,#4045,#5389,.T.);
#5389 = SURFACE_CURVE('',#5390,(#5418,#5449),.PCURVE_S1.);
#5390 = B_SPLINE_CURVE_WITH_KNOTS('',6,(#5391,#5392,#5393,#5394,#5395,
    #5396,#5397,#5398,#5399,#5400,#5401,#5402,#5403,#5404,#5405,#5406,
    #5407,#5408,#5409,#5410,#5411,#5412,#5413,#5414,#5415,#5416,#5417),
  .UNSPECIFIED.,.F.,.F.,(7,5,5,5,5,7),(0.,0.105177877374,0.165775730809,
    0.372646135891,0.69229419776,1.),.UNSPECIFIED.);
#5391 = CARTESIAN_POINT('',(13.5,16.,13.081929201956));
#5392 = CARTESIAN_POINT('',(13.5,16.,13.197879374091));
#5393 = CARTESIAN_POINT('',(13.5,16.000682125561,13.314478762652));
#5394 = CARTESIAN_POINT('',(13.5,16.002199999447,13.431643452434));
#5395 = CARTESIAN_POINT('',(13.5,16.004690834768,13.549282884944));
#5396 = CARTESIAN_POINT('',(13.5,16.008273624115,13.667307390933));
#5397 = CARTESIAN_POINT('',(13.5,16.015797681302,13.853810163216));
#5398 = CARTESIAN_POINT('',(13.5,16.018943449272,13.922085687585));
#5399 = CARTESIAN_POINT('',(13.5,16.022503598319,13.990446877506));
#5400 = CARTESIAN_POINT('',(13.5,16.026495284575,14.058879102644));
#5401 = CARTESIAN_POINT('',(13.5,16.030933854576,14.127368520872));
#5402 = CARTESIAN_POINT('',(13.5,16.052557137147,14.429863579801));
#5403 = CARTESIAN_POINT('',(13.5,16.074646794356,14.664327242122));
#5404 = CARTESIAN_POINT('',(13.5,16.102646310848,14.89879929891));
#5405 = CARTESIAN_POINT('',(13.5,16.136880649574,15.132849324731));
#5406 = CARTESIAN_POINT('',(13.5,16.177556696393,15.366106825501));
#5407 = CARTESIAN_POINT('',(13.5,16.297820539606,15.956929982992));
#5408 = CARTESIAN_POINT('',(13.5,16.386529835904,16.3129235412));
#5409 = CARTESIAN_POINT('',(13.5,16.491417066441,16.664972357691));
#5410 = CARTESIAN_POINT('',(13.5,16.612531419792,17.011959287058));
#5411 = CARTESIAN_POINT('',(13.5,16.749757466832,17.352801796268));
#5412 = CARTESIAN_POINT('',(13.5,17.050131171932,18.007631817538));
#5413 = CARTESIAN_POINT('',(13.5,17.212124763569,18.322158683551));
#5414 = CARTESIAN_POINT('',(13.5,17.388529496069,18.629095284785));
#5415 = CARTESIAN_POINT('',(13.5,17.578968346003,18.927563577001));
#5416 = CARTESIAN_POINT('',(13.5,17.782977505765,19.216720557289));
#5417 = CARTESIAN_POINT('',(13.5,18.,19.495761934947));
#5418 = PCURVE('',#5128,#5419);
#5419 = DEFINITIONAL_REPRESENTATION('',(#5420),#5448);
#5420 = B_SPLINE_CURVE_WITH_KNOTS('',6,(#5421,#5422,#5423,#5424,#5425,
    #5426,#5427,#5428,#5429,#5430,#5431,#5432,#5433,#5434,#5435,#5436,
    #5437,#5438,#5439,#5440,#5441,#5442,#5443,#5444,#5445,#5446,#5447),
  .UNSPECIFIED.,.F.,.F.,(7,5,5,5,5,7),(0.,0.105177877374,0.165775730809,
    0.372646135891,0.69229419776,1.),.UNSPECIFIED.);
#5421 = CARTESIAN_POINT('',(0.581929201956,-4.));
#5422 = CARTESIAN_POINT('',(0.697879374091,-4.));
#5423 = CARTESIAN_POINT('',(0.814478762652,-4.000682125561));
#5424 = CARTESIAN_POINT('',(0.931643452434,-4.002199999447));
#5425 = CARTESIAN_POINT('',(1.049282884944,-4.004690834768));
#5426 = CARTESIAN_POINT('',(1.167307390933,-4.008273624115));
#5427 = CARTESIAN_POINT('',(1.353810163216,-4.015797681302));
#5428 = CARTESIAN_POINT('',(1.422085687585,-4.018943449272));
#5429 = CARTESIAN_POINT('',(1.490446877506,-4.022503598319));
#5430 = CARTESIAN_POINT('',(1.558879102644,-4.026495284575));
#5431 = CARTESIAN_POINT('',(1.627368520872,-4.030933854576));
#5432 = CARTESIAN_POINT('',(1.929863579801,-4.052557137147));
#5433 = CARTESIAN_POINT('',(2.164327242122,-4.074646794356));
#5434 = CARTESIAN_POINT('',(2.39879929891,-4.102646310848));
#5435 = CARTESIAN_POINT('',(2.632849324731,-4.136880649574));
#5436 = CARTESIAN_POINT('',(2.866106825501,-4.177556696393));
#5437 = CARTESIAN_POINT('',(3.456929982992,-4.297820539606));
#5438 = CARTESIAN_POINT('',(3.8129235412,-4.386529835904));
#5439 = CARTESIAN_POINT('',(4.164972357691,-4.491417066441));
#5440 = CARTESIAN_POINT('',(4.511959287058,-4.612531419792));
#5441 = CARTESIAN_POINT('',(4.852801796268,-4.749757466832));
#5442 = CARTESIAN_POINT('',(5.507631817538,-5.050131171932));
#5443 = CARTESIAN_POINT('',(5.822158683551,-5.212124763569));
#5444 = CARTESIAN_POINT('',(6.129095284785,-5.388529496068));
#5445 = CARTESIAN_POINT('',(6.427563577001,-5.578968346003));
#5446 = CARTESIAN_POINT('',(6.716720557289,-5.782977505765));
#5447 = CARTESIAN_POINT('',(6.995761934947,-6.));
#5448 = ( GEOMETRIC_REPRESENTATION_CONTEXT(2) 
PARAMETRIC_REPRESENTATION_CONTEXT() REPRESENTATION_CONTEXT('2D SPACE',''
  ) );
#5449 = PCURVE('',#4263,#5450);
#5450 = DEFINITIONAL_REPRESENTATION('',(#5451),#5479);
#5451 = B_SPLINE_CURVE_WITH_KNOTS('',6,(#5452,#5453,#5454,#5455,#5456,
    #5457,#5458,#5459,#5460,#5461,#5462,#5463,#5464,#5465,#5466,#5467,
    #5468,#5469,#5470,#5471,#5472,#5473,#5474,#5475,#5476,#5477,#5478),
  .UNSPECIFIED.,.F.,.F.,(7,5,5,5,5,7),(0.,0.105177877374,0.165775730809,
    0.372646135891,0.69229419776,1.),.UNSPECIFIED.);
#5452 = CARTESIAN_POINT('',(3.810799872452,0.));
#5453 = CARTESIAN_POINT('',(3.846463131855,7.904544851228E-03));
#5454 = CARTESIAN_POINT('',(3.879911211321,1.628108053852E-02));
#5455 = CARTESIAN_POINT('',(3.91121295499,2.507922296296E-02));
#5456 = CARTESIAN_POINT('',(3.940489469534,3.425175712526E-02));
#5457 = CARTESIAN_POINT('',(3.967885690207,4.375611628934E-02));
#5458 = CARTESIAN_POINT('',(4.008323706363,5.920194868193E-02));
#5459 = CARTESIAN_POINT('',(4.022527951803,6.494608649831E-02));
#5460 = CARTESIAN_POINT('',(4.036182367273,7.078130081044E-02));
#5461 = CARTESIAN_POINT('',(4.049313973993,7.670119471899E-02));
#5462 = CARTESIAN_POINT('',(4.061949130358,8.269994820987E-02));
#5463 = CARTESIAN_POINT('',(4.115640657734,0.109502320275));
#5464 = CARTESIAN_POINT('',(4.151677354389,0.131089100199));
#5465 = CARTESIAN_POINT('',(4.183243298907,0.153325054646));
#5466 = CARTESIAN_POINT('',(4.211166446113,0.176072539731));
#5467 = CARTESIAN_POINT('',(4.236050543302,0.199234505297));
#5468 = CARTESIAN_POINT('',(4.292872500772,0.259060758052));
#5469 = CARTESIAN_POINT('',(4.321257936005,0.29620048491));
#5470 = CARTESIAN_POINT('',(4.345288348237,0.333896557085));
#5471 = CARTESIAN_POINT('',(4.365944918708,0.372020795149));
#5472 = CARTESIAN_POINT('',(4.38392132443,0.410480002501));
#5473 = CARTESIAN_POINT('',(4.414902947804,0.486491184958));
#5474 = CARTESIAN_POINT('',(4.428069836114,0.524024600187));
#5475 = CARTESIAN_POINT('',(4.439645863838,0.56175097135));
#5476 = CARTESIAN_POINT('',(4.449909549774,0.599635663743));
#5477 = CARTESIAN_POINT('',(4.459070316714,0.637652256483));
#5478 = CARTESIAN_POINT('',(4.467285606106,0.675779222332));
#5479 = ( GEOMETRIC_REPRESENTATION_CONTEXT(2) 
PARAMETRIC_REPRESENTATION_CONTEXT() REPRESENTATION_CONTEXT('2D SPACE',''
  ) );
#5480 = ORIENTED_EDGE('',*,*,#5481,.T.);
#5481 = EDGE_CURVE('',#4045,#5091,#5482,.T.);
#5482 = SURFACE_CURVE('',#5483,(#5487,#5493),.PCURVE_S1.);
#5483 = LINE('',#5484,#5485);
#5484 = CARTESIAN_POINT('',(13.5,15.647540983607,16.277049180328));
#5485 = VECTOR('',#5486,1.);
#5486 = DIRECTION('',(0.,-0.640184399664,-0.768221279597));
#5487 = PCURVE('',#5128,#5488);
#5488 = DEFINITIONAL_REPRESENTATION('',(#5489),#5492);
#5489 = B_SPLINE_CURVE_WITH_KNOTS('',1,(#5490,#5491),.UNSPECIFIED.,.F.,
  .F.,(2,2),(-3.157332688731,4.135591221833),.PIECEWISE_BEZIER_KNOTS.);
#5490 = CARTESIAN_POINT('',(6.202579338579,-5.668816115483));
#5491 = CARTESIAN_POINT('',(0.6,-1.));
#5492 = ( GEOMETRIC_REPRESENTATION_CONTEXT(2) 
PARAMETRIC_REPRESENTATION_CONTEXT() REPRESENTATION_CONTEXT('2D SPACE',''
  ) );
#5493 = PCURVE('',#4130,#5494);
#5494 = DEFINITIONAL_REPRESENTATION('',(#5495),#5498);
#5495 = B_SPLINE_CURVE_WITH_KNOTS('',1,(#5496,#5497),.UNSPECIFIED.,.F.,
  .F.,(2,2),(-3.157332688731,4.135591221833),.PIECEWISE_BEZIER_KNOTS.);
#5496 = CARTESIAN_POINT('',(2.079375700525,-1.));
#5497 = CARTESIAN_POINT('',(9.372299611088,-1.));
#5498 = ( GEOMETRIC_REPRESENTATION_CONTEXT(2) 
PARAMETRIC_REPRESENTATION_CONTEXT() REPRESENTATION_CONTEXT('2D SPACE',''
  ) );
#5499 = ADVANCED_FACE('',(#5500),#5377,.F.);
#5500 = FACE_BOUND('',#5501,.T.);
#5501 = EDGE_LOOP('',(#5502,#5526,#5527,#5548));
#5502 = ORIENTED_EDGE('',*,*,#5503,.F.);
#5503 = EDGE_CURVE('',#5363,#5504,#5506,.T.);
#5504 = VERTEX_POINT('',#5505);
#5505 = CARTESIAN_POINT('',(15.,16.,14.00049995001));
#5506 = SURFACE_CURVE('',#5507,(#5512,#5519),.PCURVE_S1.);
#5507 = CIRCLE('',#5508,2.55);
#5508 = AXIS2_PLACEMENT_3D('',#5509,#5510,#5511);
#5509 = CARTESIAN_POINT('',(15.5,16.,11.5));
#5510 = DIRECTION('',(0.,1.,0.));
#5511 = DIRECTION('',(1.,0.,0.));
#5512 = PCURVE('',#5377,#5513);
#5513 = DEFINITIONAL_REPRESENTATION('',(#5514),#5518);
#5514 = CIRCLE('',#5515,2.55);
#5515 = AXIS2_PLACEMENT_2D('',#5516,#5517);
#5516 = CARTESIAN_POINT('',(0.,0.));
#5517 = DIRECTION('',(1.,0.));
#5518 = ( GEOMETRIC_REPRESENTATION_CONTEXT(2) 
PARAMETRIC_REPRESENTATION_CONTEXT() REPRESENTATION_CONTEXT('2D SPACE',''
  ) );
#5519 = PCURVE('',#4263,#5520);
#5520 = DEFINITIONAL_REPRESENTATION('',(#5521),#5525);
#5521 = LINE('',#5522,#5523);
#5522 = CARTESIAN_POINT('',(0.,0.));
#5523 = VECTOR('',#5524,1.);
#5524 = DIRECTION('',(1.,0.));
#5525 = ( GEOMETRIC_REPRESENTATION_CONTEXT(2) 
PARAMETRIC_REPRESENTATION_CONTEXT() REPRESENTATION_CONTEXT('2D SPACE',''
  ) );
#5526 = ORIENTED_EDGE('',*,*,#5362,.T.);
#5527 = ORIENTED_EDGE('',*,*,#5528,.T.);
#5528 = EDGE_CURVE('',#5340,#5529,#5531,.T.);
#5529 = VERTEX_POINT('',#5530);
#5530 = CARTESIAN_POINT('',(15.,16.,12.5));
#5531 = SURFACE_CURVE('',#5532,(#5536,#5542),.PCURVE_S1.);
#5532 = LINE('',#5533,#5534);
#5533 = CARTESIAN_POINT('',(14.5,16.,12.5));
#5534 = VECTOR('',#5535,1.);
#5535 = DIRECTION('',(1.,0.,0.));
#5536 = PCURVE('',#5377,#5537);
#5537 = DEFINITIONAL_REPRESENTATION('',(#5538),#5541);
#5538 = B_SPLINE_CURVE_WITH_KNOTS('',1,(#5539,#5540),.UNSPECIFIED.,.F.,
  .F.,(2,2),(-1.,0.5),.PIECEWISE_BEZIER_KNOTS.);
#5539 = CARTESIAN_POINT('',(-2.,-1.));
#5540 = CARTESIAN_POINT('',(-0.5,-1.));
#5541 = ( GEOMETRIC_REPRESENTATION_CONTEXT(2) 
PARAMETRIC_REPRESENTATION_CONTEXT() REPRESENTATION_CONTEXT('2D SPACE',''
  ) );
#5542 = PCURVE('',#5154,#5543);
#5543 = DEFINITIONAL_REPRESENTATION('',(#5544),#5547);
#5544 = B_SPLINE_CURVE_WITH_KNOTS('',1,(#5545,#5546),.UNSPECIFIED.,.F.,
  .F.,(2,2),(-1.,0.5),.PIECEWISE_BEZIER_KNOTS.);
#5545 = CARTESIAN_POINT('',(0.,4.));
#5546 = CARTESIAN_POINT('',(1.5,4.));
#5547 = ( GEOMETRIC_REPRESENTATION_CONTEXT(2) 
PARAMETRIC_REPRESENTATION_CONTEXT() REPRESENTATION_CONTEXT('2D SPACE',''
  ) );
#5548 = ORIENTED_EDGE('',*,*,#5549,.F.);
#5549 = EDGE_CURVE('',#5504,#5529,#5550,.T.);
#5550 = SURFACE_CURVE('',#5551,(#5555,#5561),.PCURVE_S1.);
#5551 = LINE('',#5552,#5553);
#5552 = CARTESIAN_POINT('',(15.,16.,12.));
#5553 = VECTOR('',#5554,1.);
#5554 = DIRECTION('',(0.,0.,-1.));
#5555 = PCURVE('',#5377,#5556);
#5556 = DEFINITIONAL_REPRESENTATION('',(#5557),#5560);
#5557 = B_SPLINE_CURVE_WITH_KNOTS('',1,(#5558,#5559),.UNSPECIFIED.,.F.,
  .F.,(2,2),(-2.05,-0.5),.PIECEWISE_BEZIER_KNOTS.);
#5558 = CARTESIAN_POINT('',(-0.5,-2.55));
#5559 = CARTESIAN_POINT('',(-0.5,-1.));
#5560 = ( GEOMETRIC_REPRESENTATION_CONTEXT(2) 
PARAMETRIC_REPRESENTATION_CONTEXT() REPRESENTATION_CONTEXT('2D SPACE',''
  ) );
#5561 = PCURVE('',#5180,#5562);
#5562 = DEFINITIONAL_REPRESENTATION('',(#5563),#5566);
#5563 = B_SPLINE_CURVE_WITH_KNOTS('',1,(#5564,#5565),.UNSPECIFIED.,.F.,
  .F.,(2,2),(-2.05,-0.5),.PIECEWISE_BEZIER_KNOTS.);
#5564 = CARTESIAN_POINT('',(1.55,-4.));
#5565 = CARTESIAN_POINT('',(0.,-4.));
#5566 = ( GEOMETRIC_REPRESENTATION_CONTEXT(2) 
PARAMETRIC_REPRESENTATION_CONTEXT() REPRESENTATION_CONTEXT('2D SPACE',''
  ) );
#5567 = ADVANCED_FACE('',(#5568),#5154,.T.);
#5568 = FACE_BOUND('',#5569,.T.);
#5569 = EDGE_LOOP('',(#5570,#5571,#5572,#5593));
#5570 = ORIENTED_EDGE('',*,*,#5339,.F.);
#5571 = ORIENTED_EDGE('',*,*,#5139,.T.);
#5572 = ORIENTED_EDGE('',*,*,#5573,.T.);
#5573 = EDGE_CURVE('',#5140,#5529,#5574,.T.);
#5574 = SURFACE_CURVE('',#5575,(#5579,#5586),.PCURVE_S1.);
#5575 = LINE('',#5576,#5577);
#5576 = CARTESIAN_POINT('',(15.,12.,12.5));
#5577 = VECTOR('',#5578,1.);
#5578 = DIRECTION('',(0.,1.,0.));
#5579 = PCURVE('',#5154,#5580);
#5580 = DEFINITIONAL_REPRESENTATION('',(#5581),#5585);
#5581 = LINE('',#5582,#5583);
#5582 = CARTESIAN_POINT('',(1.5,0.));
#5583 = VECTOR('',#5584,1.);
#5584 = DIRECTION('',(0.,1.));
#5585 = ( GEOMETRIC_REPRESENTATION_CONTEXT(2) 
PARAMETRIC_REPRESENTATION_CONTEXT() REPRESENTATION_CONTEXT('2D SPACE',''
  ) );
#5586 = PCURVE('',#5180,#5587);
#5587 = DEFINITIONAL_REPRESENTATION('',(#5588),#5592);
#5588 = LINE('',#5589,#5590);
#5589 = CARTESIAN_POINT('',(0.,0.));
#5590 = VECTOR('',#5591,1.);
#5591 = DIRECTION('',(0.,-1.));
#5592 = ( GEOMETRIC_REPRESENTATION_CONTEXT(2) 
PARAMETRIC_REPRESENTATION_CONTEXT() REPRESENTATION_CONTEXT('2D SPACE',''
  ) );
#5593 = ORIENTED_EDGE('',*,*,#5528,.F.);
#5594 = ADVANCED_FACE('',(#5595),#5180,.F.);
#5595 = FACE_BOUND('',#5596,.F.);
#5596 = EDGE_LOOP('',(#5597,#5598,#5599,#5600,#5708));
#5597 = ORIENTED_EDGE('',*,*,#5165,.T.);
#5598 = ORIENTED_EDGE('',*,*,#5573,.T.);
#5599 = ORIENTED_EDGE('',*,*,#5549,.F.);
#5600 = ORIENTED_EDGE('',*,*,#5601,.T.);
#5601 = EDGE_CURVE('',#5504,#4178,#5602,.T.);
#5602 = SURFACE_CURVE('',#5603,(#5636,#5672),.PCURVE_S1.);
#5603 = B_SPLINE_CURVE_WITH_KNOTS('',7,(#5604,#5605,#5606,#5607,#5608,
    #5609,#5610,#5611,#5612,#5613,#5614,#5615,#5616,#5617,#5618,#5619,
    #5620,#5621,#5622,#5623,#5624,#5625,#5626,#5627,#5628,#5629,#5630,
    #5631,#5632,#5633,#5634,#5635),.UNSPECIFIED.,.F.,.F.,(8,6,6,6,6,8),(
    0.,4.567100118105E-02,9.115140975234E-02,0.379044024174,
    0.689365124758,1.),.UNSPECIFIED.);
#5604 = CARTESIAN_POINT('',(15.,16.,14.00049995001));
#5605 = CARTESIAN_POINT('',(15.,16.,14.040743720972));
#5606 = CARTESIAN_POINT('',(15.,16.000199658976,14.080995591345));
#5607 = CARTESIAN_POINT('',(15.,16.000599626124,14.121253527654));
#5608 = CARTESIAN_POINT('',(15.,16.001200481598,14.161515584072));
#5609 = CARTESIAN_POINT('',(15.,16.002002736509,14.201779902417));
#5610 = CARTESIAN_POINT('',(15.,16.003006832925,14.242044712159));
#5611 = CARTESIAN_POINT('',(15.,16.005414420684,14.322403921948));
#5612 = CARTESIAN_POINT('',(15.,16.006816235887,14.362498311703));
#5613 = CARTESIAN_POINT('',(15.,16.008418962401,14.402589825754));
#5614 = CARTESIAN_POINT('',(15.,16.010222929315,14.442676834323));
#5615 = CARTESIAN_POINT('',(15.,16.012228421889,14.48275775177));
#5616 = CARTESIAN_POINT('',(15.,16.014435681554,14.522831036597));
#5617 = CARTESIAN_POINT('',(15.,16.03209538234,14.816502725871));
#5618 = CARTESIAN_POINT('',(15.,16.055438287059,15.069739054821));
#5619 = CARTESIAN_POINT('',(15.,16.086925251982,15.322234469427));
#5620 = CARTESIAN_POINT('',(15.,16.126552012662,15.573644792013));
#5621 = CARTESIAN_POINT('',(15.,16.174290452054,15.823636530343));
#5622 = CARTESIAN_POINT('',(15.,16.230089062169,16.07188720482));
#5623 = CARTESIAN_POINT('',(15.,16.362639188914,16.583457786928));
#5624 = CARTESIAN_POINT('',(15.,16.440683664072,16.84644218796));
#5625 = CARTESIAN_POINT('',(15.,16.527924435141,17.106635304558));
#5626 = CARTESIAN_POINT('',(15.,16.624247506751,17.363646488724));
#5627 = CARTESIAN_POINT('',(15.,16.729516528375,17.617093311209));
#5628 = CARTESIAN_POINT('',(15.,16.843574048999,17.86660096921));
#5629 = CARTESIAN_POINT('',(15.,17.089031360675,18.357252195599));
#5630 = CARTESIAN_POINT('',(15.,17.220449710645,18.598389130364));
#5631 = CARTESIAN_POINT('',(15.,17.360315934675,18.834845531586));
#5632 = CARTESIAN_POINT('',(15.,17.508431146571,19.066265310313));
#5633 = CARTESIAN_POINT('',(15.,17.664577586822,19.292304118287));
#5634 = CARTESIAN_POINT('',(15.,17.828518831306,19.512629287728));
#5635 = CARTESIAN_POINT('',(15.,18.,19.726919771114));
#5636 = PCURVE('',#5180,#5637);
#5637 = DEFINITIONAL_REPRESENTATION('',(#5638),#5671);
#5638 = B_SPLINE_CURVE_WITH_KNOTS('',7,(#5639,#5640,#5641,#5642,#5643,
    #5644,#5645,#5646,#5647,#5648,#5649,#5650,#5651,#5652,#5653,#5654,
    #5655,#5656,#5657,#5658,#5659,#5660,#5661,#5662,#5663,#5664,#5665,
    #5666,#5667,#5668,#5669,#5670),.UNSPECIFIED.,.F.,.F.,(8,6,6,6,6,8),(
    0.,4.567100118105E-02,9.115140975234E-02,0.379044024174,
    0.689365124758,1.),.UNSPECIFIED.);
#5639 = CARTESIAN_POINT('',(1.50049995001,-4.));
#5640 = CARTESIAN_POINT('',(1.540743720972,-4.));
#5641 = CARTESIAN_POINT('',(1.580995591345,-4.000199658976));
#5642 = CARTESIAN_POINT('',(1.621253527654,-4.000599626124));
#5643 = CARTESIAN_POINT('',(1.661515584072,-4.001200481598));
#5644 = CARTESIAN_POINT('',(1.701779902417,-4.002002736509));
#5645 = CARTESIAN_POINT('',(1.742044712159,-4.003006832925));
#5646 = CARTESIAN_POINT('',(1.822403921948,-4.005414420684));
#5647 = CARTESIAN_POINT('',(1.862498311703,-4.006816235887));
#5648 = CARTESIAN_POINT('',(1.902589825754,-4.008418962401));
#5649 = CARTESIAN_POINT('',(1.942676834323,-4.010222929315));
#5650 = CARTESIAN_POINT('',(1.98275775177,-4.012228421889));
#5651 = CARTESIAN_POINT('',(2.022831036597,-4.014435681554));
#5652 = CARTESIAN_POINT('',(2.316502725871,-4.03209538234));
#5653 = CARTESIAN_POINT('',(2.569739054821,-4.055438287059));
#5654 = CARTESIAN_POINT('',(2.822234469427,-4.086925251982));
#5655 = CARTESIAN_POINT('',(3.073644792013,-4.126552012662));
#5656 = CARTESIAN_POINT('',(3.323636530343,-4.174290452054));
#5657 = CARTESIAN_POINT('',(3.57188720482,-4.230089062169));
#5658 = CARTESIAN_POINT('',(4.083457786928,-4.362639188914));
#5659 = CARTESIAN_POINT('',(4.34644218796,-4.440683664072));
#5660 = CARTESIAN_POINT('',(4.606635304558,-4.527924435141));
#5661 = CARTESIAN_POINT('',(4.863646488724,-4.624247506751));
#5662 = CARTESIAN_POINT('',(5.117093311209,-4.729516528375));
#5663 = CARTESIAN_POINT('',(5.36660096921,-4.843574048999));
#5664 = CARTESIAN_POINT('',(5.857252195599,-5.089031360675));
#5665 = CARTESIAN_POINT('',(6.098389130364,-5.220449710645));
#5666 = CARTESIAN_POINT('',(6.334845531586,-5.360315934675));
#5667 = CARTESIAN_POINT('',(6.566265310313,-5.508431146571));
#5668 = CARTESIAN_POINT('',(6.792304118287,-5.664577586822));
#5669 = CARTESIAN_POINT('',(7.012629287728,-5.828518831306));
#5670 = CARTESIAN_POINT('',(7.226919771114,-6.));
#5671 = ( GEOMETRIC_REPRESENTATION_CONTEXT(2) 
PARAMETRIC_REPRESENTATION_CONTEXT() REPRESENTATION_CONTEXT('2D SPACE',''
  ) );
#5672 = PCURVE('',#4263,#5673);
#5673 = DEFINITIONAL_REPRESENTATION('',(#5674),#5707);
#5674 = B_SPLINE_CURVE_WITH_KNOTS('',7,(#5675,#5676,#5677,#5678,#5679,
    #5680,#5681,#5682,#5683,#5684,#5685,#5686,#5687,#5688,#5689,#5690,
    #5691,#5692,#5693,#5694,#5695,#5696,#5697,#5698,#5699,#5700,#5701,
    #5702,#5703,#5704,#5705,#5706),.UNSPECIFIED.,.F.,.F.,(8,6,6,6,6,8),(
    0.,4.567100118105E-02,9.115140975234E-02,0.379044024174,
    0.689365124758,1.),.UNSPECIFIED.);
#5675 = CARTESIAN_POINT('',(4.515031870834,0.));
#5676 = CARTESIAN_POINT('',(4.518126355337,4.336545885768E-03));
#5677 = CARTESIAN_POINT('',(4.521109768038,8.677093663719E-03));
#5678 = CARTESIAN_POINT('',(4.523988924762,1.302135974706E-02));
#5679 = CARTESIAN_POINT('',(4.526770088522,1.736908692186E-02));
#5680 = CARTESIAN_POINT('',(4.529458969518,2.172004434704E-02));
#5681 = CARTESIAN_POINT('',(4.532060725135,2.607402755442E-02));
#5682 = CARTESIAN_POINT('',(4.537088681582,3.476950756999E-02));
#5683 = CARTESIAN_POINT('',(4.539515636529,3.91109763552E-02));
#5684 = CARTESIAN_POINT('',(4.541865403768,4.345508658767E-02));
#5685 = CARTESIAN_POINT('',(4.544142216347,4.780167521188E-02));
#5686 = CARTESIAN_POINT('',(4.546349961386,5.21505943334E-02));
#5687 = CARTESIAN_POINT('',(4.548492180073,5.650171121889E-02));
#5688 = CARTESIAN_POINT('',(4.563737830578,8.841080163612E-02));
#5689 = CARTESIAN_POINT('',(4.574407100018,0.116049421371));
#5690 = CARTESIAN_POINT('',(4.583402576358,0.143741678989));
#5691 = CARTESIAN_POINT('',(4.591112770306,0.171474105157));
#5692 = CARTESIAN_POINT('',(4.597828527967,0.199236950239));
#5693 = CARTESIAN_POINT('',(4.60373714893,0.227024399303));
#5694 = CARTESIAN_POINT('',(4.614638366797,0.28480670748));
#5695 = CARTESIAN_POINT('',(4.619523551392,0.314804576185));
#5696 = CARTESIAN_POINT('',(4.623816625273,0.344820166145));
#5697 = CARTESIAN_POINT('',(4.62763023248,0.374850043003));
#5698 = CARTESIAN_POINT('',(4.631044175148,0.404891893215));
#5699 = CARTESIAN_POINT('',(4.634121759043,0.434943816639));
#5700 = CARTESIAN_POINT('',(4.639701661293,0.495094878826));
#5701 = CARTESIAN_POINT('',(4.642203748165,0.525194283379));
#5702 = CARTESIAN_POINT('',(4.644464039606,0.555300704351));
#5703 = CARTESIAN_POINT('',(4.646518250694,0.585413092158));
#5704 = CARTESIAN_POINT('',(4.648393307144,0.615530745869));
#5705 = CARTESIAN_POINT('',(4.650110319477,0.645653051837));
#5706 = CARTESIAN_POINT('',(4.651687557188,0.675779222332));
#5707 = ( GEOMETRIC_REPRESENTATION_CONTEXT(2) 
PARAMETRIC_REPRESENTATION_CONTEXT() REPRESENTATION_CONTEXT('2D SPACE',''
  ) );
#5708 = ORIENTED_EDGE('',*,*,#5709,.T.);
#5709 = EDGE_CURVE('',#4178,#5166,#5710,.T.);
#5710 = SURFACE_CURVE('',#5711,(#5715,#5721),.PCURVE_S1.);
#5711 = LINE('',#5712,#5713);
#5712 = CARTESIAN_POINT('',(15.,15.647540983607,16.277049180328));
#5713 = VECTOR('',#5714,1.);
#5714 = DIRECTION('',(0.,-0.640184399664,-0.768221279597));
#5715 = PCURVE('',#5180,#5716);
#5716 = DEFINITIONAL_REPRESENTATION('',(#5717),#5720);
#5717 = B_SPLINE_CURVE_WITH_KNOTS('',1,(#5718,#5719),.UNSPECIFIED.,.F.,
  .F.,(2,2),(-3.157332688731,4.135591221833),.PIECEWISE_BEZIER_KNOTS.);
#5718 = CARTESIAN_POINT('',(6.202579338579,-5.668816115483));
#5719 = CARTESIAN_POINT('',(0.6,-1.));
#5720 = ( GEOMETRIC_REPRESENTATION_CONTEXT(2) 
PARAMETRIC_REPRESENTATION_CONTEXT() REPRESENTATION_CONTEXT('2D SPACE',''
  ) );
#5721 = PCURVE('',#4397,#5722);
#5722 = DEFINITIONAL_REPRESENTATION('',(#5723),#5726);
#5723 = B_SPLINE_CURVE_WITH_KNOTS('',1,(#5724,#5725),.UNSPECIFIED.,.F.,
  .F.,(2,2),(-3.157332688731,4.135591221833),.PIECEWISE_BEZIER_KNOTS.);
#5724 = CARTESIAN_POINT('',(2.079375700525,-2.5));
#5725 = CARTESIAN_POINT('',(9.372299611088,-2.5));
#5726 = ( GEOMETRIC_REPRESENTATION_CONTEXT(2) 
PARAMETRIC_REPRESENTATION_CONTEXT() REPRESENTATION_CONTEXT('2D SPACE',''
  ) );
#5727 = ADVANCED_FACE('',(#5728),#5229,.T.);
#5728 = FACE_BOUND('',#5729,.T.);
#5729 = EDGE_LOOP('',(#5730,#5731,#5754,#5780,#5888));
#5730 = ORIENTED_EDGE('',*,*,#5214,.T.);
#5731 = ORIENTED_EDGE('',*,*,#5732,.T.);
#5732 = EDGE_CURVE('',#5215,#5733,#5735,.T.);
#5733 = VERTEX_POINT('',#5734);
#5734 = CARTESIAN_POINT('',(16.,16.,12.5));
#5735 = SURFACE_CURVE('',#5736,(#5740,#5747),.PCURVE_S1.);
#5736 = LINE('',#5737,#5738);
#5737 = CARTESIAN_POINT('',(16.,12.,12.5));
#5738 = VECTOR('',#5739,1.);
#5739 = DIRECTION('',(0.,1.,0.));
#5740 = PCURVE('',#5229,#5741);
#5741 = DEFINITIONAL_REPRESENTATION('',(#5742),#5746);
#5742 = LINE('',#5743,#5744);
#5743 = CARTESIAN_POINT('',(0.,0.));
#5744 = VECTOR('',#5745,1.);
#5745 = DIRECTION('',(0.,-1.));
#5746 = ( GEOMETRIC_REPRESENTATION_CONTEXT(2) 
PARAMETRIC_REPRESENTATION_CONTEXT() REPRESENTATION_CONTEXT('2D SPACE',''
  ) );
#5747 = PCURVE('',#5255,#5748);
#5748 = DEFINITIONAL_REPRESENTATION('',(#5749),#5753);
#5749 = LINE('',#5750,#5751);
#5750 = CARTESIAN_POINT('',(0.,0.));
#5751 = VECTOR('',#5752,1.);
#5752 = DIRECTION('',(0.,1.));
#5753 = ( GEOMETRIC_REPRESENTATION_CONTEXT(2) 
PARAMETRIC_REPRESENTATION_CONTEXT() REPRESENTATION_CONTEXT('2D SPACE',''
  ) );
#5754 = ORIENTED_EDGE('',*,*,#5755,.F.);
#5755 = EDGE_CURVE('',#5756,#5733,#5758,.T.);
#5756 = VERTEX_POINT('',#5757);
#5757 = CARTESIAN_POINT('',(16.,16.,14.00049995001));
#5758 = SURFACE_CURVE('',#5759,(#5763,#5769),.PCURVE_S1.);
#5759 = LINE('',#5760,#5761);
#5760 = CARTESIAN_POINT('',(16.,16.,12.));
#5761 = VECTOR('',#5762,1.);
#5762 = DIRECTION('',(0.,0.,-1.));
#5763 = PCURVE('',#5229,#5764);
#5764 = DEFINITIONAL_REPRESENTATION('',(#5765),#5768);
#5765 = B_SPLINE_CURVE_WITH_KNOTS('',1,(#5766,#5767),.UNSPECIFIED.,.F.,
  .F.,(2,2),(-2.05,-0.5),.PIECEWISE_BEZIER_KNOTS.);
#5766 = CARTESIAN_POINT('',(1.55,-4.));
#5767 = CARTESIAN_POINT('',(0.,-4.));
#5768 = ( GEOMETRIC_REPRESENTATION_CONTEXT(2) 
PARAMETRIC_REPRESENTATION_CONTEXT() REPRESENTATION_CONTEXT('2D SPACE',''
  ) );
#5769 = PCURVE('',#5770,#5775);
#5770 = PLANE('',#5771);
#5771 = AXIS2_PLACEMENT_3D('',#5772,#5773,#5774);
#5772 = CARTESIAN_POINT('',(15.5,16.,11.5));
#5773 = DIRECTION('',(0.,1.,0.));
#5774 = DIRECTION('',(1.,0.,0.));
#5775 = DEFINITIONAL_REPRESENTATION('',(#5776),#5779);
#5776 = B_SPLINE_CURVE_WITH_KNOTS('',1,(#5777,#5778),.UNSPECIFIED.,.F.,
  .F.,(2,2),(-2.05,-0.5),.PIECEWISE_BEZIER_KNOTS.);
#5777 = CARTESIAN_POINT('',(0.5,-2.55));
#5778 = CARTESIAN_POINT('',(0.5,-1.));
#5779 = ( GEOMETRIC_REPRESENTATION_CONTEXT(2) 
PARAMETRIC_REPRESENTATION_CONTEXT() REPRESENTATION_CONTEXT('2D SPACE',''
  ) );
#5780 = ORIENTED_EDGE('',*,*,#5781,.T.);
#5781 = EDGE_CURVE('',#5756,#4312,#5782,.T.);
#5782 = SURFACE_CURVE('',#5783,(#5816,#5852),.PCURVE_S1.);
#5783 = B_SPLINE_CURVE_WITH_KNOTS('',7,(#5784,#5785,#5786,#5787,#5788,
    #5789,#5790,#5791,#5792,#5793,#5794,#5795,#5796,#5797,#5798,#5799,
    #5800,#5801,#5802,#5803,#5804,#5805,#5806,#5807,#5808,#5809,#5810,
    #5811,#5812,#5813,#5814,#5815),.UNSPECIFIED.,.F.,.F.,(8,6,6,6,6,8),(
    0.,4.567100118107E-02,9.115140975238E-02,0.379044024174,
    0.689365124758,1.),.UNSPECIFIED.);
#5784 = CARTESIAN_POINT('',(16.,16.,14.00049995001));
#5785 = CARTESIAN_POINT('',(16.,16.,14.040743720972));
#5786 = CARTESIAN_POINT('',(16.,16.000199658976,14.080995591345));
#5787 = CARTESIAN_POINT('',(16.,16.000599626124,14.121253527654));
#5788 = CARTESIAN_POINT('',(16.,16.001200481598,14.161515584072));
#5789 = CARTESIAN_POINT('',(16.,16.002002736509,14.201779902417));
#5790 = CARTESIAN_POINT('',(16.,16.003006832925,14.242044712159));
#5791 = CARTESIAN_POINT('',(16.,16.005414420684,14.322403921948));
#5792 = CARTESIAN_POINT('',(16.,16.006816235887,14.362498311703));
#5793 = CARTESIAN_POINT('',(16.,16.008418962401,14.402589825754));
#5794 = CARTESIAN_POINT('',(16.,16.010222929315,14.442676834323));
#5795 = CARTESIAN_POINT('',(16.,16.012228421889,14.48275775177));
#5796 = CARTESIAN_POINT('',(16.,16.014435681554,14.522831036596));
#5797 = CARTESIAN_POINT('',(16.,16.03209538234,14.816502725871));
#5798 = CARTESIAN_POINT('',(16.,16.05543828706,15.069739054822));
#5799 = CARTESIAN_POINT('',(16.,16.086925251981,15.322234469426));
#5800 = CARTESIAN_POINT('',(16.,16.126552012663,15.573644792014));
#5801 = CARTESIAN_POINT('',(16.,16.174290452054,15.823636530343));
#5802 = CARTESIAN_POINT('',(16.,16.230089062169,16.07188720482));
#5803 = CARTESIAN_POINT('',(16.,16.362639188914,16.583457786928));
#5804 = CARTESIAN_POINT('',(16.,16.440683664072,16.84644218796));
#5805 = CARTESIAN_POINT('',(16.,16.527924435141,17.106635304558));
#5806 = CARTESIAN_POINT('',(16.,16.624247506751,17.363646488724));
#5807 = CARTESIAN_POINT('',(16.,16.729516528375,17.617093311209));
#5808 = CARTESIAN_POINT('',(16.,16.843574048999,17.866600969211));
#5809 = CARTESIAN_POINT('',(16.,17.089031360675,18.357252195599));
#5810 = CARTESIAN_POINT('',(16.,17.220449710645,18.598389130364));
#5811 = CARTESIAN_POINT('',(16.,17.360315934675,18.834845531586));
#5812 = CARTESIAN_POINT('',(16.,17.508431146571,19.066265310313));
#5813 = CARTESIAN_POINT('',(16.,17.664577586822,19.292304118287));
#5814 = CARTESIAN_POINT('',(16.,17.828518831306,19.512629287728));
#5815 = CARTESIAN_POINT('',(16.,18.,19.726919771114));
#5816 = PCURVE('',#5229,#5817);
#5817 = DEFINITIONAL_REPRESENTATION('',(#5818),#5851);
#5818 = B_SPLINE_CURVE_WITH_KNOTS('',7,(#5819,#5820,#5821,#5822,#5823,
    #5824,#5825,#5826,#5827,#5828,#5829,#5830,#5831,#5832,#5833,#5834,
    #5835,#5836,#5837,#5838,#5839,#5840,#5841,#5842,#5843,#5844,#5845,
    #5846,#5847,#5848,#5849,#5850),.UNSPECIFIED.,.F.,.F.,(8,6,6,6,6,8),(
    0.,4.567100118107E-02,9.115140975238E-02,0.379044024174,
    0.689365124758,1.),.UNSPECIFIED.);
#5819 = CARTESIAN_POINT('',(1.50049995001,-4.));
#5820 = CARTESIAN_POINT('',(1.540743720972,-4.));
#5821 = CARTESIAN_POINT('',(1.580995591345,-4.000199658976));
#5822 = CARTESIAN_POINT('',(1.621253527654,-4.000599626124));
#5823 = CARTESIAN_POINT('',(1.661515584072,-4.001200481598));
#5824 = CARTESIAN_POINT('',(1.701779902417,-4.002002736509));
#5825 = CARTESIAN_POINT('',(1.742044712159,-4.003006832925));
#5826 = CARTESIAN_POINT('',(1.822403921948,-4.005414420684));
#5827 = CARTESIAN_POINT('',(1.862498311703,-4.006816235887));
#5828 = CARTESIAN_POINT('',(1.902589825754,-4.008418962401));
#5829 = CARTESIAN_POINT('',(1.942676834323,-4.010222929315));
#5830 = CARTESIAN_POINT('',(1.98275775177,-4.012228421889));
#5831 = CARTESIAN_POINT('',(2.022831036596,-4.014435681554));
#5832 = CARTESIAN_POINT('',(2.316502725871,-4.03209538234));
#5833 = CARTESIAN_POINT('',(2.569739054822,-4.05543828706));
#5834 = CARTESIAN_POINT('',(2.822234469426,-4.086925251981));
#5835 = CARTESIAN_POINT('',(3.073644792014,-4.126552012663));
#5836 = CARTESIAN_POINT('',(3.323636530343,-4.174290452054));
#5837 = CARTESIAN_POINT('',(3.57188720482,-4.230089062169));
#5838 = CARTESIAN_POINT('',(4.083457786928,-4.362639188914));
#5839 = CARTESIAN_POINT('',(4.34644218796,-4.440683664072));
#5840 = CARTESIAN_POINT('',(4.606635304558,-4.527924435141));
#5841 = CARTESIAN_POINT('',(4.863646488724,-4.624247506751));
#5842 = CARTESIAN_POINT('',(5.117093311209,-4.729516528375));
#5843 = CARTESIAN_POINT('',(5.366600969211,-4.843574048999));
#5844 = CARTESIAN_POINT('',(5.857252195599,-5.089031360675));
#5845 = CARTESIAN_POINT('',(6.098389130364,-5.220449710645));
#5846 = CARTESIAN_POINT('',(6.334845531586,-5.360315934675));
#5847 = CARTESIAN_POINT('',(6.566265310313,-5.508431146571));
#5848 = CARTESIAN_POINT('',(6.792304118287,-5.664577586822));
#5849 = CARTESIAN_POINT('',(7.012629287728,-5.828518831306));
#5850 = CARTESIAN_POINT('',(7.226919771114,-6.));
#5851 = ( GEOMETRIC_REPRESENTATION_CONTEXT(2) 
PARAMETRIC_REPRESENTATION_CONTEXT() REPRESENTATION_CONTEXT('2D SPACE',''
  ) );
#5852 = PCURVE('',#4530,#5853);
#5853 = DEFINITIONAL_REPRESENTATION('',(#5854),#5887);
#5854 = B_SPLINE_CURVE_WITH_KNOTS('',7,(#5855,#5856,#5857,#5858,#5859,
    #5860,#5861,#5862,#5863,#5864,#5865,#5866,#5867,#5868,#5869,#5870,
    #5871,#5872,#5873,#5874,#5875,#5876,#5877,#5878,#5879,#5880,#5881,
    #5882,#5883,#5884,#5885,#5886),.UNSPECIFIED.,.F.,.F.,(8,6,6,6,6,8),(
    0.,4.567100118107E-02,9.115140975238E-02,0.379044024174,
    0.689365124758,1.),.UNSPECIFIED.);
#5855 = CARTESIAN_POINT('',(4.909746089935,0.));
#5856 = CARTESIAN_POINT('',(4.906651605432,4.336545885768E-03));
#5857 = CARTESIAN_POINT('',(4.903668192731,8.677093663719E-03));
#5858 = CARTESIAN_POINT('',(4.900789036007,1.302135974706E-02));
#5859 = CARTESIAN_POINT('',(4.898007872247,1.736908692186E-02));
#5860 = CARTESIAN_POINT('',(4.895318991252,2.172004434704E-02));
#5861 = CARTESIAN_POINT('',(4.892717235634,2.607402755442E-02));
#5862 = CARTESIAN_POINT('',(4.887689279187,3.476950756999E-02));
#5863 = CARTESIAN_POINT('',(4.885262324241,3.91109763552E-02));
#5864 = CARTESIAN_POINT('',(4.882912557002,4.345508658766E-02));
#5865 = CARTESIAN_POINT('',(4.880635744422,4.780167521187E-02));
#5866 = CARTESIAN_POINT('',(4.878427999383,5.21505943334E-02));
#5867 = CARTESIAN_POINT('',(4.876285780697,5.650171121889E-02));
#5868 = CARTESIAN_POINT('',(4.861040130192,8.84108016361E-02));
#5869 = CARTESIAN_POINT('',(4.850370860752,0.116049421371));
#5870 = CARTESIAN_POINT('',(4.841375384411,0.143741678989));
#5871 = CARTESIAN_POINT('',(4.833665190464,0.171474105158));
#5872 = CARTESIAN_POINT('',(4.826949432802,0.199236950239));
#5873 = CARTESIAN_POINT('',(4.821040811839,0.227024399303));
#5874 = CARTESIAN_POINT('',(4.810139593973,0.28480670748));
#5875 = CARTESIAN_POINT('',(4.805254409378,0.314804576185));
#5876 = CARTESIAN_POINT('',(4.800961335496,0.344820166145));
#5877 = CARTESIAN_POINT('',(4.797147728289,0.374850043003));
#5878 = CARTESIAN_POINT('',(4.793733785622,0.404891893215));
#5879 = CARTESIAN_POINT('',(4.790656201726,0.434943816639));
#5880 = CARTESIAN_POINT('',(4.785076299476,0.495094878826));
#5881 = CARTESIAN_POINT('',(4.782574212605,0.525194283379));
#5882 = CARTESIAN_POINT('',(4.780313921164,0.555300704351));
#5883 = CARTESIAN_POINT('',(4.778259710075,0.585413092158));
#5884 = CARTESIAN_POINT('',(4.776384653625,0.615530745869));
#5885 = CARTESIAN_POINT('',(4.774667641292,0.645653051837));
#5886 = CARTESIAN_POINT('',(4.773090403581,0.675779222332));
#5887 = ( GEOMETRIC_REPRESENTATION_CONTEXT(2) 
PARAMETRIC_REPRESENTATION_CONTEXT() REPRESENTATION_CONTEXT('2D SPACE',''
  ) );
#5888 = ORIENTED_EDGE('',*,*,#5889,.T.);
#5889 = EDGE_CURVE('',#4312,#5192,#5890,.T.);
#5890 = SURFACE_CURVE('',#5891,(#5895,#5901),.PCURVE_S1.);
#5891 = LINE('',#5892,#5893);
#5892 = CARTESIAN_POINT('',(16.,15.647540983607,16.277049180328));
#5893 = VECTOR('',#5894,1.);
#5894 = DIRECTION('',(0.,-0.640184399664,-0.768221279597));
#5895 = PCURVE('',#5229,#5896);
#5896 = DEFINITIONAL_REPRESENTATION('',(#5897),#5900);
#5897 = B_SPLINE_CURVE_WITH_KNOTS('',1,(#5898,#5899),.UNSPECIFIED.,.F.,
  .F.,(2,2),(-3.157332688731,4.135591221833),.PIECEWISE_BEZIER_KNOTS.);
#5898 = CARTESIAN_POINT('',(6.202579338579,-5.668816115483));
#5899 = CARTESIAN_POINT('',(0.6,-1.));
#5900 = ( GEOMETRIC_REPRESENTATION_CONTEXT(2) 
PARAMETRIC_REPRESENTATION_CONTEXT() REPRESENTATION_CONTEXT('2D SPACE',''
  ) );
#5901 = PCURVE('',#4397,#5902);
#5902 = DEFINITIONAL_REPRESENTATION('',(#5903),#5906);
#5903 = B_SPLINE_CURVE_WITH_KNOTS('',1,(#5904,#5905),.UNSPECIFIED.,.F.,
  .F.,(2,2),(-3.157332688731,4.135591221833),.PIECEWISE_BEZIER_KNOTS.);
#5904 = CARTESIAN_POINT('',(2.079375700525,-3.5));
#5905 = CARTESIAN_POINT('',(9.372299611088,-3.5));
#5906 = ( GEOMETRIC_REPRESENTATION_CONTEXT(2) 
PARAMETRIC_REPRESENTATION_CONTEXT() REPRESENTATION_CONTEXT('2D SPACE',''
  ) );
#5907 = ADVANCED_FACE('',(#5908),#5770,.F.);
#5908 = FACE_BOUND('',#5909,.T.);
#5909 = EDGE_LOOP('',(#5910,#5934,#5935,#5956));
#5910 = ORIENTED_EDGE('',*,*,#5911,.F.);
#5911 = EDGE_CURVE('',#5756,#5912,#5914,.T.);
#5912 = VERTEX_POINT('',#5913);
#5913 = CARTESIAN_POINT('',(17.5,16.,13.081929201956));
#5914 = SURFACE_CURVE('',#5915,(#5920,#5927),.PCURVE_S1.);
#5915 = CIRCLE('',#5916,2.55);
#5916 = AXIS2_PLACEMENT_3D('',#5917,#5918,#5919);
#5917 = CARTESIAN_POINT('',(15.5,16.,11.5));
#5918 = DIRECTION('',(0.,1.,0.));
#5919 = DIRECTION('',(1.,0.,0.));
#5920 = PCURVE('',#5770,#5921);
#5921 = DEFINITIONAL_REPRESENTATION('',(#5922),#5926);
#5922 = CIRCLE('',#5923,2.55);
#5923 = AXIS2_PLACEMENT_2D('',#5924,#5925);
#5924 = CARTESIAN_POINT('',(0.,0.));
#5925 = DIRECTION('',(1.,0.));
#5926 = ( GEOMETRIC_REPRESENTATION_CONTEXT(2) 
PARAMETRIC_REPRESENTATION_CONTEXT() REPRESENTATION_CONTEXT('2D SPACE',''
  ) );
#5927 = PCURVE('',#4530,#5928);
#5928 = DEFINITIONAL_REPRESENTATION('',(#5929),#5933);
#5929 = LINE('',#5930,#5931);
#5930 = CARTESIAN_POINT('',(0.,0.));
#5931 = VECTOR('',#5932,1.);
#5932 = DIRECTION('',(1.,0.));
#5933 = ( GEOMETRIC_REPRESENTATION_CONTEXT(2) 
PARAMETRIC_REPRESENTATION_CONTEXT() REPRESENTATION_CONTEXT('2D SPACE',''
  ) );
#5934 = ORIENTED_EDGE('',*,*,#5755,.T.);
#5935 = ORIENTED_EDGE('',*,*,#5936,.T.);
#5936 = EDGE_CURVE('',#5733,#5937,#5939,.T.);
#5937 = VERTEX_POINT('',#5938);
#5938 = CARTESIAN_POINT('',(17.5,16.,12.5));
#5939 = SURFACE_CURVE('',#5940,(#5944,#5950),.PCURVE_S1.);
#5940 = LINE('',#5941,#5942);
#5941 = CARTESIAN_POINT('',(15.75,16.,12.5));
#5942 = VECTOR('',#5943,1.);
#5943 = DIRECTION('',(1.,0.,0.));
#5944 = PCURVE('',#5770,#5945);
#5945 = DEFINITIONAL_REPRESENTATION('',(#5946),#5949);
#5946 = B_SPLINE_CURVE_WITH_KNOTS('',1,(#5947,#5948),.UNSPECIFIED.,.F.,
  .F.,(2,2),(0.25,1.75),.PIECEWISE_BEZIER_KNOTS.);
#5947 = CARTESIAN_POINT('',(0.5,-1.));
#5948 = CARTESIAN_POINT('',(2.,-1.));
#5949 = ( GEOMETRIC_REPRESENTATION_CONTEXT(2) 
PARAMETRIC_REPRESENTATION_CONTEXT() REPRESENTATION_CONTEXT('2D SPACE',''
  ) );
#5950 = PCURVE('',#5255,#5951);
#5951 = DEFINITIONAL_REPRESENTATION('',(#5952),#5955);
#5952 = B_SPLINE_CURVE_WITH_KNOTS('',1,(#5953,#5954),.UNSPECIFIED.,.F.,
  .F.,(2,2),(0.25,1.75),.PIECEWISE_BEZIER_KNOTS.);
#5953 = CARTESIAN_POINT('',(0.,4.));
#5954 = CARTESIAN_POINT('',(1.5,4.));
#5955 = ( GEOMETRIC_REPRESENTATION_CONTEXT(2) 
PARAMETRIC_REPRESENTATION_CONTEXT() REPRESENTATION_CONTEXT('2D SPACE',''
  ) );
#5956 = ORIENTED_EDGE('',*,*,#5957,.F.);
#5957 = EDGE_CURVE('',#5912,#5937,#5958,.T.);
#5958 = SURFACE_CURVE('',#5959,(#5963,#5969),.PCURVE_S1.);
#5959 = LINE('',#5960,#5961);
#5960 = CARTESIAN_POINT('',(17.5,16.,12.));
#5961 = VECTOR('',#5962,1.);
#5962 = DIRECTION('',(0.,0.,-1.));
#5963 = PCURVE('',#5770,#5964);
#5964 = DEFINITIONAL_REPRESENTATION('',(#5965),#5968);
#5965 = B_SPLINE_CURVE_WITH_KNOTS('',1,(#5966,#5967),.UNSPECIFIED.,.F.,
  .F.,(2,2),(-2.05,-0.5),.PIECEWISE_BEZIER_KNOTS.);
#5966 = CARTESIAN_POINT('',(2.,-2.55));
#5967 = CARTESIAN_POINT('',(2.,-1.));
#5968 = ( GEOMETRIC_REPRESENTATION_CONTEXT(2) 
PARAMETRIC_REPRESENTATION_CONTEXT() REPRESENTATION_CONTEXT('2D SPACE',''
  ) );
#5969 = PCURVE('',#5281,#5970);
#5970 = DEFINITIONAL_REPRESENTATION('',(#5971),#5974);
#5971 = B_SPLINE_CURVE_WITH_KNOTS('',1,(#5972,#5973),.UNSPECIFIED.,.F.,
  .F.,(2,2),(-2.05,-0.5),.PIECEWISE_BEZIER_KNOTS.);
#5972 = CARTESIAN_POINT('',(1.55,-4.));
#5973 = CARTESIAN_POINT('',(0.,-4.));
#5974 = ( GEOMETRIC_REPRESENTATION_CONTEXT(2) 
PARAMETRIC_REPRESENTATION_CONTEXT() REPRESENTATION_CONTEXT('2D SPACE',''
  ) );
#5975 = ADVANCED_FACE('',(#5976),#5255,.T.);
#5976 = FACE_BOUND('',#5977,.T.);
#5977 = EDGE_LOOP('',(#5978,#5979,#5980,#6001));
#5978 = ORIENTED_EDGE('',*,*,#5732,.F.);
#5979 = ORIENTED_EDGE('',*,*,#5240,.T.);
#5980 = ORIENTED_EDGE('',*,*,#5981,.T.);
#5981 = EDGE_CURVE('',#5241,#5937,#5982,.T.);
#5982 = SURFACE_CURVE('',#5983,(#5987,#5994),.PCURVE_S1.);
#5983 = LINE('',#5984,#5985);
#5984 = CARTESIAN_POINT('',(17.5,12.,12.5));
#5985 = VECTOR('',#5986,1.);
#5986 = DIRECTION('',(0.,1.,0.));
#5987 = PCURVE('',#5255,#5988);
#5988 = DEFINITIONAL_REPRESENTATION('',(#5989),#5993);
#5989 = LINE('',#5990,#5991);
#5990 = CARTESIAN_POINT('',(1.5,0.));
#5991 = VECTOR('',#5992,1.);
#5992 = DIRECTION('',(0.,1.));
#5993 = ( GEOMETRIC_REPRESENTATION_CONTEXT(2) 
PARAMETRIC_REPRESENTATION_CONTEXT() REPRESENTATION_CONTEXT('2D SPACE',''
  ) );
#5994 = PCURVE('',#5281,#5995);
#5995 = DEFINITIONAL_REPRESENTATION('',(#5996),#6000);
#5996 = LINE('',#5997,#5998);
#5997 = CARTESIAN_POINT('',(0.,0.));
#5998 = VECTOR('',#5999,1.);
#5999 = DIRECTION('',(0.,-1.));
#6000 = ( GEOMETRIC_REPRESENTATION_CONTEXT(2) 
PARAMETRIC_REPRESENTATION_CONTEXT() REPRESENTATION_CONTEXT('2D SPACE',''
  ) );
#6001 = ORIENTED_EDGE('',*,*,#5936,.F.);
#6002 = ADVANCED_FACE('',(#6003),#5281,.F.);
#6003 = FACE_BOUND('',#6004,.F.);
#6004 = EDGE_LOOP('',(#6005,#6006,#6007,#6008,#6101));
#6005 = ORIENTED_EDGE('',*,*,#5266,.T.);
#6006 = ORIENTED_EDGE('',*,*,#5981,.T.);
#6007 = ORIENTED_EDGE('',*,*,#5957,.F.);
#6008 = ORIENTED_EDGE('',*,*,#6009,.T.);
#6009 = EDGE_CURVE('',#5912,#4445,#6010,.T.);
#6010 = SURFACE_CURVE('',#6011,(#6039,#6070),.PCURVE_S1.);
#6011 = B_SPLINE_CURVE_WITH_KNOTS('',6,(#6012,#6013,#6014,#6015,#6016,
    #6017,#6018,#6019,#6020,#6021,#6022,#6023,#6024,#6025,#6026,#6027,
    #6028,#6029,#6030,#6031,#6032,#6033,#6034,#6035,#6036,#6037,#6038),
  .UNSPECIFIED.,.F.,.F.,(7,5,5,5,5,7),(0.,0.105177877374,0.165775730809,
    0.372646135892,0.692294197761,1.),.UNSPECIFIED.);
#6012 = CARTESIAN_POINT('',(17.5,16.,13.081929201956));
#6013 = CARTESIAN_POINT('',(17.5,16.,13.197879374091));
#6014 = CARTESIAN_POINT('',(17.5,16.000682125561,13.314478762652));
#6015 = CARTESIAN_POINT('',(17.5,16.002199999447,13.431643452434));
#6016 = CARTESIAN_POINT('',(17.5,16.004690834768,13.549282884944));
#6017 = CARTESIAN_POINT('',(17.5,16.008273624115,13.667307390933));
#6018 = CARTESIAN_POINT('',(17.5,16.015797681302,13.853810163216));
#6019 = CARTESIAN_POINT('',(17.5,16.018943449272,13.922085687585));
#6020 = CARTESIAN_POINT('',(17.5,16.022503598319,13.990446877506));
#6021 = CARTESIAN_POINT('',(17.5,16.026495284575,14.058879102644));
#6022 = CARTESIAN_POINT('',(17.5,16.030933854576,14.127368520872));
#6023 = CARTESIAN_POINT('',(17.5,16.052557137147,14.429863579801));
#6024 = CARTESIAN_POINT('',(17.5,16.074646794356,14.664327242122));
#6025 = CARTESIAN_POINT('',(17.5,16.102646310848,14.89879929891));
#6026 = CARTESIAN_POINT('',(17.5,16.136880649574,15.132849324731));
#6027 = CARTESIAN_POINT('',(17.5,16.177556696393,15.366106825501));
#6028 = CARTESIAN_POINT('',(17.5,16.297820539606,15.956929982992));
#6029 = CARTESIAN_POINT('',(17.5,16.386529835904,16.312923541201));
#6030 = CARTESIAN_POINT('',(17.5,16.491417066441,16.66497235769));
#6031 = CARTESIAN_POINT('',(17.5,16.612531419792,17.011959287059));
#6032 = CARTESIAN_POINT('',(17.5,16.749757466832,17.352801796268));
#6033 = CARTESIAN_POINT('',(17.5,17.050131171932,18.007631817537));
#6034 = CARTESIAN_POINT('',(17.5,17.21212476357,18.322158683553));
#6035 = CARTESIAN_POINT('',(17.5,17.388529496067,18.629095284782));
#6036 = CARTESIAN_POINT('',(17.5,17.578968346004,18.927563577003));
#6037 = CARTESIAN_POINT('',(17.5,17.782977505765,19.216720557288));
#6038 = CARTESIAN_POINT('',(17.5,18.,19.495761934947));
#6039 = PCURVE('',#5281,#6040);
#6040 = DEFINITIONAL_REPRESENTATION('',(#6041),#6069);
#6041 = B_SPLINE_CURVE_WITH_KNOTS('',6,(#6042,#6043,#6044,#6045,#6046,
    #6047,#6048,#6049,#6050,#6051,#6052,#6053,#6054,#6055,#6056,#6057,
    #6058,#6059,#6060,#6061,#6062,#6063,#6064,#6065,#6066,#6067,#6068),
  .UNSPECIFIED.,.F.,.F.,(7,5,5,5,5,7),(0.,0.105177877374,0.165775730809,
    0.372646135892,0.692294197761,1.),.UNSPECIFIED.);
#6042 = CARTESIAN_POINT('',(0.581929201956,-4.));
#6043 = CARTESIAN_POINT('',(0.697879374091,-4.));
#6044 = CARTESIAN_POINT('',(0.814478762652,-4.000682125561));
#6045 = CARTESIAN_POINT('',(0.931643452434,-4.002199999447));
#6046 = CARTESIAN_POINT('',(1.049282884944,-4.004690834768));
#6047 = CARTESIAN_POINT('',(1.167307390933,-4.008273624115));
#6048 = CARTESIAN_POINT('',(1.353810163216,-4.015797681302));
#6049 = CARTESIAN_POINT('',(1.422085687585,-4.018943449272));
#6050 = CARTESIAN_POINT('',(1.490446877506,-4.022503598319));
#6051 = CARTESIAN_POINT('',(1.558879102644,-4.026495284575));
#6052 = CARTESIAN_POINT('',(1.627368520872,-4.030933854576));
#6053 = CARTESIAN_POINT('',(1.929863579801,-4.052557137147));
#6054 = CARTESIAN_POINT('',(2.164327242122,-4.074646794356));
#6055 = CARTESIAN_POINT('',(2.39879929891,-4.102646310848));
#6056 = CARTESIAN_POINT('',(2.632849324731,-4.136880649574));
#6057 = CARTESIAN_POINT('',(2.866106825501,-4.177556696393));
#6058 = CARTESIAN_POINT('',(3.456929982992,-4.297820539606));
#6059 = CARTESIAN_POINT('',(3.812923541201,-4.386529835904));
#6060 = CARTESIAN_POINT('',(4.16497235769,-4.491417066441));
#6061 = CARTESIAN_POINT('',(4.511959287059,-4.612531419792));
#6062 = CARTESIAN_POINT('',(4.852801796268,-4.749757466832));
#6063 = CARTESIAN_POINT('',(5.507631817537,-5.050131171932));
#6064 = CARTESIAN_POINT('',(5.822158683553,-5.21212476357));
#6065 = CARTESIAN_POINT('',(6.129095284782,-5.388529496067));
#6066 = CARTESIAN_POINT('',(6.427563577003,-5.578968346004));
#6067 = CARTESIAN_POINT('',(6.716720557288,-5.782977505765));
#6068 = CARTESIAN_POINT('',(6.995761934947,-6.));
#6069 = ( GEOMETRIC_REPRESENTATION_CONTEXT(2) 
PARAMETRIC_REPRESENTATION_CONTEXT() REPRESENTATION_CONTEXT('2D SPACE',''
  ) );
#6070 = PCURVE('',#4530,#6071);
#6071 = DEFINITIONAL_REPRESENTATION('',(#6072),#6100);
#6072 = B_SPLINE_CURVE_WITH_KNOTS('',6,(#6073,#6074,#6075,#6076,#6077,
    #6078,#6079,#6080,#6081,#6082,#6083,#6084,#6085,#6086,#6087,#6088,
    #6089,#6090,#6091,#6092,#6093,#6094,#6095,#6096,#6097,#6098,#6099),
  .UNSPECIFIED.,.F.,.F.,(7,5,5,5,5,7),(0.,0.105177877374,0.165775730809,
    0.372646135892,0.692294197761,1.),.UNSPECIFIED.);
#6073 = CARTESIAN_POINT('',(5.613978088318,0.));
#6074 = CARTESIAN_POINT('',(5.578314828914,7.904544851228E-03));
#6075 = CARTESIAN_POINT('',(5.544866749448,1.628108053852E-02));
#6076 = CARTESIAN_POINT('',(5.513565005779,2.507922296296E-02));
#6077 = CARTESIAN_POINT('',(5.484288491236,3.425175712526E-02));
#6078 = CARTESIAN_POINT('',(5.456892270562,4.375611628934E-02));
#6079 = CARTESIAN_POINT('',(5.416454254407,5.920194868192E-02));
#6080 = CARTESIAN_POINT('',(5.402250008967,6.494608649831E-02));
#6081 = CARTESIAN_POINT('',(5.388595593497,7.078130081044E-02));
#6082 = CARTESIAN_POINT('',(5.375463986776,7.670119471899E-02));
#6083 = CARTESIAN_POINT('',(5.362828830411,8.269994820987E-02));
#6084 = CARTESIAN_POINT('',(5.309137303035,0.109502320275));
#6085 = CARTESIAN_POINT('',(5.273100606381,0.131089100199));
#6086 = CARTESIAN_POINT('',(5.241534661862,0.153325054646));
#6087 = CARTESIAN_POINT('',(5.213611514656,0.176072539731));
#6088 = CARTESIAN_POINT('',(5.188727417467,0.199234505297));
#6089 = CARTESIAN_POINT('',(5.131905459998,0.259060758052));
#6090 = CARTESIAN_POINT('',(5.103520024765,0.29620048491));
#6091 = CARTESIAN_POINT('',(5.079489612533,0.333896557085));
#6092 = CARTESIAN_POINT('',(5.058833042061,0.372020795149));
#6093 = CARTESIAN_POINT('',(5.040856636339,0.410480002501));
#6094 = CARTESIAN_POINT('',(5.009875012965,0.486491184958));
#6095 = CARTESIAN_POINT('',(4.996708124655,0.524024600187));
#6096 = CARTESIAN_POINT('',(4.985132096932,0.56175097135));
#6097 = CARTESIAN_POINT('',(4.974868410995,0.599635663743));
#6098 = CARTESIAN_POINT('',(4.965707644056,0.637652256483));
#6099 = CARTESIAN_POINT('',(4.957492354664,0.675779222332));
#6100 = ( GEOMETRIC_REPRESENTATION_CONTEXT(2) 
PARAMETRIC_REPRESENTATION_CONTEXT() REPRESENTATION_CONTEXT('2D SPACE',''
  ) );
#6101 = ORIENTED_EDGE('',*,*,#6102,.T.);
#6102 = EDGE_CURVE('',#4445,#5267,#6103,.T.);
#6103 = SURFACE_CURVE('',#6104,(#6108,#6114),.PCURVE_S1.);
#6104 = LINE('',#6105,#6106);
#6105 = CARTESIAN_POINT('',(17.5,15.647540983607,16.277049180328));
#6106 = VECTOR('',#6107,1.);
#6107 = DIRECTION('',(0.,-0.640184399664,-0.768221279597));
#6108 = PCURVE('',#5281,#6109);
#6109 = DEFINITIONAL_REPRESENTATION('',(#6110),#6113);
#6110 = B_SPLINE_CURVE_WITH_KNOTS('',1,(#6111,#6112),.UNSPECIFIED.,.F.,
  .F.,(2,2),(-3.157332688731,4.135591221833),.PIECEWISE_BEZIER_KNOTS.);
#6111 = CARTESIAN_POINT('',(6.202579338579,-5.668816115483));
#6112 = CARTESIAN_POINT('',(0.6,-1.));
#6113 = ( GEOMETRIC_REPRESENTATION_CONTEXT(2) 
PARAMETRIC_REPRESENTATION_CONTEXT() REPRESENTATION_CONTEXT('2D SPACE',''
  ) );
#6114 = PCURVE('',#4667,#6115);
#6115 = DEFINITIONAL_REPRESENTATION('',(#6116),#6119);
#6116 = B_SPLINE_CURVE_WITH_KNOTS('',1,(#6117,#6118),.UNSPECIFIED.,.F.,
  .F.,(2,2),(-3.157332688731,4.135591221833),.PIECEWISE_BEZIER_KNOTS.);
#6117 = CARTESIAN_POINT('',(2.079375700525,-5.));
#6118 = CARTESIAN_POINT('',(9.372299611088,-5.));
#6119 = ( GEOMETRIC_REPRESENTATION_CONTEXT(2) 
PARAMETRIC_REPRESENTATION_CONTEXT() REPRESENTATION_CONTEXT('2D SPACE',''
  ) );
#6120 = ADVANCED_FACE('',(#6121),#4916,.F.);
#6121 = FACE_BOUND('',#6122,.F.);
#6122 = EDGE_LOOP('',(#6123,#6124,#6125,#6148));
#6123 = ORIENTED_EDGE('',*,*,#5314,.T.);
#6124 = ORIENTED_EDGE('',*,*,#4900,.T.);
#6125 = ORIENTED_EDGE('',*,*,#6126,.F.);
#6126 = EDGE_CURVE('',#6127,#4901,#6129,.T.);
#6127 = VERTEX_POINT('',#6128);
#6128 = CARTESIAN_POINT('',(12.5,14.,5.5));
#6129 = SURFACE_CURVE('',#6130,(#6134,#6141),.PCURVE_S1.);
#6130 = LINE('',#6131,#6132);
#6131 = CARTESIAN_POINT('',(12.5,14.,5.5));
#6132 = VECTOR('',#6133,1.);
#6133 = DIRECTION('',(1.,0.,0.));
#6134 = PCURVE('',#4916,#6135);
#6135 = DEFINITIONAL_REPRESENTATION('',(#6136),#6140);
#6136 = LINE('',#6137,#6138);
#6137 = CARTESIAN_POINT('',(1.,0.));
#6138 = VECTOR('',#6139,1.);
#6139 = DIRECTION('',(0.,-1.));
#6140 = ( GEOMETRIC_REPRESENTATION_CONTEXT(2) 
PARAMETRIC_REPRESENTATION_CONTEXT() REPRESENTATION_CONTEXT('2D SPACE',''
  ) );
#6141 = PCURVE('',#4944,#6142);
#6142 = DEFINITIONAL_REPRESENTATION('',(#6143),#6147);
#6143 = LINE('',#6144,#6145);
#6144 = CARTESIAN_POINT('',(0.,0.));
#6145 = VECTOR('',#6146,1.);
#6146 = DIRECTION('',(0.,-1.));
#6147 = ( GEOMETRIC_REPRESENTATION_CONTEXT(2) 
PARAMETRIC_REPRESENTATION_CONTEXT() REPRESENTATION_CONTEXT('2D SPACE',''
  ) );
#6148 = ORIENTED_EDGE('',*,*,#6149,.F.);
#6149 = EDGE_CURVE('',#5068,#6127,#6150,.T.);
#6150 = SURFACE_CURVE('',#6151,(#6155,#6162),.PCURVE_S1.);
#6151 = LINE('',#6152,#6153);
#6152 = CARTESIAN_POINT('',(12.5,13.,5.5));
#6153 = VECTOR('',#6154,1.);
#6154 = DIRECTION('',(0.,1.,0.));
#6155 = PCURVE('',#4916,#6156);
#6156 = DEFINITIONAL_REPRESENTATION('',(#6157),#6161);
#6157 = LINE('',#6158,#6159);
#6158 = CARTESIAN_POINT('',(0.,0.));
#6159 = VECTOR('',#6160,1.);
#6160 = DIRECTION('',(1.,0.));
#6161 = ( GEOMETRIC_REPRESENTATION_CONTEXT(2) 
PARAMETRIC_REPRESENTATION_CONTEXT() REPRESENTATION_CONTEXT('2D SPACE',''
  ) );
#6162 = PCURVE('',#4005,#6163);
#6163 = DEFINITIONAL_REPRESENTATION('',(#6164),#6168);
#6164 = LINE('',#6165,#6166);
#6165 = CARTESIAN_POINT('',(-7.167788432263,2.839475216591));
#6166 = VECTOR('',#6167,1.);
#6167 = DIRECTION('',(0.,-1.));
#6168 = ( GEOMETRIC_REPRESENTATION_CONTEXT(2) 
PARAMETRIC_REPRESENTATION_CONTEXT() REPRESENTATION_CONTEXT('2D SPACE',''
  ) );
#6169 = ADVANCED_FACE('',(#6170),#4944,.F.);
#6170 = FACE_BOUND('',#6171,.F.);
#6171 = EDGE_LOOP('',(#6172,#6173,#6174,#6197));
#6172 = ORIENTED_EDGE('',*,*,#6126,.T.);
#6173 = ORIENTED_EDGE('',*,*,#4928,.T.);
#6174 = ORIENTED_EDGE('',*,*,#6175,.F.);
#6175 = EDGE_CURVE('',#6176,#4929,#6178,.T.);
#6176 = VERTEX_POINT('',#6177);
#6177 = CARTESIAN_POINT('',(12.5,15.,9.));
#6178 = SURFACE_CURVE('',#6179,(#6183,#6190),.PCURVE_S1.);
#6179 = LINE('',#6180,#6181);
#6180 = CARTESIAN_POINT('',(12.5,15.,9.));
#6181 = VECTOR('',#6182,1.);
#6182 = DIRECTION('',(1.,0.,0.));
#6183 = PCURVE('',#4944,#6184);
#6184 = DEFINITIONAL_REPRESENTATION('',(#6185),#6189);
#6185 = LINE('',#6186,#6187);
#6186 = CARTESIAN_POINT('',(3.64005494464,0.));
#6187 = VECTOR('',#6188,1.);
#6188 = DIRECTION('',(0.,-1.));
#6189 = ( GEOMETRIC_REPRESENTATION_CONTEXT(2) 
PARAMETRIC_REPRESENTATION_CONTEXT() REPRESENTATION_CONTEXT('2D SPACE',''
  ) );
#6190 = PCURVE('',#4972,#6191);
#6191 = DEFINITIONAL_REPRESENTATION('',(#6192),#6196);
#6192 = LINE('',#6193,#6194);
#6193 = CARTESIAN_POINT('',(0.,0.));
#6194 = VECTOR('',#6195,1.);
#6195 = DIRECTION('',(0.,-1.));
#6196 = ( GEOMETRIC_REPRESENTATION_CONTEXT(2) 
PARAMETRIC_REPRESENTATION_CONTEXT() REPRESENTATION_CONTEXT('2D SPACE',''
  ) );
#6197 = ORIENTED_EDGE('',*,*,#6198,.F.);
#6198 = EDGE_CURVE('',#6127,#6176,#6199,.T.);
#6199 = SURFACE_CURVE('',#6200,(#6204,#6211),.PCURVE_S1.);
#6200 = LINE('',#6201,#6202);
#6201 = CARTESIAN_POINT('',(12.5,14.,5.5));
#6202 = VECTOR('',#6203,1.);
#6203 = DIRECTION('',(0.,0.274721127897,0.961523947641));
#6204 = PCURVE('',#4944,#6205);
#6205 = DEFINITIONAL_REPRESENTATION('',(#6206),#6210);
#6206 = LINE('',#6207,#6208);
#6207 = CARTESIAN_POINT('',(0.,0.));
#6208 = VECTOR('',#6209,1.);
#6209 = DIRECTION('',(1.,0.));
#6210 = ( GEOMETRIC_REPRESENTATION_CONTEXT(2) 
PARAMETRIC_REPRESENTATION_CONTEXT() REPRESENTATION_CONTEXT('2D SPACE',''
  ) );
#6211 = PCURVE('',#4005,#6212);
#6212 = DEFINITIONAL_REPRESENTATION('',(#6213),#6217);
#6213 = LINE('',#6214,#6215);
#6214 = CARTESIAN_POINT('',(-7.167788432263,1.839475216591));
#6215 = VECTOR('',#6216,1.);
#6216 = DIRECTION('',(0.961523947641,-0.274721127897));
#6217 = ( GEOMETRIC_REPRESENTATION_CONTEXT(2) 
PARAMETRIC_REPRESENTATION_CONTEXT() REPRESENTATION_CONTEXT('2D SPACE',''
  ) );
#6218 = ADVANCED_FACE('',(#6219),#4972,.F.);
#6219 = FACE_BOUND('',#6220,.F.);
#6220 = EDGE_LOOP('',(#6221,#6222,#6223,#6246));
#6221 = ORIENTED_EDGE('',*,*,#6175,.T.);
#6222 = ORIENTED_EDGE('',*,*,#4956,.T.);
#6223 = ORIENTED_EDGE('',*,*,#6224,.F.);
#6224 = EDGE_CURVE('',#6225,#4957,#6227,.T.);
#6225 = VERTEX_POINT('',#6226);
#6226 = CARTESIAN_POINT('',(12.5,15.,9.5));
#6227 = SURFACE_CURVE('',#6228,(#6232,#6239),.PCURVE_S1.);
#6228 = LINE('',#6229,#6230);
#6229 = CARTESIAN_POINT('',(12.5,15.,9.5));
#6230 = VECTOR('',#6231,1.);
#6231 = DIRECTION('',(1.,0.,0.));
#6232 = PCURVE('',#4972,#6233);
#6233 = DEFINITIONAL_REPRESENTATION('',(#6234),#6238);
#6234 = LINE('',#6235,#6236);
#6235 = CARTESIAN_POINT('',(0.5,0.));
#6236 = VECTOR('',#6237,1.);
#6237 = DIRECTION('',(0.,-1.));
#6238 = ( GEOMETRIC_REPRESENTATION_CONTEXT(2) 
PARAMETRIC_REPRESENTATION_CONTEXT() REPRESENTATION_CONTEXT('2D SPACE',''
  ) );
#6239 = PCURVE('',#5000,#6240);
#6240 = DEFINITIONAL_REPRESENTATION('',(#6241),#6245);
#6241 = LINE('',#6242,#6243);
#6242 = CARTESIAN_POINT('',(0.,0.));
#6243 = VECTOR('',#6244,1.);
#6244 = DIRECTION('',(0.,-1.));
#6245 = ( GEOMETRIC_REPRESENTATION_CONTEXT(2) 
PARAMETRIC_REPRESENTATION_CONTEXT() REPRESENTATION_CONTEXT('2D SPACE',''
  ) );
#6246 = ORIENTED_EDGE('',*,*,#6247,.F.);
#6247 = EDGE_CURVE('',#6176,#6225,#6248,.T.);
#6248 = SURFACE_CURVE('',#6249,(#6253,#6260),.PCURVE_S1.);
#6249 = LINE('',#6250,#6251);
#6250 = CARTESIAN_POINT('',(12.5,15.,9.));
#6251 = VECTOR('',#6252,1.);
#6252 = DIRECTION('',(0.,0.,1.));
#6253 = PCURVE('',#4972,#6254);
#6254 = DEFINITIONAL_REPRESENTATION('',(#6255),#6259);
#6255 = LINE('',#6256,#6257);
#6256 = CARTESIAN_POINT('',(0.,0.));
#6257 = VECTOR('',#6258,1.);
#6258 = DIRECTION('',(1.,0.));
#6259 = ( GEOMETRIC_REPRESENTATION_CONTEXT(2) 
PARAMETRIC_REPRESENTATION_CONTEXT() REPRESENTATION_CONTEXT('2D SPACE',''
  ) );
#6260 = PCURVE('',#4005,#6261);
#6261 = DEFINITIONAL_REPRESENTATION('',(#6262),#6266);
#6262 = LINE('',#6263,#6264);
#6263 = CARTESIAN_POINT('',(-3.667788432263,0.839475216591));
#6264 = VECTOR('',#6265,1.);
#6265 = DIRECTION('',(1.,0.));
#6266 = ( GEOMETRIC_REPRESENTATION_CONTEXT(2) 
PARAMETRIC_REPRESENTATION_CONTEXT() REPRESENTATION_CONTEXT('2D SPACE',''
  ) );
#6267 = ADVANCED_FACE('',(#6268),#5000,.F.);
#6268 = FACE_BOUND('',#6269,.F.);
#6269 = EDGE_LOOP('',(#6270,#6271,#6272,#6295));
#6270 = ORIENTED_EDGE('',*,*,#6224,.T.);
#6271 = ORIENTED_EDGE('',*,*,#4984,.T.);
#6272 = ORIENTED_EDGE('',*,*,#6273,.F.);
#6273 = EDGE_CURVE('',#6274,#4985,#6276,.T.);
#6274 = VERTEX_POINT('',#6275);
#6275 = CARTESIAN_POINT('',(12.5,14.3,9.5));
#6276 = SURFACE_CURVE('',#6277,(#6281,#6288),.PCURVE_S1.);
#6277 = LINE('',#6278,#6279);
#6278 = CARTESIAN_POINT('',(12.5,14.3,9.5));
#6279 = VECTOR('',#6280,1.);
#6280 = DIRECTION('',(1.,0.,0.));
#6281 = PCURVE('',#5000,#6282);
#6282 = DEFINITIONAL_REPRESENTATION('',(#6283),#6287);
#6283 = LINE('',#6284,#6285);
#6284 = CARTESIAN_POINT('',(0.7,0.));
#6285 = VECTOR('',#6286,1.);
#6286 = DIRECTION('',(0.,-1.));
#6287 = ( GEOMETRIC_REPRESENTATION_CONTEXT(2) 
PARAMETRIC_REPRESENTATION_CONTEXT() REPRESENTATION_CONTEXT('2D SPACE',''
  ) );
#6288 = PCURVE('',#5028,#6289);
#6289 = DEFINITIONAL_REPRESENTATION('',(#6290),#6294);
#6290 = LINE('',#6291,#6292);
#6291 = CARTESIAN_POINT('',(0.,0.));
#6292 = VECTOR('',#6293,1.);
#6293 = DIRECTION('',(0.,-1.));
#6294 = ( GEOMETRIC_REPRESENTATION_CONTEXT(2) 
PARAMETRIC_REPRESENTATION_CONTEXT() REPRESENTATION_CONTEXT('2D SPACE',''
  ) );
#6295 = ORIENTED_EDGE('',*,*,#6296,.F.);
#6296 = EDGE_CURVE('',#6225,#6274,#6297,.T.);
#6297 = SURFACE_CURVE('',#6298,(#6302,#6309),.PCURVE_S1.);
#6298 = LINE('',#6299,#6300);
#6299 = CARTESIAN_POINT('',(12.5,15.,9.5));
#6300 = VECTOR('',#6301,1.);
#6301 = DIRECTION('',(0.,-1.,0.));
#6302 = PCURVE('',#5000,#6303);
#6303 = DEFINITIONAL_REPRESENTATION('',(#6304),#6308);
#6304 = LINE('',#6305,#6306);
#6305 = CARTESIAN_POINT('',(0.,0.));
#6306 = VECTOR('',#6307,1.);
#6307 = DIRECTION('',(1.,0.));
#6308 = ( GEOMETRIC_REPRESENTATION_CONTEXT(2) 
PARAMETRIC_REPRESENTATION_CONTEXT() REPRESENTATION_CONTEXT('2D SPACE',''
  ) );
#6309 = PCURVE('',#4005,#6310);
#6310 = DEFINITIONAL_REPRESENTATION('',(#6311),#6315);
#6311 = LINE('',#6312,#6313);
#6312 = CARTESIAN_POINT('',(-3.167788432263,0.839475216591));
#6313 = VECTOR('',#6314,1.);
#6314 = DIRECTION('',(0.,1.));
#6315 = ( GEOMETRIC_REPRESENTATION_CONTEXT(2) 
PARAMETRIC_REPRESENTATION_CONTEXT() REPRESENTATION_CONTEXT('2D SPACE',''
  ) );
#6316 = ADVANCED_FACE('',(#6317),#5028,.F.);
#6317 = FACE_BOUND('',#6318,.F.);
#6318 = EDGE_LOOP('',(#6319,#6320,#6321,#6344));
#6319 = ORIENTED_EDGE('',*,*,#6273,.T.);
#6320 = ORIENTED_EDGE('',*,*,#5012,.T.);
#6321 = ORIENTED_EDGE('',*,*,#6322,.F.);
#6322 = EDGE_CURVE('',#6323,#5013,#6325,.T.);
#6323 = VERTEX_POINT('',#6324);
#6324 = CARTESIAN_POINT('',(12.5,14.3,11.5));
#6325 = SURFACE_CURVE('',#6326,(#6330,#6337),.PCURVE_S1.);
#6326 = LINE('',#6327,#6328);
#6327 = CARTESIAN_POINT('',(12.5,14.3,11.5));
#6328 = VECTOR('',#6329,1.);
#6329 = DIRECTION('',(1.,0.,0.));
#6330 = PCURVE('',#5028,#6331);
#6331 = DEFINITIONAL_REPRESENTATION('',(#6332),#6336);
#6332 = LINE('',#6333,#6334);
#6333 = CARTESIAN_POINT('',(2.,0.));
#6334 = VECTOR('',#6335,1.);
#6335 = DIRECTION('',(0.,-1.));
#6336 = ( GEOMETRIC_REPRESENTATION_CONTEXT(2) 
PARAMETRIC_REPRESENTATION_CONTEXT() REPRESENTATION_CONTEXT('2D SPACE',''
  ) );
#6337 = PCURVE('',#62,#6338);
#6338 = DEFINITIONAL_REPRESENTATION('',(#6339),#6343);
#6339 = LINE('',#6340,#6341);
#6340 = CARTESIAN_POINT('',(-3.7,-12.5));
#6341 = VECTOR('',#6342,1.);
#6342 = DIRECTION('',(0.,-1.));
#6343 = ( GEOMETRIC_REPRESENTATION_CONTEXT(2) 
PARAMETRIC_REPRESENTATION_CONTEXT() REPRESENTATION_CONTEXT('2D SPACE',''
  ) );
#6344 = ORIENTED_EDGE('',*,*,#6345,.F.);
#6345 = EDGE_CURVE('',#6274,#6323,#6346,.T.);
#6346 = SURFACE_CURVE('',#6347,(#6351,#6358),.PCURVE_S1.);
#6347 = LINE('',#6348,#6349);
#6348 = CARTESIAN_POINT('',(12.5,14.3,9.5));
#6349 = VECTOR('',#6350,1.);
#6350 = DIRECTION('',(0.,0.,1.));
#6351 = PCURVE('',#5028,#6352);
#6352 = DEFINITIONAL_REPRESENTATION('',(#6353),#6357);
#6353 = LINE('',#6354,#6355);
#6354 = CARTESIAN_POINT('',(0.,0.));
#6355 = VECTOR('',#6356,1.);
#6356 = DIRECTION('',(1.,0.));
#6357 = ( GEOMETRIC_REPRESENTATION_CONTEXT(2) 
PARAMETRIC_REPRESENTATION_CONTEXT() REPRESENTATION_CONTEXT('2D SPACE',''
  ) );
#6358 = PCURVE('',#4005,#6359);
#6359 = DEFINITIONAL_REPRESENTATION('',(#6360),#6364);
#6360 = LINE('',#6361,#6362);
#6361 = CARTESIAN_POINT('',(-3.167788432263,1.539475216591));
#6362 = VECTOR('',#6363,1.);
#6363 = DIRECTION('',(1.,0.));
#6364 = ( GEOMETRIC_REPRESENTATION_CONTEXT(2) 
PARAMETRIC_REPRESENTATION_CONTEXT() REPRESENTATION_CONTEXT('2D SPACE',''
  ) );
#6365 = ADVANCED_FACE('',(#6366),#4667,.F.);
#6366 = FACE_BOUND('',#6367,.F.);
#6367 = EDGE_LOOP('',(#6368,#6369,#6370,#6371));
#6368 = ORIENTED_EDGE('',*,*,#6102,.F.);
#6369 = ORIENTED_EDGE('',*,*,#4581,.F.);
#6370 = ORIENTED_EDGE('',*,*,#4849,.T.);
#6371 = ORIENTED_EDGE('',*,*,#5292,.F.);
#6372 = ADVANCED_FACE('',(#6373),#4530,.T.);
#6373 = FACE_BOUND('',#6374,.T.);
#6374 = EDGE_LOOP('',(#6375,#6376,#6377,#6378));
#6375 = ORIENTED_EDGE('',*,*,#5781,.F.);
#6376 = ORIENTED_EDGE('',*,*,#5911,.T.);
#6377 = ORIENTED_EDGE('',*,*,#6009,.T.);
#6378 = ORIENTED_EDGE('',*,*,#4444,.T.);
#6379 = ADVANCED_FACE('',(#6380),#4397,.F.);
#6380 = FACE_BOUND('',#6381,.F.);
#6381 = EDGE_LOOP('',(#6382,#6383,#6384,#6385));
#6382 = ORIENTED_EDGE('',*,*,#5709,.F.);
#6383 = ORIENTED_EDGE('',*,*,#4311,.F.);
#6384 = ORIENTED_EDGE('',*,*,#5889,.T.);
#6385 = ORIENTED_EDGE('',*,*,#5191,.F.);
#6386 = ADVANCED_FACE('',(#6387),#4263,.T.);
#6387 = FACE_BOUND('',#6388,.T.);
#6388 = EDGE_LOOP('',(#6389,#6390,#6391,#6392));
#6389 = ORIENTED_EDGE('',*,*,#5388,.F.);
#6390 = ORIENTED_EDGE('',*,*,#5503,.T.);
#6391 = ORIENTED_EDGE('',*,*,#5601,.T.);
#6392 = ORIENTED_EDGE('',*,*,#4177,.T.);
#6393 = ADVANCED_FACE('',(#6394),#4130,.F.);
#6394 = FACE_BOUND('',#6395,.F.);
#6395 = EDGE_LOOP('',(#6396,#6417,#6418,#6419));
#6396 = ORIENTED_EDGE('',*,*,#6397,.F.);
#6397 = EDGE_CURVE('',#3936,#5066,#6398,.T.);
#6398 = SURFACE_CURVE('',#6399,(#6403,#6410),.PCURVE_S1.);
#6399 = LINE('',#6400,#6401);
#6400 = CARTESIAN_POINT('',(12.5,19.,20.3));
#6401 = VECTOR('',#6402,1.);
#6402 = DIRECTION('',(0.,-0.640184399664,-0.768221279597));
#6403 = PCURVE('',#4130,#6404);
#6404 = DEFINITIONAL_REPRESENTATION('',(#6405),#6409);
#6405 = LINE('',#6406,#6407);
#6406 = CARTESIAN_POINT('',(0.,0.));
#6407 = VECTOR('',#6408,1.);
#6408 = DIRECTION('',(1.,0.));
#6409 = ( GEOMETRIC_REPRESENTATION_CONTEXT(2) 
PARAMETRIC_REPRESENTATION_CONTEXT() REPRESENTATION_CONTEXT('2D SPACE',''
  ) );
#6410 = PCURVE('',#4005,#6411);
#6411 = DEFINITIONAL_REPRESENTATION('',(#6412),#6416);
#6412 = LINE('',#6413,#6414);
#6413 = CARTESIAN_POINT('',(7.632211567737,-3.160524783409));
#6414 = VECTOR('',#6415,1.);
#6415 = DIRECTION('',(-0.768221279597,0.640184399664));
#6416 = ( GEOMETRIC_REPRESENTATION_CONTEXT(2) 
PARAMETRIC_REPRESENTATION_CONTEXT() REPRESENTATION_CONTEXT('2D SPACE',''
  ) );
#6417 = ORIENTED_EDGE('',*,*,#4044,.F.);
#6418 = ORIENTED_EDGE('',*,*,#5481,.T.);
#6419 = ORIENTED_EDGE('',*,*,#5090,.F.);
#6420 = ADVANCED_FACE('',(#6421),#4005,.F.);
#6421 = FACE_BOUND('',#6422,.F.);
#6422 = EDGE_LOOP('',(#6423,#6424,#6425,#6426,#6427,#6428,#6429,#6430,
    #6451));
#6423 = ORIENTED_EDGE('',*,*,#6397,.T.);
#6424 = ORIENTED_EDGE('',*,*,#5065,.T.);
#6425 = ORIENTED_EDGE('',*,*,#6149,.T.);
#6426 = ORIENTED_EDGE('',*,*,#6198,.T.);
#6427 = ORIENTED_EDGE('',*,*,#6247,.T.);
#6428 = ORIENTED_EDGE('',*,*,#6296,.T.);
#6429 = ORIENTED_EDGE('',*,*,#6345,.T.);
#6430 = ORIENTED_EDGE('',*,*,#6431,.T.);
#6431 = EDGE_CURVE('',#6323,#3880,#6432,.T.);
#6432 = SURFACE_CURVE('',#6433,(#6437,#6444),.PCURVE_S1.);
#6433 = LINE('',#6434,#6435);
#6434 = CARTESIAN_POINT('',(12.5,14.3,11.5));
#6435 = VECTOR('',#6436,1.);
#6436 = DIRECTION('',(0.,1.,0.));
#6437 = PCURVE('',#4005,#6438);
#6438 = DEFINITIONAL_REPRESENTATION('',(#6439),#6443);
#6439 = LINE('',#6440,#6441);
#6440 = CARTESIAN_POINT('',(-1.167788432263,1.539475216591));
#6441 = VECTOR('',#6442,1.);
#6442 = DIRECTION('',(0.,-1.));
#6443 = ( GEOMETRIC_REPRESENTATION_CONTEXT(2) 
PARAMETRIC_REPRESENTATION_CONTEXT() REPRESENTATION_CONTEXT('2D SPACE',''
  ) );
#6444 = PCURVE('',#62,#6445);
#6445 = DEFINITIONAL_REPRESENTATION('',(#6446),#6450);
#6446 = LINE('',#6447,#6448);
#6447 = CARTESIAN_POINT('',(-3.7,-12.5));
#6448 = VECTOR('',#6449,1.);
#6449 = DIRECTION('',(1.,0.));
#6450 = ( GEOMETRIC_REPRESENTATION_CONTEXT(2) 
PARAMETRIC_REPRESENTATION_CONTEXT() REPRESENTATION_CONTEXT('2D SPACE',''
  ) );
#6451 = ORIENTED_EDGE('',*,*,#3935,.F.);
#6452 = ADVANCED_FACE('',(#6453),#2173,.F.);
#6453 = FACE_BOUND('',#6454,.F.);
#6454 = EDGE_LOOP('',(#6455,#6478,#6501,#6522));
#6455 = ORIENTED_EDGE('',*,*,#6456,.F.);
#6456 = EDGE_CURVE('',#6457,#2131,#6459,.T.);
#6457 = VERTEX_POINT('',#6458);
#6458 = CARTESIAN_POINT('',(30.,16.,26.5));
#6459 = SURFACE_CURVE('',#6460,(#6464,#6471),.PCURVE_S1.);
#6460 = LINE('',#6461,#6462);
#6461 = CARTESIAN_POINT('',(30.,16.,26.5));
#6462 = VECTOR('',#6463,1.);
#6463 = DIRECTION('',(0.,1.,0.));
#6464 = PCURVE('',#2173,#6465);
#6465 = DEFINITIONAL_REPRESENTATION('',(#6466),#6470);
#6466 = LINE('',#6467,#6468);
#6467 = CARTESIAN_POINT('',(0.,0.));
#6468 = VECTOR('',#6469,1.);
#6469 = DIRECTION('',(0.,1.));
#6470 = ( GEOMETRIC_REPRESENTATION_CONTEXT(2) 
PARAMETRIC_REPRESENTATION_CONTEXT() REPRESENTATION_CONTEXT('2D SPACE',''
  ) );
#6471 = PCURVE('',#2146,#6472);
#6472 = DEFINITIONAL_REPRESENTATION('',(#6473),#6477);
#6473 = LINE('',#6474,#6475);
#6474 = CARTESIAN_POINT('',(0.,0.));
#6475 = VECTOR('',#6476,1.);
#6476 = DIRECTION('',(0.,-1.));
#6477 = ( GEOMETRIC_REPRESENTATION_CONTEXT(2) 
PARAMETRIC_REPRESENTATION_CONTEXT() REPRESENTATION_CONTEXT('2D SPACE',''
  ) );
#6478 = ORIENTED_EDGE('',*,*,#6479,.T.);
#6479 = EDGE_CURVE('',#6457,#6480,#6482,.T.);
#6480 = VERTEX_POINT('',#6481);
#6481 = CARTESIAN_POINT('',(31.,16.,26.5));
#6482 = SURFACE_CURVE('',#6483,(#6487,#6494),.PCURVE_S1.);
#6483 = LINE('',#6484,#6485);
#6484 = CARTESIAN_POINT('',(30.,16.,26.5));
#6485 = VECTOR('',#6486,1.);
#6486 = DIRECTION('',(1.,0.,0.));
#6487 = PCURVE('',#2173,#6488);
#6488 = DEFINITIONAL_REPRESENTATION('',(#6489),#6493);
#6489 = LINE('',#6490,#6491);
#6490 = CARTESIAN_POINT('',(0.,0.));
#6491 = VECTOR('',#6492,1.);
#6492 = DIRECTION('',(1.,0.));
#6493 = ( GEOMETRIC_REPRESENTATION_CONTEXT(2) 
PARAMETRIC_REPRESENTATION_CONTEXT() REPRESENTATION_CONTEXT('2D SPACE',''
  ) );
#6494 = PCURVE('',#1768,#6495);
#6495 = DEFINITIONAL_REPRESENTATION('',(#6496),#6500);
#6496 = LINE('',#6497,#6498);
#6497 = CARTESIAN_POINT('',(0.,30.));
#6498 = VECTOR('',#6499,1.);
#6499 = DIRECTION('',(0.,1.));
#6500 = ( GEOMETRIC_REPRESENTATION_CONTEXT(2) 
PARAMETRIC_REPRESENTATION_CONTEXT() REPRESENTATION_CONTEXT('2D SPACE',''
  ) );
#6501 = ORIENTED_EDGE('',*,*,#6502,.T.);
#6502 = EDGE_CURVE('',#6480,#2158,#6503,.T.);
#6503 = SURFACE_CURVE('',#6504,(#6508,#6515),.PCURVE_S1.);
#6504 = LINE('',#6505,#6506);
#6505 = CARTESIAN_POINT('',(31.,16.,26.5));
#6506 = VECTOR('',#6507,1.);
#6507 = DIRECTION('',(0.,1.,0.));
#6508 = PCURVE('',#2173,#6509);
#6509 = DEFINITIONAL_REPRESENTATION('',(#6510),#6514);
#6510 = LINE('',#6511,#6512);
#6511 = CARTESIAN_POINT('',(1.,0.));
#6512 = VECTOR('',#6513,1.);
#6513 = DIRECTION('',(0.,1.));
#6514 = ( GEOMETRIC_REPRESENTATION_CONTEXT(2) 
PARAMETRIC_REPRESENTATION_CONTEXT() REPRESENTATION_CONTEXT('2D SPACE',''
  ) );
#6515 = PCURVE('',#146,#6516);
#6516 = DEFINITIONAL_REPRESENTATION('',(#6517),#6521);
#6517 = LINE('',#6518,#6519);
#6518 = CARTESIAN_POINT('',(-17.6408566794,3.));
#6519 = VECTOR('',#6520,1.);
#6520 = DIRECTION('',(0.,-1.));
#6521 = ( GEOMETRIC_REPRESENTATION_CONTEXT(2) 
PARAMETRIC_REPRESENTATION_CONTEXT() REPRESENTATION_CONTEXT('2D SPACE',''
  ) );
#6522 = ORIENTED_EDGE('',*,*,#2157,.F.);
#6523 = ADVANCED_FACE('',(#6524),#2146,.F.);
#6524 = FACE_BOUND('',#6525,.F.);
#6525 = EDGE_LOOP('',(#6526,#6549,#6570,#6571));
#6526 = ORIENTED_EDGE('',*,*,#6527,.F.);
#6527 = EDGE_CURVE('',#6528,#2104,#6530,.T.);
#6528 = VERTEX_POINT('',#6529);
#6529 = CARTESIAN_POINT('',(30.,16.,75.5));
#6530 = SURFACE_CURVE('',#6531,(#6535,#6542),.PCURVE_S1.);
#6531 = LINE('',#6532,#6533);
#6532 = CARTESIAN_POINT('',(30.,16.,75.5));
#6533 = VECTOR('',#6534,1.);
#6534 = DIRECTION('',(0.,1.,0.));
#6535 = PCURVE('',#2146,#6536);
#6536 = DEFINITIONAL_REPRESENTATION('',(#6537),#6541);
#6537 = LINE('',#6538,#6539);
#6538 = CARTESIAN_POINT('',(49.,0.));
#6539 = VECTOR('',#6540,1.);
#6540 = DIRECTION('',(0.,-1.));
#6541 = ( GEOMETRIC_REPRESENTATION_CONTEXT(2) 
PARAMETRIC_REPRESENTATION_CONTEXT() REPRESENTATION_CONTEXT('2D SPACE',''
  ) );
#6542 = PCURVE('',#2119,#6543);
#6543 = DEFINITIONAL_REPRESENTATION('',(#6544),#6548);
#6544 = LINE('',#6545,#6546);
#6545 = CARTESIAN_POINT('',(30.,0.));
#6546 = VECTOR('',#6547,1.);
#6547 = DIRECTION('',(0.,1.));
#6548 = ( GEOMETRIC_REPRESENTATION_CONTEXT(2) 
PARAMETRIC_REPRESENTATION_CONTEXT() REPRESENTATION_CONTEXT('2D SPACE',''
  ) );
#6549 = ORIENTED_EDGE('',*,*,#6550,.F.);
#6550 = EDGE_CURVE('',#6457,#6528,#6551,.T.);
#6551 = SURFACE_CURVE('',#6552,(#6556,#6563),.PCURVE_S1.);
#6552 = LINE('',#6553,#6554);
#6553 = CARTESIAN_POINT('',(30.,16.,26.5));
#6554 = VECTOR('',#6555,1.);
#6555 = DIRECTION('',(0.,0.,1.));
#6556 = PCURVE('',#2146,#6557);
#6557 = DEFINITIONAL_REPRESENTATION('',(#6558),#6562);
#6558 = LINE('',#6559,#6560);
#6559 = CARTESIAN_POINT('',(0.,0.));
#6560 = VECTOR('',#6561,1.);
#6561 = DIRECTION('',(1.,0.));
#6562 = ( GEOMETRIC_REPRESENTATION_CONTEXT(2) 
PARAMETRIC_REPRESENTATION_CONTEXT() REPRESENTATION_CONTEXT('2D SPACE',''
  ) );
#6563 = PCURVE('',#1768,#6564);
#6564 = DEFINITIONAL_REPRESENTATION('',(#6565),#6569);
#6565 = LINE('',#6566,#6567);
#6566 = CARTESIAN_POINT('',(0.,30.));
#6567 = VECTOR('',#6568,1.);
#6568 = DIRECTION('',(1.,0.));
#6569 = ( GEOMETRIC_REPRESENTATION_CONTEXT(2) 
PARAMETRIC_REPRESENTATION_CONTEXT() REPRESENTATION_CONTEXT('2D SPACE',''
  ) );
#6570 = ORIENTED_EDGE('',*,*,#6456,.T.);
#6571 = ORIENTED_EDGE('',*,*,#2130,.F.);
#6572 = ADVANCED_FACE('',(#6573),#2119,.F.);
#6573 = FACE_BOUND('',#6574,.F.);
#6574 = EDGE_LOOP('',(#6575,#6576,#6599,#6620));
#6575 = ORIENTED_EDGE('',*,*,#2103,.F.);
#6576 = ORIENTED_EDGE('',*,*,#6577,.F.);
#6577 = EDGE_CURVE('',#6578,#2077,#6580,.T.);
#6578 = VERTEX_POINT('',#6579);
#6579 = CARTESIAN_POINT('',(18.5,16.,75.5));
#6580 = SURFACE_CURVE('',#6581,(#6585,#6592),.PCURVE_S1.);
#6581 = LINE('',#6582,#6583);
#6582 = CARTESIAN_POINT('',(18.5,16.,75.5));
#6583 = VECTOR('',#6584,1.);
#6584 = DIRECTION('',(0.,1.,0.));
#6585 = PCURVE('',#2119,#6586);
#6586 = DEFINITIONAL_REPRESENTATION('',(#6587),#6591);
#6587 = LINE('',#6588,#6589);
#6588 = CARTESIAN_POINT('',(18.5,0.));
#6589 = VECTOR('',#6590,1.);
#6590 = DIRECTION('',(0.,1.));
#6591 = ( GEOMETRIC_REPRESENTATION_CONTEXT(2) 
PARAMETRIC_REPRESENTATION_CONTEXT() REPRESENTATION_CONTEXT('2D SPACE',''
  ) );
#6592 = PCURVE('',#2092,#6593);
#6593 = DEFINITIONAL_REPRESENTATION('',(#6594),#6598);
#6594 = LINE('',#6595,#6596);
#6595 = CARTESIAN_POINT('',(7.,0.));
#6596 = VECTOR('',#6597,1.);
#6597 = DIRECTION('',(0.,-1.));
#6598 = ( GEOMETRIC_REPRESENTATION_CONTEXT(2) 
PARAMETRIC_REPRESENTATION_CONTEXT() REPRESENTATION_CONTEXT('2D SPACE',''
  ) );
#6599 = ORIENTED_EDGE('',*,*,#6600,.T.);
#6600 = EDGE_CURVE('',#6578,#6528,#6601,.T.);
#6601 = SURFACE_CURVE('',#6602,(#6606,#6613),.PCURVE_S1.);
#6602 = LINE('',#6603,#6604);
#6603 = CARTESIAN_POINT('',(0.,16.,75.5));
#6604 = VECTOR('',#6605,1.);
#6605 = DIRECTION('',(1.,0.,0.));
#6606 = PCURVE('',#2119,#6607);
#6607 = DEFINITIONAL_REPRESENTATION('',(#6608),#6612);
#6608 = LINE('',#6609,#6610);
#6609 = CARTESIAN_POINT('',(0.,0.));
#6610 = VECTOR('',#6611,1.);
#6611 = DIRECTION('',(1.,0.));
#6612 = ( GEOMETRIC_REPRESENTATION_CONTEXT(2) 
PARAMETRIC_REPRESENTATION_CONTEXT() REPRESENTATION_CONTEXT('2D SPACE',''
  ) );
#6613 = PCURVE('',#1768,#6614);
#6614 = DEFINITIONAL_REPRESENTATION('',(#6615),#6619);
#6615 = LINE('',#6616,#6617);
#6616 = CARTESIAN_POINT('',(49.,0.));
#6617 = VECTOR('',#6618,1.);
#6618 = DIRECTION('',(0.,1.));
#6619 = ( GEOMETRIC_REPRESENTATION_CONTEXT(2) 
PARAMETRIC_REPRESENTATION_CONTEXT() REPRESENTATION_CONTEXT('2D SPACE',''
  ) );
#6620 = ORIENTED_EDGE('',*,*,#6527,.T.);
#6621 = ADVANCED_FACE('',(#6622),#2092,.T.);
#6622 = FACE_BOUND('',#6623,.T.);
#6623 = EDGE_LOOP('',(#6624,#6647,#6675,#6703,#6724,#6725));
#6624 = ORIENTED_EDGE('',*,*,#6625,.F.);
#6625 = EDGE_CURVE('',#6626,#6578,#6628,.T.);
#6626 = VERTEX_POINT('',#6627);
#6627 = CARTESIAN_POINT('',(18.5,16.,68.5));
#6628 = SURFACE_CURVE('',#6629,(#6633,#6640),.PCURVE_S1.);
#6629 = LINE('',#6630,#6631);
#6630 = CARTESIAN_POINT('',(18.5,16.,68.5));
#6631 = VECTOR('',#6632,1.);
#6632 = DIRECTION('',(0.,0.,1.));
#6633 = PCURVE('',#2092,#6634);
#6634 = DEFINITIONAL_REPRESENTATION('',(#6635),#6639);
#6635 = LINE('',#6636,#6637);
#6636 = CARTESIAN_POINT('',(0.,0.));
#6637 = VECTOR('',#6638,1.);
#6638 = DIRECTION('',(1.,0.));
#6639 = ( GEOMETRIC_REPRESENTATION_CONTEXT(2) 
PARAMETRIC_REPRESENTATION_CONTEXT() REPRESENTATION_CONTEXT('2D SPACE',''
  ) );
#6640 = PCURVE('',#1768,#6641);
#6641 = DEFINITIONAL_REPRESENTATION('',(#6642),#6646);
#6642 = LINE('',#6643,#6644);
#6643 = CARTESIAN_POINT('',(42.,18.5));
#6644 = VECTOR('',#6645,1.);
#6645 = DIRECTION('',(1.,0.));
#6646 = ( GEOMETRIC_REPRESENTATION_CONTEXT(2) 
PARAMETRIC_REPRESENTATION_CONTEXT() REPRESENTATION_CONTEXT('2D SPACE',''
  ) );
#6647 = ORIENTED_EDGE('',*,*,#6648,.T.);
#6648 = EDGE_CURVE('',#6626,#6649,#6651,.T.);
#6649 = VERTEX_POINT('',#6650);
#6650 = CARTESIAN_POINT('',(18.5,17.,68.5));
#6651 = SURFACE_CURVE('',#6652,(#6656,#6663),.PCURVE_S1.);
#6652 = LINE('',#6653,#6654);
#6653 = CARTESIAN_POINT('',(18.5,16.,68.5));
#6654 = VECTOR('',#6655,1.);
#6655 = DIRECTION('',(0.,1.,0.));
#6656 = PCURVE('',#2092,#6657);
#6657 = DEFINITIONAL_REPRESENTATION('',(#6658),#6662);
#6658 = LINE('',#6659,#6660);
#6659 = CARTESIAN_POINT('',(0.,0.));
#6660 = VECTOR('',#6661,1.);
#6661 = DIRECTION('',(0.,-1.));
#6662 = ( GEOMETRIC_REPRESENTATION_CONTEXT(2) 
PARAMETRIC_REPRESENTATION_CONTEXT() REPRESENTATION_CONTEXT('2D SPACE',''
  ) );
#6663 = PCURVE('',#6664,#6669);
#6664 = PLANE('',#6665);
#6665 = AXIS2_PLACEMENT_3D('',#6666,#6667,#6668);
#6666 = CARTESIAN_POINT('',(12.5,16.,68.5));
#6667 = DIRECTION('',(0.,0.,1.));
#6668 = DIRECTION('',(1.,0.,0.));
#6669 = DEFINITIONAL_REPRESENTATION('',(#6670),#6674);
#6670 = LINE('',#6671,#6672);
#6671 = CARTESIAN_POINT('',(6.,0.));
#6672 = VECTOR('',#6673,1.);
#6673 = DIRECTION('',(0.,1.));
#6674 = ( GEOMETRIC_REPRESENTATION_CONTEXT(2) 
PARAMETRIC_REPRESENTATION_CONTEXT() REPRESENTATION_CONTEXT('2D SPACE',''
  ) );
#6675 = ORIENTED_EDGE('',*,*,#6676,.T.);
#6676 = EDGE_CURVE('',#6649,#6677,#6679,.T.);
#6677 = VERTEX_POINT('',#6678);
#6678 = CARTESIAN_POINT('',(18.5,17.,73.));
#6679 = SURFACE_CURVE('',#6680,(#6684,#6691),.PCURVE_S1.);
#6680 = LINE('',#6681,#6682);
#6681 = CARTESIAN_POINT('',(18.5,17.,68.5));
#6682 = VECTOR('',#6683,1.);
#6683 = DIRECTION('',(0.,0.,1.));
#6684 = PCURVE('',#2092,#6685);
#6685 = DEFINITIONAL_REPRESENTATION('',(#6686),#6690);
#6686 = LINE('',#6687,#6688);
#6687 = CARTESIAN_POINT('',(0.,-1.));
#6688 = VECTOR('',#6689,1.);
#6689 = DIRECTION('',(1.,0.));
#6690 = ( GEOMETRIC_REPRESENTATION_CONTEXT(2) 
PARAMETRIC_REPRESENTATION_CONTEXT() REPRESENTATION_CONTEXT('2D SPACE',''
  ) );
#6691 = PCURVE('',#6692,#6697);
#6692 = PLANE('',#6693);
#6693 = AXIS2_PLACEMENT_3D('',#6694,#6695,#6696);
#6694 = CARTESIAN_POINT('',(12.5,17.,68.5));
#6695 = DIRECTION('',(0.,1.,0.));
#6696 = DIRECTION('',(0.,0.,1.));
#6697 = DEFINITIONAL_REPRESENTATION('',(#6698),#6702);
#6698 = LINE('',#6699,#6700);
#6699 = CARTESIAN_POINT('',(0.,6.));
#6700 = VECTOR('',#6701,1.);
#6701 = DIRECTION('',(1.,0.));
#6702 = ( GEOMETRIC_REPRESENTATION_CONTEXT(2) 
PARAMETRIC_REPRESENTATION_CONTEXT() REPRESENTATION_CONTEXT('2D SPACE',''
  ) );
#6703 = ORIENTED_EDGE('',*,*,#6704,.T.);
#6704 = EDGE_CURVE('',#6677,#2050,#6705,.T.);
#6705 = SURFACE_CURVE('',#6706,(#6710,#6717),.PCURVE_S1.);
#6706 = LINE('',#6707,#6708);
#6707 = CARTESIAN_POINT('',(18.5,16.,73.));
#6708 = VECTOR('',#6709,1.);
#6709 = DIRECTION('',(0.,1.,0.));
#6710 = PCURVE('',#2092,#6711);
#6711 = DEFINITIONAL_REPRESENTATION('',(#6712),#6716);
#6712 = LINE('',#6713,#6714);
#6713 = CARTESIAN_POINT('',(4.5,0.));
#6714 = VECTOR('',#6715,1.);
#6715 = DIRECTION('',(0.,-1.));
#6716 = ( GEOMETRIC_REPRESENTATION_CONTEXT(2) 
PARAMETRIC_REPRESENTATION_CONTEXT() REPRESENTATION_CONTEXT('2D SPACE',''
  ) );
#6717 = PCURVE('',#2065,#6718);
#6718 = DEFINITIONAL_REPRESENTATION('',(#6719),#6723);
#6719 = LINE('',#6720,#6721);
#6720 = CARTESIAN_POINT('',(1.,0.));
#6721 = VECTOR('',#6722,1.);
#6722 = DIRECTION('',(0.,1.));
#6723 = ( GEOMETRIC_REPRESENTATION_CONTEXT(2) 
PARAMETRIC_REPRESENTATION_CONTEXT() REPRESENTATION_CONTEXT('2D SPACE',''
  ) );
#6724 = ORIENTED_EDGE('',*,*,#2076,.F.);
#6725 = ORIENTED_EDGE('',*,*,#6577,.F.);
#6726 = ADVANCED_FACE('',(#6727),#6664,.F.);
#6727 = FACE_BOUND('',#6728,.F.);
#6728 = EDGE_LOOP('',(#6729,#6754,#6775,#6776));
#6729 = ORIENTED_EDGE('',*,*,#6730,.F.);
#6730 = EDGE_CURVE('',#6731,#6733,#6735,.T.);
#6731 = VERTEX_POINT('',#6732);
#6732 = CARTESIAN_POINT('',(12.5,16.,68.5));
#6733 = VERTEX_POINT('',#6734);
#6734 = CARTESIAN_POINT('',(12.5,17.,68.5));
#6735 = SURFACE_CURVE('',#6736,(#6740,#6747),.PCURVE_S1.);
#6736 = LINE('',#6737,#6738);
#6737 = CARTESIAN_POINT('',(12.5,16.,68.5));
#6738 = VECTOR('',#6739,1.);
#6739 = DIRECTION('',(0.,1.,0.));
#6740 = PCURVE('',#6664,#6741);
#6741 = DEFINITIONAL_REPRESENTATION('',(#6742),#6746);
#6742 = LINE('',#6743,#6744);
#6743 = CARTESIAN_POINT('',(0.,0.));
#6744 = VECTOR('',#6745,1.);
#6745 = DIRECTION('',(0.,1.));
#6746 = ( GEOMETRIC_REPRESENTATION_CONTEXT(2) 
PARAMETRIC_REPRESENTATION_CONTEXT() REPRESENTATION_CONTEXT('2D SPACE',''
  ) );
#6747 = PCURVE('',#1930,#6748);
#6748 = DEFINITIONAL_REPRESENTATION('',(#6749),#6753);
#6749 = LINE('',#6750,#6751);
#6750 = CARTESIAN_POINT('',(-4.5,0.));
#6751 = VECTOR('',#6752,1.);
#6752 = DIRECTION('',(0.,-1.));
#6753 = ( GEOMETRIC_REPRESENTATION_CONTEXT(2) 
PARAMETRIC_REPRESENTATION_CONTEXT() REPRESENTATION_CONTEXT('2D SPACE',''
  ) );
#6754 = ORIENTED_EDGE('',*,*,#6755,.T.);
#6755 = EDGE_CURVE('',#6731,#6626,#6756,.T.);
#6756 = SURFACE_CURVE('',#6757,(#6761,#6768),.PCURVE_S1.);
#6757 = LINE('',#6758,#6759);
#6758 = CARTESIAN_POINT('',(12.5,16.,68.5));
#6759 = VECTOR('',#6760,1.);
#6760 = DIRECTION('',(1.,0.,0.));
#6761 = PCURVE('',#6664,#6762);
#6762 = DEFINITIONAL_REPRESENTATION('',(#6763),#6767);
#6763 = LINE('',#6764,#6765);
#6764 = CARTESIAN_POINT('',(0.,0.));
#6765 = VECTOR('',#6766,1.);
#6766 = DIRECTION('',(1.,0.));
#6767 = ( GEOMETRIC_REPRESENTATION_CONTEXT(2) 
PARAMETRIC_REPRESENTATION_CONTEXT() REPRESENTATION_CONTEXT('2D SPACE',''
  ) );
#6768 = PCURVE('',#1768,#6769);
#6769 = DEFINITIONAL_REPRESENTATION('',(#6770),#6774);
#6770 = LINE('',#6771,#6772);
#6771 = CARTESIAN_POINT('',(42.,12.5));
#6772 = VECTOR('',#6773,1.);
#6773 = DIRECTION('',(0.,1.));
#6774 = ( GEOMETRIC_REPRESENTATION_CONTEXT(2) 
PARAMETRIC_REPRESENTATION_CONTEXT() REPRESENTATION_CONTEXT('2D SPACE',''
  ) );
#6775 = ORIENTED_EDGE('',*,*,#6648,.T.);
#6776 = ORIENTED_EDGE('',*,*,#6777,.F.);
#6777 = EDGE_CURVE('',#6733,#6649,#6778,.T.);
#6778 = SURFACE_CURVE('',#6779,(#6783,#6790),.PCURVE_S1.);
#6779 = LINE('',#6780,#6781);
#6780 = CARTESIAN_POINT('',(12.5,17.,68.5));
#6781 = VECTOR('',#6782,1.);
#6782 = DIRECTION('',(1.,0.,0.));
#6783 = PCURVE('',#6664,#6784);
#6784 = DEFINITIONAL_REPRESENTATION('',(#6785),#6789);
#6785 = LINE('',#6786,#6787);
#6786 = CARTESIAN_POINT('',(0.,1.));
#6787 = VECTOR('',#6788,1.);
#6788 = DIRECTION('',(1.,0.));
#6789 = ( GEOMETRIC_REPRESENTATION_CONTEXT(2) 
PARAMETRIC_REPRESENTATION_CONTEXT() REPRESENTATION_CONTEXT('2D SPACE',''
  ) );
#6790 = PCURVE('',#6692,#6791);
#6791 = DEFINITIONAL_REPRESENTATION('',(#6792),#6796);
#6792 = LINE('',#6793,#6794);
#6793 = CARTESIAN_POINT('',(0.,0.));
#6794 = VECTOR('',#6795,1.);
#6795 = DIRECTION('',(0.,1.));
#6796 = ( GEOMETRIC_REPRESENTATION_CONTEXT(2) 
PARAMETRIC_REPRESENTATION_CONTEXT() REPRESENTATION_CONTEXT('2D SPACE',''
  ) );
#6797 = ADVANCED_FACE('',(#6798),#6692,.T.);
#6798 = FACE_BOUND('',#6799,.T.);
#6799 = EDGE_LOOP('',(#6800,#6801,#6824,#6847,#6875,#6896));
#6800 = ORIENTED_EDGE('',*,*,#6777,.F.);
#6801 = ORIENTED_EDGE('',*,*,#6802,.T.);
#6802 = EDGE_CURVE('',#6733,#6803,#6805,.T.);
#6803 = VERTEX_POINT('',#6804);
#6804 = CARTESIAN_POINT('',(12.5,17.,73.));
#6805 = SURFACE_CURVE('',#6806,(#6810,#6817),.PCURVE_S1.);
#6806 = LINE('',#6807,#6808);
#6807 = CARTESIAN_POINT('',(12.5,17.,68.5));
#6808 = VECTOR('',#6809,1.);
#6809 = DIRECTION('',(0.,0.,1.));
#6810 = PCURVE('',#6692,#6811);
#6811 = DEFINITIONAL_REPRESENTATION('',(#6812),#6816);
#6812 = LINE('',#6813,#6814);
#6813 = CARTESIAN_POINT('',(0.,0.));
#6814 = VECTOR('',#6815,1.);
#6815 = DIRECTION('',(1.,0.));
#6816 = ( GEOMETRIC_REPRESENTATION_CONTEXT(2) 
PARAMETRIC_REPRESENTATION_CONTEXT() REPRESENTATION_CONTEXT('2D SPACE',''
  ) );
#6817 = PCURVE('',#1930,#6818);
#6818 = DEFINITIONAL_REPRESENTATION('',(#6819),#6823);
#6819 = LINE('',#6820,#6821);
#6820 = CARTESIAN_POINT('',(-4.5,-1.));
#6821 = VECTOR('',#6822,1.);
#6822 = DIRECTION('',(1.,0.));
#6823 = ( GEOMETRIC_REPRESENTATION_CONTEXT(2) 
PARAMETRIC_REPRESENTATION_CONTEXT() REPRESENTATION_CONTEXT('2D SPACE',''
  ) );
#6824 = ORIENTED_EDGE('',*,*,#6825,.T.);
#6825 = EDGE_CURVE('',#6803,#6826,#6828,.T.);
#6826 = VERTEX_POINT('',#6827);
#6827 = CARTESIAN_POINT('',(13.5,17.,73.));
#6828 = SURFACE_CURVE('',#6829,(#6833,#6840),.PCURVE_S1.);
#6829 = LINE('',#6830,#6831);
#6830 = CARTESIAN_POINT('',(12.5,17.,73.));
#6831 = VECTOR('',#6832,1.);
#6832 = DIRECTION('',(1.,0.,0.));
#6833 = PCURVE('',#6692,#6834);
#6834 = DEFINITIONAL_REPRESENTATION('',(#6835),#6839);
#6835 = LINE('',#6836,#6837);
#6836 = CARTESIAN_POINT('',(4.5,0.));
#6837 = VECTOR('',#6838,1.);
#6838 = DIRECTION('',(0.,1.));
#6839 = ( GEOMETRIC_REPRESENTATION_CONTEXT(2) 
PARAMETRIC_REPRESENTATION_CONTEXT() REPRESENTATION_CONTEXT('2D SPACE',''
  ) );
#6840 = PCURVE('',#1957,#6841);
#6841 = DEFINITIONAL_REPRESENTATION('',(#6842),#6846);
#6842 = LINE('',#6843,#6844);
#6843 = CARTESIAN_POINT('',(0.,1.));
#6844 = VECTOR('',#6845,1.);
#6845 = DIRECTION('',(1.,0.));
#6846 = ( GEOMETRIC_REPRESENTATION_CONTEXT(2) 
PARAMETRIC_REPRESENTATION_CONTEXT() REPRESENTATION_CONTEXT('2D SPACE',''
  ) );
#6847 = ORIENTED_EDGE('',*,*,#6848,.T.);
#6848 = EDGE_CURVE('',#6826,#6849,#6851,.T.);
#6849 = VERTEX_POINT('',#6850);
#6850 = CARTESIAN_POINT('',(17.5,17.,73.));
#6851 = SURFACE_CURVE('',#6852,(#6856,#6863),.PCURVE_S1.);
#6852 = LINE('',#6853,#6854);
#6853 = CARTESIAN_POINT('',(12.5,17.,73.));
#6854 = VECTOR('',#6855,1.);
#6855 = DIRECTION('',(1.,0.,0.));
#6856 = PCURVE('',#6692,#6857);
#6857 = DEFINITIONAL_REPRESENTATION('',(#6858),#6862);
#6858 = LINE('',#6859,#6860);
#6859 = CARTESIAN_POINT('',(4.5,0.));
#6860 = VECTOR('',#6861,1.);
#6861 = DIRECTION('',(0.,1.));
#6862 = ( GEOMETRIC_REPRESENTATION_CONTEXT(2) 
PARAMETRIC_REPRESENTATION_CONTEXT() REPRESENTATION_CONTEXT('2D SPACE',''
  ) );
#6863 = PCURVE('',#6864,#6869);
#6864 = PLANE('',#6865);
#6865 = AXIS2_PLACEMENT_3D('',#6866,#6867,#6868);
#6866 = CARTESIAN_POINT('',(12.5,16.,73.));
#6867 = DIRECTION('',(0.,0.,1.));
#6868 = DIRECTION('',(1.,0.,0.));
#6869 = DEFINITIONAL_REPRESENTATION('',(#6870),#6874);
#6870 = LINE('',#6871,#6872);
#6871 = CARTESIAN_POINT('',(0.,1.));
#6872 = VECTOR('',#6873,1.);
#6873 = DIRECTION('',(1.,0.));
#6874 = ( GEOMETRIC_REPRESENTATION_CONTEXT(2) 
PARAMETRIC_REPRESENTATION_CONTEXT() REPRESENTATION_CONTEXT('2D SPACE',''
  ) );
#6875 = ORIENTED_EDGE('',*,*,#6876,.T.);
#6876 = EDGE_CURVE('',#6849,#6677,#6877,.T.);
#6877 = SURFACE_CURVE('',#6878,(#6882,#6889),.PCURVE_S1.);
#6878 = LINE('',#6879,#6880);
#6879 = CARTESIAN_POINT('',(12.5,17.,73.));
#6880 = VECTOR('',#6881,1.);
#6881 = DIRECTION('',(1.,0.,0.));
#6882 = PCURVE('',#6692,#6883);
#6883 = DEFINITIONAL_REPRESENTATION('',(#6884),#6888);
#6884 = LINE('',#6885,#6886);
#6885 = CARTESIAN_POINT('',(4.5,0.));
#6886 = VECTOR('',#6887,1.);
#6887 = DIRECTION('',(0.,1.));
#6888 = ( GEOMETRIC_REPRESENTATION_CONTEXT(2) 
PARAMETRIC_REPRESENTATION_CONTEXT() REPRESENTATION_CONTEXT('2D SPACE',''
  ) );
#6889 = PCURVE('',#2065,#6890);
#6890 = DEFINITIONAL_REPRESENTATION('',(#6891),#6895);
#6891 = LINE('',#6892,#6893);
#6892 = CARTESIAN_POINT('',(-5.,1.));
#6893 = VECTOR('',#6894,1.);
#6894 = DIRECTION('',(1.,0.));
#6895 = ( GEOMETRIC_REPRESENTATION_CONTEXT(2) 
PARAMETRIC_REPRESENTATION_CONTEXT() REPRESENTATION_CONTEXT('2D SPACE',''
  ) );
#6896 = ORIENTED_EDGE('',*,*,#6676,.F.);
#6897 = ADVANCED_FACE('',(#6898),#6864,.T.);
#6898 = FACE_BOUND('',#6899,.T.);
#6899 = EDGE_LOOP('',(#6900,#6923,#6946,#6967));
#6900 = ORIENTED_EDGE('',*,*,#6901,.F.);
#6901 = EDGE_CURVE('',#6902,#6826,#6904,.T.);
#6902 = VERTEX_POINT('',#6903);
#6903 = CARTESIAN_POINT('',(13.5,16.,73.));
#6904 = SURFACE_CURVE('',#6905,(#6909,#6916),.PCURVE_S1.);
#6905 = LINE('',#6906,#6907);
#6906 = CARTESIAN_POINT('',(13.5,16.,73.));
#6907 = VECTOR('',#6908,1.);
#6908 = DIRECTION('',(0.,1.,0.));
#6909 = PCURVE('',#6864,#6910);
#6910 = DEFINITIONAL_REPRESENTATION('',(#6911),#6915);
#6911 = LINE('',#6912,#6913);
#6912 = CARTESIAN_POINT('',(1.,0.));
#6913 = VECTOR('',#6914,1.);
#6914 = DIRECTION('',(0.,1.));
#6915 = ( GEOMETRIC_REPRESENTATION_CONTEXT(2) 
PARAMETRIC_REPRESENTATION_CONTEXT() REPRESENTATION_CONTEXT('2D SPACE',''
  ) );
#6916 = PCURVE('',#1984,#6917);
#6917 = DEFINITIONAL_REPRESENTATION('',(#6918),#6922);
#6918 = LINE('',#6919,#6920);
#6919 = CARTESIAN_POINT('',(0.,0.));
#6920 = VECTOR('',#6921,1.);
#6921 = DIRECTION('',(0.,-1.));
#6922 = ( GEOMETRIC_REPRESENTATION_CONTEXT(2) 
PARAMETRIC_REPRESENTATION_CONTEXT() REPRESENTATION_CONTEXT('2D SPACE',''
  ) );
#6923 = ORIENTED_EDGE('',*,*,#6924,.T.);
#6924 = EDGE_CURVE('',#6902,#6925,#6927,.T.);
#6925 = VERTEX_POINT('',#6926);
#6926 = CARTESIAN_POINT('',(17.5,16.,73.));
#6927 = SURFACE_CURVE('',#6928,(#6932,#6939),.PCURVE_S1.);
#6928 = LINE('',#6929,#6930);
#6929 = CARTESIAN_POINT('',(12.5,16.,73.));
#6930 = VECTOR('',#6931,1.);
#6931 = DIRECTION('',(1.,0.,0.));
#6932 = PCURVE('',#6864,#6933);
#6933 = DEFINITIONAL_REPRESENTATION('',(#6934),#6938);
#6934 = LINE('',#6935,#6936);
#6935 = CARTESIAN_POINT('',(0.,0.));
#6936 = VECTOR('',#6937,1.);
#6937 = DIRECTION('',(1.,0.));
#6938 = ( GEOMETRIC_REPRESENTATION_CONTEXT(2) 
PARAMETRIC_REPRESENTATION_CONTEXT() REPRESENTATION_CONTEXT('2D SPACE',''
  ) );
#6939 = PCURVE('',#1768,#6940);
#6940 = DEFINITIONAL_REPRESENTATION('',(#6941),#6945);
#6941 = LINE('',#6942,#6943);
#6942 = CARTESIAN_POINT('',(46.5,12.5));
#6943 = VECTOR('',#6944,1.);
#6944 = DIRECTION('',(0.,1.));
#6945 = ( GEOMETRIC_REPRESENTATION_CONTEXT(2) 
PARAMETRIC_REPRESENTATION_CONTEXT() REPRESENTATION_CONTEXT('2D SPACE',''
  ) );
#6946 = ORIENTED_EDGE('',*,*,#6947,.T.);
#6947 = EDGE_CURVE('',#6925,#6849,#6948,.T.);
#6948 = SURFACE_CURVE('',#6949,(#6953,#6960),.PCURVE_S1.);
#6949 = LINE('',#6950,#6951);
#6950 = CARTESIAN_POINT('',(17.5,16.,73.));
#6951 = VECTOR('',#6952,1.);
#6952 = DIRECTION('',(0.,1.,0.));
#6953 = PCURVE('',#6864,#6954);
#6954 = DEFINITIONAL_REPRESENTATION('',(#6955),#6959);
#6955 = LINE('',#6956,#6957);
#6956 = CARTESIAN_POINT('',(5.,0.));
#6957 = VECTOR('',#6958,1.);
#6958 = DIRECTION('',(0.,1.));
#6959 = ( GEOMETRIC_REPRESENTATION_CONTEXT(2) 
PARAMETRIC_REPRESENTATION_CONTEXT() REPRESENTATION_CONTEXT('2D SPACE',''
  ) );
#6960 = PCURVE('',#2038,#6961);
#6961 = DEFINITIONAL_REPRESENTATION('',(#6962),#6966);
#6962 = LINE('',#6963,#6964);
#6963 = CARTESIAN_POINT('',(0.,0.));
#6964 = VECTOR('',#6965,1.);
#6965 = DIRECTION('',(0.,-1.));
#6966 = ( GEOMETRIC_REPRESENTATION_CONTEXT(2) 
PARAMETRIC_REPRESENTATION_CONTEXT() REPRESENTATION_CONTEXT('2D SPACE',''
  ) );
#6967 = ORIENTED_EDGE('',*,*,#6848,.F.);
#6968 = ADVANCED_FACE('',(#6969),#2065,.F.);
#6969 = FACE_BOUND('',#6970,.F.);
#6970 = EDGE_LOOP('',(#6971,#6992,#6993,#6994));
#6971 = ORIENTED_EDGE('',*,*,#6972,.F.);
#6972 = EDGE_CURVE('',#6849,#2023,#6973,.T.);
#6973 = SURFACE_CURVE('',#6974,(#6978,#6985),.PCURVE_S1.);
#6974 = LINE('',#6975,#6976);
#6975 = CARTESIAN_POINT('',(17.5,16.,73.));
#6976 = VECTOR('',#6977,1.);
#6977 = DIRECTION('',(0.,1.,0.));
#6978 = PCURVE('',#2065,#6979);
#6979 = DEFINITIONAL_REPRESENTATION('',(#6980),#6984);
#6980 = LINE('',#6981,#6982);
#6981 = CARTESIAN_POINT('',(0.,0.));
#6982 = VECTOR('',#6983,1.);
#6983 = DIRECTION('',(0.,1.));
#6984 = ( GEOMETRIC_REPRESENTATION_CONTEXT(2) 
PARAMETRIC_REPRESENTATION_CONTEXT() REPRESENTATION_CONTEXT('2D SPACE',''
  ) );
#6985 = PCURVE('',#2038,#6986);
#6986 = DEFINITIONAL_REPRESENTATION('',(#6987),#6991);
#6987 = LINE('',#6988,#6989);
#6988 = CARTESIAN_POINT('',(0.,0.));
#6989 = VECTOR('',#6990,1.);
#6990 = DIRECTION('',(0.,-1.));
#6991 = ( GEOMETRIC_REPRESENTATION_CONTEXT(2) 
PARAMETRIC_REPRESENTATION_CONTEXT() REPRESENTATION_CONTEXT('2D SPACE',''
  ) );
#6992 = ORIENTED_EDGE('',*,*,#6876,.T.);
#6993 = ORIENTED_EDGE('',*,*,#6704,.T.);
#6994 = ORIENTED_EDGE('',*,*,#2049,.F.);
#6995 = ADVANCED_FACE('',(#6996),#2038,.F.);
#6996 = FACE_BOUND('',#6997,.F.);
#6997 = EDGE_LOOP('',(#6998,#7021,#7042,#7043,#7044));
#6998 = ORIENTED_EDGE('',*,*,#6999,.F.);
#6999 = EDGE_CURVE('',#7000,#1996,#7002,.T.);
#7000 = VERTEX_POINT('',#7001);
#7001 = CARTESIAN_POINT('',(17.5,16.,75.5));
#7002 = SURFACE_CURVE('',#7003,(#7007,#7014),.PCURVE_S1.);
#7003 = LINE('',#7004,#7005);
#7004 = CARTESIAN_POINT('',(17.5,16.,75.5));
#7005 = VECTOR('',#7006,1.);
#7006 = DIRECTION('',(0.,1.,0.));
#7007 = PCURVE('',#2038,#7008);
#7008 = DEFINITIONAL_REPRESENTATION('',(#7009),#7013);
#7009 = LINE('',#7010,#7011);
#7010 = CARTESIAN_POINT('',(2.5,0.));
#7011 = VECTOR('',#7012,1.);
#7012 = DIRECTION('',(0.,-1.));
#7013 = ( GEOMETRIC_REPRESENTATION_CONTEXT(2) 
PARAMETRIC_REPRESENTATION_CONTEXT() REPRESENTATION_CONTEXT('2D SPACE',''
  ) );
#7014 = PCURVE('',#2011,#7015);
#7015 = DEFINITIONAL_REPRESENTATION('',(#7016),#7020);
#7016 = LINE('',#7017,#7018);
#7017 = CARTESIAN_POINT('',(17.5,0.));
#7018 = VECTOR('',#7019,1.);
#7019 = DIRECTION('',(0.,1.));
#7020 = ( GEOMETRIC_REPRESENTATION_CONTEXT(2) 
PARAMETRIC_REPRESENTATION_CONTEXT() REPRESENTATION_CONTEXT('2D SPACE',''
  ) );
#7021 = ORIENTED_EDGE('',*,*,#7022,.F.);
#7022 = EDGE_CURVE('',#6925,#7000,#7023,.T.);
#7023 = SURFACE_CURVE('',#7024,(#7028,#7035),.PCURVE_S1.);
#7024 = LINE('',#7025,#7026);
#7025 = CARTESIAN_POINT('',(17.5,16.,73.));
#7026 = VECTOR('',#7027,1.);
#7027 = DIRECTION('',(0.,0.,1.));
#7028 = PCURVE('',#2038,#7029);
#7029 = DEFINITIONAL_REPRESENTATION('',(#7030),#7034);
#7030 = LINE('',#7031,#7032);
#7031 = CARTESIAN_POINT('',(0.,0.));
#7032 = VECTOR('',#7033,1.);
#7033 = DIRECTION('',(1.,0.));
#7034 = ( GEOMETRIC_REPRESENTATION_CONTEXT(2) 
PARAMETRIC_REPRESENTATION_CONTEXT() REPRESENTATION_CONTEXT('2D SPACE',''
  ) );
#7035 = PCURVE('',#1768,#7036);
#7036 = DEFINITIONAL_REPRESENTATION('',(#7037),#7041);
#7037 = LINE('',#7038,#7039);
#7038 = CARTESIAN_POINT('',(46.5,17.5));
#7039 = VECTOR('',#7040,1.);
#7040 = DIRECTION('',(1.,0.));
#7041 = ( GEOMETRIC_REPRESENTATION_CONTEXT(2) 
PARAMETRIC_REPRESENTATION_CONTEXT() REPRESENTATION_CONTEXT('2D SPACE',''
  ) );
#7042 = ORIENTED_EDGE('',*,*,#6947,.T.);
#7043 = ORIENTED_EDGE('',*,*,#6972,.T.);
#7044 = ORIENTED_EDGE('',*,*,#2022,.F.);
#7045 = ADVANCED_FACE('',(#7046),#2011,.F.);
#7046 = FACE_BOUND('',#7047,.F.);
#7047 = EDGE_LOOP('',(#7048,#7049,#7072,#7093));
#7048 = ORIENTED_EDGE('',*,*,#1995,.F.);
#7049 = ORIENTED_EDGE('',*,*,#7050,.F.);
#7050 = EDGE_CURVE('',#7051,#1969,#7053,.T.);
#7051 = VERTEX_POINT('',#7052);
#7052 = CARTESIAN_POINT('',(13.5,16.,75.5));
#7053 = SURFACE_CURVE('',#7054,(#7058,#7065),.PCURVE_S1.);
#7054 = LINE('',#7055,#7056);
#7055 = CARTESIAN_POINT('',(13.5,16.,75.5));
#7056 = VECTOR('',#7057,1.);
#7057 = DIRECTION('',(0.,1.,0.));
#7058 = PCURVE('',#2011,#7059);
#7059 = DEFINITIONAL_REPRESENTATION('',(#7060),#7064);
#7060 = LINE('',#7061,#7062);
#7061 = CARTESIAN_POINT('',(13.5,0.));
#7062 = VECTOR('',#7063,1.);
#7063 = DIRECTION('',(0.,1.));
#7064 = ( GEOMETRIC_REPRESENTATION_CONTEXT(2) 
PARAMETRIC_REPRESENTATION_CONTEXT() REPRESENTATION_CONTEXT('2D SPACE',''
  ) );
#7065 = PCURVE('',#1984,#7066);
#7066 = DEFINITIONAL_REPRESENTATION('',(#7067),#7071);
#7067 = LINE('',#7068,#7069);
#7068 = CARTESIAN_POINT('',(2.5,0.));
#7069 = VECTOR('',#7070,1.);
#7070 = DIRECTION('',(0.,-1.));
#7071 = ( GEOMETRIC_REPRESENTATION_CONTEXT(2) 
PARAMETRIC_REPRESENTATION_CONTEXT() REPRESENTATION_CONTEXT('2D SPACE',''
  ) );
#7072 = ORIENTED_EDGE('',*,*,#7073,.T.);
#7073 = EDGE_CURVE('',#7051,#7000,#7074,.T.);
#7074 = SURFACE_CURVE('',#7075,(#7079,#7086),.PCURVE_S1.);
#7075 = LINE('',#7076,#7077);
#7076 = CARTESIAN_POINT('',(0.,16.,75.5));
#7077 = VECTOR('',#7078,1.);
#7078 = DIRECTION('',(1.,0.,0.));
#7079 = PCURVE('',#2011,#7080);
#7080 = DEFINITIONAL_REPRESENTATION('',(#7081),#7085);
#7081 = LINE('',#7082,#7083);
#7082 = CARTESIAN_POINT('',(0.,0.));
#7083 = VECTOR('',#7084,1.);
#7084 = DIRECTION('',(1.,0.));
#7085 = ( GEOMETRIC_REPRESENTATION_CONTEXT(2) 
PARAMETRIC_REPRESENTATION_CONTEXT() REPRESENTATION_CONTEXT('2D SPACE',''
  ) );
#7086 = PCURVE('',#1768,#7087);
#7087 = DEFINITIONAL_REPRESENTATION('',(#7088),#7092);
#7088 = LINE('',#7089,#7090);
#7089 = CARTESIAN_POINT('',(49.,0.));
#7090 = VECTOR('',#7091,1.);
#7091 = DIRECTION('',(0.,1.));
#7092 = ( GEOMETRIC_REPRESENTATION_CONTEXT(2) 
PARAMETRIC_REPRESENTATION_CONTEXT() REPRESENTATION_CONTEXT('2D SPACE',''
  ) );
#7093 = ORIENTED_EDGE('',*,*,#6999,.T.);
#7094 = ADVANCED_FACE('',(#7095),#1984,.T.);
#7095 = FACE_BOUND('',#7096,.T.);
#7096 = EDGE_LOOP('',(#7097,#7098,#7119,#7120,#7141));
#7097 = ORIENTED_EDGE('',*,*,#7050,.F.);
#7098 = ORIENTED_EDGE('',*,*,#7099,.F.);
#7099 = EDGE_CURVE('',#6902,#7051,#7100,.T.);
#7100 = SURFACE_CURVE('',#7101,(#7105,#7112),.PCURVE_S1.);
#7101 = LINE('',#7102,#7103);
#7102 = CARTESIAN_POINT('',(13.5,16.,73.));
#7103 = VECTOR('',#7104,1.);
#7104 = DIRECTION('',(0.,0.,1.));
#7105 = PCURVE('',#1984,#7106);
#7106 = DEFINITIONAL_REPRESENTATION('',(#7107),#7111);
#7107 = LINE('',#7108,#7109);
#7108 = CARTESIAN_POINT('',(0.,0.));
#7109 = VECTOR('',#7110,1.);
#7110 = DIRECTION('',(1.,0.));
#7111 = ( GEOMETRIC_REPRESENTATION_CONTEXT(2) 
PARAMETRIC_REPRESENTATION_CONTEXT() REPRESENTATION_CONTEXT('2D SPACE',''
  ) );
#7112 = PCURVE('',#1768,#7113);
#7113 = DEFINITIONAL_REPRESENTATION('',(#7114),#7118);
#7114 = LINE('',#7115,#7116);
#7115 = CARTESIAN_POINT('',(46.5,13.5));
#7116 = VECTOR('',#7117,1.);
#7117 = DIRECTION('',(1.,0.));
#7118 = ( GEOMETRIC_REPRESENTATION_CONTEXT(2) 
PARAMETRIC_REPRESENTATION_CONTEXT() REPRESENTATION_CONTEXT('2D SPACE',''
  ) );
#7119 = ORIENTED_EDGE('',*,*,#6901,.T.);
#7120 = ORIENTED_EDGE('',*,*,#7121,.T.);
#7121 = EDGE_CURVE('',#6826,#1942,#7122,.T.);
#7122 = SURFACE_CURVE('',#7123,(#7127,#7134),.PCURVE_S1.);
#7123 = LINE('',#7124,#7125);
#7124 = CARTESIAN_POINT('',(13.5,16.,73.));
#7125 = VECTOR('',#7126,1.);
#7126 = DIRECTION('',(0.,1.,0.));
#7127 = PCURVE('',#1984,#7128);
#7128 = DEFINITIONAL_REPRESENTATION('',(#7129),#7133);
#7129 = LINE('',#7130,#7131);
#7130 = CARTESIAN_POINT('',(0.,0.));
#7131 = VECTOR('',#7132,1.);
#7132 = DIRECTION('',(0.,-1.));
#7133 = ( GEOMETRIC_REPRESENTATION_CONTEXT(2) 
PARAMETRIC_REPRESENTATION_CONTEXT() REPRESENTATION_CONTEXT('2D SPACE',''
  ) );
#7134 = PCURVE('',#1957,#7135);
#7135 = DEFINITIONAL_REPRESENTATION('',(#7136),#7140);
#7136 = LINE('',#7137,#7138);
#7137 = CARTESIAN_POINT('',(1.,0.));
#7138 = VECTOR('',#7139,1.);
#7139 = DIRECTION('',(0.,1.));
#7140 = ( GEOMETRIC_REPRESENTATION_CONTEXT(2) 
PARAMETRIC_REPRESENTATION_CONTEXT() REPRESENTATION_CONTEXT('2D SPACE',''
  ) );
#7141 = ORIENTED_EDGE('',*,*,#1968,.F.);
#7142 = ADVANCED_FACE('',(#7143),#1957,.F.);
#7143 = FACE_BOUND('',#7144,.F.);
#7144 = EDGE_LOOP('',(#7145,#7166,#7167,#7168));
#7145 = ORIENTED_EDGE('',*,*,#7146,.F.);
#7146 = EDGE_CURVE('',#6803,#1915,#7147,.T.);
#7147 = SURFACE_CURVE('',#7148,(#7152,#7159),.PCURVE_S1.);
#7148 = LINE('',#7149,#7150);
#7149 = CARTESIAN_POINT('',(12.5,16.,73.));
#7150 = VECTOR('',#7151,1.);
#7151 = DIRECTION('',(0.,1.,0.));
#7152 = PCURVE('',#1957,#7153);
#7153 = DEFINITIONAL_REPRESENTATION('',(#7154),#7158);
#7154 = LINE('',#7155,#7156);
#7155 = CARTESIAN_POINT('',(0.,0.));
#7156 = VECTOR('',#7157,1.);
#7157 = DIRECTION('',(0.,1.));
#7158 = ( GEOMETRIC_REPRESENTATION_CONTEXT(2) 
PARAMETRIC_REPRESENTATION_CONTEXT() REPRESENTATION_CONTEXT('2D SPACE',''
  ) );
#7159 = PCURVE('',#1930,#7160);
#7160 = DEFINITIONAL_REPRESENTATION('',(#7161),#7165);
#7161 = LINE('',#7162,#7163);
#7162 = CARTESIAN_POINT('',(0.,0.));
#7163 = VECTOR('',#7164,1.);
#7164 = DIRECTION('',(0.,-1.));
#7165 = ( GEOMETRIC_REPRESENTATION_CONTEXT(2) 
PARAMETRIC_REPRESENTATION_CONTEXT() REPRESENTATION_CONTEXT('2D SPACE',''
  ) );
#7166 = ORIENTED_EDGE('',*,*,#6825,.T.);
#7167 = ORIENTED_EDGE('',*,*,#7121,.T.);
#7168 = ORIENTED_EDGE('',*,*,#1941,.F.);
#7169 = ADVANCED_FACE('',(#7170),#1930,.F.);
#7170 = FACE_BOUND('',#7171,.F.);
#7171 = EDGE_LOOP('',(#7172,#7195,#7216,#7217,#7218,#7219));
#7172 = ORIENTED_EDGE('',*,*,#7173,.F.);
#7173 = EDGE_CURVE('',#7174,#1888,#7176,.T.);
#7174 = VERTEX_POINT('',#7175);
#7175 = CARTESIAN_POINT('',(12.5,16.,75.5));
#7176 = SURFACE_CURVE('',#7177,(#7181,#7188),.PCURVE_S1.);
#7177 = LINE('',#7178,#7179);
#7178 = CARTESIAN_POINT('',(12.5,16.,75.5));
#7179 = VECTOR('',#7180,1.);
#7180 = DIRECTION('',(0.,1.,0.));
#7181 = PCURVE('',#1930,#7182);
#7182 = DEFINITIONAL_REPRESENTATION('',(#7183),#7187);
#7183 = LINE('',#7184,#7185);
#7184 = CARTESIAN_POINT('',(2.5,0.));
#7185 = VECTOR('',#7186,1.);
#7186 = DIRECTION('',(0.,-1.));
#7187 = ( GEOMETRIC_REPRESENTATION_CONTEXT(2) 
PARAMETRIC_REPRESENTATION_CONTEXT() REPRESENTATION_CONTEXT('2D SPACE',''
  ) );
#7188 = PCURVE('',#1903,#7189);
#7189 = DEFINITIONAL_REPRESENTATION('',(#7190),#7194);
#7190 = LINE('',#7191,#7192);
#7191 = CARTESIAN_POINT('',(12.5,0.));
#7192 = VECTOR('',#7193,1.);
#7193 = DIRECTION('',(0.,1.));
#7194 = ( GEOMETRIC_REPRESENTATION_CONTEXT(2) 
PARAMETRIC_REPRESENTATION_CONTEXT() REPRESENTATION_CONTEXT('2D SPACE',''
  ) );
#7195 = ORIENTED_EDGE('',*,*,#7196,.T.);
#7196 = EDGE_CURVE('',#7174,#6731,#7197,.T.);
#7197 = SURFACE_CURVE('',#7198,(#7202,#7209),.PCURVE_S1.);
#7198 = LINE('',#7199,#7200);
#7199 = CARTESIAN_POINT('',(12.5,16.,75.5));
#7200 = VECTOR('',#7201,1.);
#7201 = DIRECTION('',(0.,0.,-1.));
#7202 = PCURVE('',#1930,#7203);
#7203 = DEFINITIONAL_REPRESENTATION('',(#7204),#7208);
#7204 = LINE('',#7205,#7206);
#7205 = CARTESIAN_POINT('',(2.5,0.));
#7206 = VECTOR('',#7207,1.);
#7207 = DIRECTION('',(-1.,0.));
#7208 = ( GEOMETRIC_REPRESENTATION_CONTEXT(2) 
PARAMETRIC_REPRESENTATION_CONTEXT() REPRESENTATION_CONTEXT('2D SPACE',''
  ) );
#7209 = PCURVE('',#1768,#7210);
#7210 = DEFINITIONAL_REPRESENTATION('',(#7211),#7215);
#7211 = LINE('',#7212,#7213);
#7212 = CARTESIAN_POINT('',(49.,12.5));
#7213 = VECTOR('',#7214,1.);
#7214 = DIRECTION('',(-1.,0.));
#7215 = ( GEOMETRIC_REPRESENTATION_CONTEXT(2) 
PARAMETRIC_REPRESENTATION_CONTEXT() REPRESENTATION_CONTEXT('2D SPACE',''
  ) );
#7216 = ORIENTED_EDGE('',*,*,#6730,.T.);
#7217 = ORIENTED_EDGE('',*,*,#6802,.T.);
#7218 = ORIENTED_EDGE('',*,*,#7146,.T.);
#7219 = ORIENTED_EDGE('',*,*,#1914,.F.);
#7220 = ADVANCED_FACE('',(#7221),#1903,.F.);
#7221 = FACE_BOUND('',#7222,.F.);
#7222 = EDGE_LOOP('',(#7223,#7224,#7247,#7268));
#7223 = ORIENTED_EDGE('',*,*,#1887,.F.);
#7224 = ORIENTED_EDGE('',*,*,#7225,.F.);
#7225 = EDGE_CURVE('',#7226,#1861,#7228,.T.);
#7226 = VERTEX_POINT('',#7227);
#7227 = CARTESIAN_POINT('',(1.,16.,75.5));
#7228 = SURFACE_CURVE('',#7229,(#7233,#7240),.PCURVE_S1.);
#7229 = LINE('',#7230,#7231);
#7230 = CARTESIAN_POINT('',(1.,16.,75.5));
#7231 = VECTOR('',#7232,1.);
#7232 = DIRECTION('',(0.,1.,0.));
#7233 = PCURVE('',#1903,#7234);
#7234 = DEFINITIONAL_REPRESENTATION('',(#7235),#7239);
#7235 = LINE('',#7236,#7237);
#7236 = CARTESIAN_POINT('',(1.,0.));
#7237 = VECTOR('',#7238,1.);
#7238 = DIRECTION('',(0.,1.));
#7239 = ( GEOMETRIC_REPRESENTATION_CONTEXT(2) 
PARAMETRIC_REPRESENTATION_CONTEXT() REPRESENTATION_CONTEXT('2D SPACE',''
  ) );
#7240 = PCURVE('',#1876,#7241);
#7241 = DEFINITIONAL_REPRESENTATION('',(#7242),#7246);
#7242 = LINE('',#7243,#7244);
#7243 = CARTESIAN_POINT('',(49.,0.));
#7244 = VECTOR('',#7245,1.);
#7245 = DIRECTION('',(0.,-1.));
#7246 = ( GEOMETRIC_REPRESENTATION_CONTEXT(2) 
PARAMETRIC_REPRESENTATION_CONTEXT() REPRESENTATION_CONTEXT('2D SPACE',''
  ) );
#7247 = ORIENTED_EDGE('',*,*,#7248,.T.);
#7248 = EDGE_CURVE('',#7226,#7174,#7249,.T.);
#7249 = SURFACE_CURVE('',#7250,(#7254,#7261),.PCURVE_S1.);
#7250 = LINE('',#7251,#7252);
#7251 = CARTESIAN_POINT('',(0.,16.,75.5));
#7252 = VECTOR('',#7253,1.);
#7253 = DIRECTION('',(1.,0.,0.));
#7254 = PCURVE('',#1903,#7255);
#7255 = DEFINITIONAL_REPRESENTATION('',(#7256),#7260);
#7256 = LINE('',#7257,#7258);
#7257 = CARTESIAN_POINT('',(0.,0.));
#7258 = VECTOR('',#7259,1.);
#7259 = DIRECTION('',(1.,0.));
#7260 = ( GEOMETRIC_REPRESENTATION_CONTEXT(2) 
PARAMETRIC_REPRESENTATION_CONTEXT() REPRESENTATION_CONTEXT('2D SPACE',''
  ) );
#7261 = PCURVE('',#1768,#7262);
#7262 = DEFINITIONAL_REPRESENTATION('',(#7263),#7267);
#7263 = LINE('',#7264,#7265);
#7264 = CARTESIAN_POINT('',(49.,0.));
#7265 = VECTOR('',#7266,1.);
#7266 = DIRECTION('',(0.,1.));
#7267 = ( GEOMETRIC_REPRESENTATION_CONTEXT(2) 
PARAMETRIC_REPRESENTATION_CONTEXT() REPRESENTATION_CONTEXT('2D SPACE',''
  ) );
#7268 = ORIENTED_EDGE('',*,*,#7173,.T.);
#7269 = ADVANCED_FACE('',(#7270),#1876,.T.);
#7270 = FACE_BOUND('',#7271,.T.);
#7271 = EDGE_LOOP('',(#7272,#7273,#7296,#7317));
#7272 = ORIENTED_EDGE('',*,*,#7225,.F.);
#7273 = ORIENTED_EDGE('',*,*,#7274,.F.);
#7274 = EDGE_CURVE('',#7275,#7226,#7277,.T.);
#7275 = VERTEX_POINT('',#7276);
#7276 = CARTESIAN_POINT('',(1.,16.,26.5));
#7277 = SURFACE_CURVE('',#7278,(#7282,#7289),.PCURVE_S1.);
#7278 = LINE('',#7279,#7280);
#7279 = CARTESIAN_POINT('',(1.,16.,26.5));
#7280 = VECTOR('',#7281,1.);
#7281 = DIRECTION('',(0.,0.,1.));
#7282 = PCURVE('',#1876,#7283);
#7283 = DEFINITIONAL_REPRESENTATION('',(#7284),#7288);
#7284 = LINE('',#7285,#7286);
#7285 = CARTESIAN_POINT('',(0.,0.));
#7286 = VECTOR('',#7287,1.);
#7287 = DIRECTION('',(1.,0.));
#7288 = ( GEOMETRIC_REPRESENTATION_CONTEXT(2) 
PARAMETRIC_REPRESENTATION_CONTEXT() REPRESENTATION_CONTEXT('2D SPACE',''
  ) );
#7289 = PCURVE('',#1768,#7290);
#7290 = DEFINITIONAL_REPRESENTATION('',(#7291),#7295);
#7291 = LINE('',#7292,#7293);
#7292 = CARTESIAN_POINT('',(0.,1.));
#7293 = VECTOR('',#7294,1.);
#7294 = DIRECTION('',(1.,0.));
#7295 = ( GEOMETRIC_REPRESENTATION_CONTEXT(2) 
PARAMETRIC_REPRESENTATION_CONTEXT() REPRESENTATION_CONTEXT('2D SPACE',''
  ) );
#7296 = ORIENTED_EDGE('',*,*,#7297,.T.);
#7297 = EDGE_CURVE('',#7275,#1839,#7298,.T.);
#7298 = SURFACE_CURVE('',#7299,(#7303,#7310),.PCURVE_S1.);
#7299 = LINE('',#7300,#7301);
#7300 = CARTESIAN_POINT('',(1.,16.,26.5));
#7301 = VECTOR('',#7302,1.);
#7302 = DIRECTION('',(0.,1.,0.));
#7303 = PCURVE('',#1876,#7304);
#7304 = DEFINITIONAL_REPRESENTATION('',(#7305),#7309);
#7305 = LINE('',#7306,#7307);
#7306 = CARTESIAN_POINT('',(0.,0.));
#7307 = VECTOR('',#7308,1.);
#7308 = DIRECTION('',(0.,-1.));
#7309 = ( GEOMETRIC_REPRESENTATION_CONTEXT(2) 
PARAMETRIC_REPRESENTATION_CONTEXT() REPRESENTATION_CONTEXT('2D SPACE',''
  ) );
#7310 = PCURVE('',#1796,#7311);
#7311 = DEFINITIONAL_REPRESENTATION('',(#7312),#7316);
#7312 = LINE('',#7313,#7314);
#7313 = CARTESIAN_POINT('',(1.,0.));
#7314 = VECTOR('',#7315,1.);
#7315 = DIRECTION('',(0.,1.));
#7316 = ( GEOMETRIC_REPRESENTATION_CONTEXT(2) 
PARAMETRIC_REPRESENTATION_CONTEXT() REPRESENTATION_CONTEXT('2D SPACE',''
  ) );
#7317 = ORIENTED_EDGE('',*,*,#1860,.F.);
#7318 = ADVANCED_FACE('',(#7319),#1796,.F.);
#7319 = FACE_BOUND('',#7320,.F.);
#7320 = EDGE_LOOP('',(#7321,#7322,#7343,#7344));
#7321 = ORIENTED_EDGE('',*,*,#1780,.F.);
#7322 = ORIENTED_EDGE('',*,*,#7323,.T.);
#7323 = EDGE_CURVE('',#1753,#7275,#7324,.T.);
#7324 = SURFACE_CURVE('',#7325,(#7329,#7336),.PCURVE_S1.);
#7325 = LINE('',#7326,#7327);
#7326 = CARTESIAN_POINT('',(0.,16.,26.5));
#7327 = VECTOR('',#7328,1.);
#7328 = DIRECTION('',(1.,0.,0.));
#7329 = PCURVE('',#1796,#7330);
#7330 = DEFINITIONAL_REPRESENTATION('',(#7331),#7335);
#7331 = LINE('',#7332,#7333);
#7332 = CARTESIAN_POINT('',(0.,0.));
#7333 = VECTOR('',#7334,1.);
#7334 = DIRECTION('',(1.,0.));
#7335 = ( GEOMETRIC_REPRESENTATION_CONTEXT(2) 
PARAMETRIC_REPRESENTATION_CONTEXT() REPRESENTATION_CONTEXT('2D SPACE',''
  ) );
#7336 = PCURVE('',#1768,#7337);
#7337 = DEFINITIONAL_REPRESENTATION('',(#7338),#7342);
#7338 = LINE('',#7339,#7340);
#7339 = CARTESIAN_POINT('',(0.,0.));
#7340 = VECTOR('',#7341,1.);
#7341 = DIRECTION('',(0.,1.));
#7342 = ( GEOMETRIC_REPRESENTATION_CONTEXT(2) 
PARAMETRIC_REPRESENTATION_CONTEXT() REPRESENTATION_CONTEXT('2D SPACE',''
  ) );
#7343 = ORIENTED_EDGE('',*,*,#7297,.T.);
#7344 = ORIENTED_EDGE('',*,*,#1838,.F.);
#7345 = ADVANCED_FACE('',(#7346,#7402),#1768,.F.);
#7346 = FACE_BOUND('',#7347,.F.);
#7347 = EDGE_LOOP('',(#7348,#7349,#7350,#7373,#7394,#7395,#7396,#7397,
    #7398,#7399,#7400,#7401));
#7348 = ORIENTED_EDGE('',*,*,#7323,.F.);
#7349 = ORIENTED_EDGE('',*,*,#1752,.T.);
#7350 = ORIENTED_EDGE('',*,*,#7351,.T.);
#7351 = EDGE_CURVE('',#1725,#7352,#7354,.T.);
#7352 = VERTEX_POINT('',#7353);
#7353 = CARTESIAN_POINT('',(31.,16.,76.5));
#7354 = SURFACE_CURVE('',#7355,(#7359,#7366),.PCURVE_S1.);
#7355 = LINE('',#7356,#7357);
#7356 = CARTESIAN_POINT('',(0.,16.,76.5));
#7357 = VECTOR('',#7358,1.);
#7358 = DIRECTION('',(1.,0.,0.));
#7359 = PCURVE('',#1768,#7360);
#7360 = DEFINITIONAL_REPRESENTATION('',(#7361),#7365);
#7361 = LINE('',#7362,#7363);
#7362 = CARTESIAN_POINT('',(50.,0.));
#7363 = VECTOR('',#7364,1.);
#7364 = DIRECTION('',(0.,1.));
#7365 = ( GEOMETRIC_REPRESENTATION_CONTEXT(2) 
PARAMETRIC_REPRESENTATION_CONTEXT() REPRESENTATION_CONTEXT('2D SPACE',''
  ) );
#7366 = PCURVE('',#1740,#7367);
#7367 = DEFINITIONAL_REPRESENTATION('',(#7368),#7372);
#7368 = LINE('',#7369,#7370);
#7369 = CARTESIAN_POINT('',(0.,0.));
#7370 = VECTOR('',#7371,1.);
#7371 = DIRECTION('',(1.,0.));
#7372 = ( GEOMETRIC_REPRESENTATION_CONTEXT(2) 
PARAMETRIC_REPRESENTATION_CONTEXT() REPRESENTATION_CONTEXT('2D SPACE',''
  ) );
#7373 = ORIENTED_EDGE('',*,*,#7374,.F.);
#7374 = EDGE_CURVE('',#6480,#7352,#7375,.T.);
#7375 = SURFACE_CURVE('',#7376,(#7380,#7387),.PCURVE_S1.);
#7376 = LINE('',#7377,#7378);
#7377 = CARTESIAN_POINT('',(31.,16.,26.5));
#7378 = VECTOR('',#7379,1.);
#7379 = DIRECTION('',(0.,0.,1.));
#7380 = PCURVE('',#1768,#7381);
#7381 = DEFINITIONAL_REPRESENTATION('',(#7382),#7386);
#7382 = LINE('',#7383,#7384);
#7383 = CARTESIAN_POINT('',(0.,31.));
#7384 = VECTOR('',#7385,1.);
#7385 = DIRECTION('',(1.,0.));
#7386 = ( GEOMETRIC_REPRESENTATION_CONTEXT(2) 
PARAMETRIC_REPRESENTATION_CONTEXT() REPRESENTATION_CONTEXT('2D SPACE',''
  ) );
#7387 = PCURVE('',#146,#7388);
#7388 = DEFINITIONAL_REPRESENTATION('',(#7389),#7393);
#7389 = LINE('',#7390,#7391);
#7390 = CARTESIAN_POINT('',(-17.6408566794,3.));
#7391 = VECTOR('',#7392,1.);
#7392 = DIRECTION('',(1.,0.));
#7393 = ( GEOMETRIC_REPRESENTATION_CONTEXT(2) 
PARAMETRIC_REPRESENTATION_CONTEXT() REPRESENTATION_CONTEXT('2D SPACE',''
  ) );
#7394 = ORIENTED_EDGE('',*,*,#6479,.F.);
#7395 = ORIENTED_EDGE('',*,*,#6550,.T.);
#7396 = ORIENTED_EDGE('',*,*,#6600,.F.);
#7397 = ORIENTED_EDGE('',*,*,#6625,.F.);
#7398 = ORIENTED_EDGE('',*,*,#6755,.F.);
#7399 = ORIENTED_EDGE('',*,*,#7196,.F.);
#7400 = ORIENTED_EDGE('',*,*,#7248,.F.);
#7401 = ORIENTED_EDGE('',*,*,#7274,.F.);
#7402 = FACE_BOUND('',#7403,.F.);
#7403 = EDGE_LOOP('',(#7404,#7405,#7406,#7407));
#7404 = ORIENTED_EDGE('',*,*,#7073,.F.);
#7405 = ORIENTED_EDGE('',*,*,#7099,.F.);
#7406 = ORIENTED_EDGE('',*,*,#6924,.T.);
#7407 = ORIENTED_EDGE('',*,*,#7022,.T.);
#7408 = ADVANCED_FACE('',(#7409),#1740,.T.);
#7409 = FACE_BOUND('',#7410,.T.);
#7410 = EDGE_LOOP('',(#7411,#7412,#7413,#7436));
#7411 = ORIENTED_EDGE('',*,*,#1724,.F.);
#7412 = ORIENTED_EDGE('',*,*,#7351,.T.);
#7413 = ORIENTED_EDGE('',*,*,#7414,.T.);
#7414 = EDGE_CURVE('',#7352,#7415,#7417,.T.);
#7415 = VERTEX_POINT('',#7416);
#7416 = CARTESIAN_POINT('',(31.,18.,76.5));
#7417 = SURFACE_CURVE('',#7418,(#7422,#7429),.PCURVE_S1.);
#7418 = LINE('',#7419,#7420);
#7419 = CARTESIAN_POINT('',(31.,16.,76.5));
#7420 = VECTOR('',#7421,1.);
#7421 = DIRECTION('',(0.,1.,0.));
#7422 = PCURVE('',#1740,#7423);
#7423 = DEFINITIONAL_REPRESENTATION('',(#7424),#7428);
#7424 = LINE('',#7425,#7426);
#7425 = CARTESIAN_POINT('',(31.,0.));
#7426 = VECTOR('',#7427,1.);
#7427 = DIRECTION('',(0.,1.));
#7428 = ( GEOMETRIC_REPRESENTATION_CONTEXT(2) 
PARAMETRIC_REPRESENTATION_CONTEXT() REPRESENTATION_CONTEXT('2D SPACE',''
  ) );
#7429 = PCURVE('',#146,#7430);
#7430 = DEFINITIONAL_REPRESENTATION('',(#7431),#7435);
#7431 = LINE('',#7432,#7433);
#7432 = CARTESIAN_POINT('',(32.359143320597,3.));
#7433 = VECTOR('',#7434,1.);
#7434 = DIRECTION('',(0.,-1.));
#7435 = ( GEOMETRIC_REPRESENTATION_CONTEXT(2) 
PARAMETRIC_REPRESENTATION_CONTEXT() REPRESENTATION_CONTEXT('2D SPACE',''
  ) );
#7436 = ORIENTED_EDGE('',*,*,#7437,.F.);
#7437 = EDGE_CURVE('',#1696,#7415,#7438,.T.);
#7438 = SURFACE_CURVE('',#7439,(#7443,#7450),.PCURVE_S1.);
#7439 = LINE('',#7440,#7441);
#7440 = CARTESIAN_POINT('',(0.,18.,76.5));
#7441 = VECTOR('',#7442,1.);
#7442 = DIRECTION('',(1.,0.,0.));
#7443 = PCURVE('',#1740,#7444);
#7444 = DEFINITIONAL_REPRESENTATION('',(#7445),#7449);
#7445 = LINE('',#7446,#7447);
#7446 = CARTESIAN_POINT('',(0.,2.));
#7447 = VECTOR('',#7448,1.);
#7448 = DIRECTION('',(1.,0.));
#7449 = ( GEOMETRIC_REPRESENTATION_CONTEXT(2) 
PARAMETRIC_REPRESENTATION_CONTEXT() REPRESENTATION_CONTEXT('2D SPACE',''
  ) );
#7450 = PCURVE('',#1712,#7451);
#7451 = DEFINITIONAL_REPRESENTATION('',(#7452),#7456);
#7452 = LINE('',#7453,#7454);
#7453 = CARTESIAN_POINT('',(-1.570796326795,0.));
#7454 = VECTOR('',#7455,1.);
#7455 = DIRECTION('',(0.,-1.));
#7456 = ( GEOMETRIC_REPRESENTATION_CONTEXT(2) 
PARAMETRIC_REPRESENTATION_CONTEXT() REPRESENTATION_CONTEXT('2D SPACE',''
  ) );
#7457 = ADVANCED_FACE('',(#7458),#1712,.T.);
#7458 = FACE_BOUND('',#7459,.F.);
#7459 = EDGE_LOOP('',(#7460,#7483,#7505,#7506));
#7460 = ORIENTED_EDGE('',*,*,#7461,.T.);
#7461 = EDGE_CURVE('',#1668,#7462,#7464,.T.);
#7462 = VERTEX_POINT('',#7463);
#7463 = CARTESIAN_POINT('',(31.,18.5,77.));
#7464 = SURFACE_CURVE('',#7465,(#7469,#7476),.PCURVE_S1.);
#7465 = LINE('',#7466,#7467);
#7466 = CARTESIAN_POINT('',(0.,18.5,77.));
#7467 = VECTOR('',#7468,1.);
#7468 = DIRECTION('',(1.,0.,0.));
#7469 = PCURVE('',#1712,#7470);
#7470 = DEFINITIONAL_REPRESENTATION('',(#7471),#7475);
#7471 = LINE('',#7472,#7473);
#7472 = CARTESIAN_POINT('',(0.,0.));
#7473 = VECTOR('',#7474,1.);
#7474 = DIRECTION('',(0.,-1.));
#7475 = ( GEOMETRIC_REPRESENTATION_CONTEXT(2) 
PARAMETRIC_REPRESENTATION_CONTEXT() REPRESENTATION_CONTEXT('2D SPACE',''
  ) );
#7476 = PCURVE('',#1683,#7477);
#7477 = DEFINITIONAL_REPRESENTATION('',(#7478),#7482);
#7478 = LINE('',#7479,#7480);
#7479 = CARTESIAN_POINT('',(1.,0.));
#7480 = VECTOR('',#7481,1.);
#7481 = DIRECTION('',(0.,-1.));
#7482 = ( GEOMETRIC_REPRESENTATION_CONTEXT(2) 
PARAMETRIC_REPRESENTATION_CONTEXT() REPRESENTATION_CONTEXT('2D SPACE',''
  ) );
#7483 = ORIENTED_EDGE('',*,*,#7484,.T.);
#7484 = EDGE_CURVE('',#7462,#7415,#7485,.T.);
#7485 = SURFACE_CURVE('',#7486,(#7491,#7498),.PCURVE_S1.);
#7486 = CIRCLE('',#7487,0.5);
#7487 = AXIS2_PLACEMENT_3D('',#7488,#7489,#7490);
#7488 = CARTESIAN_POINT('',(31.,18.5,76.5));
#7489 = DIRECTION('',(1.,0.,0.));
#7490 = DIRECTION('',(0.,1.42108547152E-14,1.));
#7491 = PCURVE('',#1712,#7492);
#7492 = DEFINITIONAL_REPRESENTATION('',(#7493),#7497);
#7493 = LINE('',#7494,#7495);
#7494 = CARTESIAN_POINT('',(0.,-31.));
#7495 = VECTOR('',#7496,1.);
#7496 = DIRECTION('',(-1.,0.));
#7497 = ( GEOMETRIC_REPRESENTATION_CONTEXT(2) 
PARAMETRIC_REPRESENTATION_CONTEXT() REPRESENTATION_CONTEXT('2D SPACE',''
  ) );
#7498 = PCURVE('',#146,#7499);
#7499 = DEFINITIONAL_REPRESENTATION('',(#7500),#7504);
#7500 = CIRCLE('',#7501,0.5);
#7501 = AXIS2_PLACEMENT_2D('',#7502,#7503);
#7502 = CARTESIAN_POINT('',(32.359143320597,0.5));
#7503 = DIRECTION('',(1.,-1.42108547152E-14));
#7504 = ( GEOMETRIC_REPRESENTATION_CONTEXT(2) 
PARAMETRIC_REPRESENTATION_CONTEXT() REPRESENTATION_CONTEXT('2D SPACE',''
  ) );
#7505 = ORIENTED_EDGE('',*,*,#7437,.F.);
#7506 = ORIENTED_EDGE('',*,*,#1695,.F.);
#7507 = ADVANCED_FACE('',(#7508),#1683,.F.);
#7508 = FACE_BOUND('',#7509,.F.);
#7509 = EDGE_LOOP('',(#7510,#7533,#7554,#7555));
#7510 = ORIENTED_EDGE('',*,*,#7511,.T.);
#7511 = EDGE_CURVE('',#1644,#7512,#7514,.T.);
#7512 = VERTEX_POINT('',#7513);
#7513 = CARTESIAN_POINT('',(31.,19.5,77.));
#7514 = SURFACE_CURVE('',#7515,(#7519,#7526),.PCURVE_S1.);
#7515 = LINE('',#7516,#7517);
#7516 = CARTESIAN_POINT('',(0.,19.5,77.));
#7517 = VECTOR('',#7518,1.);
#7518 = DIRECTION('',(1.,0.,0.));
#7519 = PCURVE('',#1683,#7520);
#7520 = DEFINITIONAL_REPRESENTATION('',(#7521),#7525);
#7521 = LINE('',#7522,#7523);
#7522 = CARTESIAN_POINT('',(0.,0.));
#7523 = VECTOR('',#7524,1.);
#7524 = DIRECTION('',(0.,-1.));
#7525 = ( GEOMETRIC_REPRESENTATION_CONTEXT(2) 
PARAMETRIC_REPRESENTATION_CONTEXT() REPRESENTATION_CONTEXT('2D SPACE',''
  ) );
#7526 = PCURVE('',#174,#7527);
#7527 = DEFINITIONAL_REPRESENTATION('',(#7528),#7532);
#7528 = LINE('',#7529,#7530);
#7529 = CARTESIAN_POINT('',(-1.570796326795,0.));
#7530 = VECTOR('',#7531,1.);
#7531 = DIRECTION('',(0.,-1.));
#7532 = ( GEOMETRIC_REPRESENTATION_CONTEXT(2) 
PARAMETRIC_REPRESENTATION_CONTEXT() REPRESENTATION_CONTEXT('2D SPACE',''
  ) );
#7533 = ORIENTED_EDGE('',*,*,#7534,.T.);
#7534 = EDGE_CURVE('',#7512,#7462,#7535,.T.);
#7535 = SURFACE_CURVE('',#7536,(#7540,#7547),.PCURVE_S1.);
#7536 = LINE('',#7537,#7538);
#7537 = CARTESIAN_POINT('',(31.,19.5,77.));
#7538 = VECTOR('',#7539,1.);
#7539 = DIRECTION('',(0.,-1.,0.));
#7540 = PCURVE('',#1683,#7541);
#7541 = DEFINITIONAL_REPRESENTATION('',(#7542),#7546);
#7542 = LINE('',#7543,#7544);
#7543 = CARTESIAN_POINT('',(0.,-31.));
#7544 = VECTOR('',#7545,1.);
#7545 = DIRECTION('',(1.,0.));
#7546 = ( GEOMETRIC_REPRESENTATION_CONTEXT(2) 
PARAMETRIC_REPRESENTATION_CONTEXT() REPRESENTATION_CONTEXT('2D SPACE',''
  ) );
#7547 = PCURVE('',#146,#7548);
#7548 = DEFINITIONAL_REPRESENTATION('',(#7549),#7553);
#7549 = LINE('',#7550,#7551);
#7550 = CARTESIAN_POINT('',(32.859143320597,-0.5));
#7551 = VECTOR('',#7552,1.);
#7552 = DIRECTION('',(0.,1.));
#7553 = ( GEOMETRIC_REPRESENTATION_CONTEXT(2) 
PARAMETRIC_REPRESENTATION_CONTEXT() REPRESENTATION_CONTEXT('2D SPACE',''
  ) );
#7554 = ORIENTED_EDGE('',*,*,#7461,.F.);
#7555 = ORIENTED_EDGE('',*,*,#1667,.F.);
#7556 = ADVANCED_FACE('',(#7557),#174,.T.);
#7557 = FACE_BOUND('',#7558,.F.);
#7558 = EDGE_LOOP('',(#7559,#7560,#7582,#7583));
#7559 = ORIENTED_EDGE('',*,*,#158,.T.);
#7560 = ORIENTED_EDGE('',*,*,#7561,.T.);
#7561 = EDGE_CURVE('',#131,#7512,#7562,.T.);
#7562 = SURFACE_CURVE('',#7563,(#7568,#7575),.PCURVE_S1.);
#7563 = CIRCLE('',#7564,0.5);
#7564 = AXIS2_PLACEMENT_3D('',#7565,#7566,#7567);
#7565 = CARTESIAN_POINT('',(31.,19.5,76.5));
#7566 = DIRECTION('',(1.,0.,0.));
#7567 = DIRECTION('',(0.,1.,0.));
#7568 = PCURVE('',#174,#7569);
#7569 = DEFINITIONAL_REPRESENTATION('',(#7570),#7574);
#7570 = LINE('',#7571,#7572);
#7571 = CARTESIAN_POINT('',(0.,-31.));
#7572 = VECTOR('',#7573,1.);
#7573 = DIRECTION('',(-1.,0.));
#7574 = ( GEOMETRIC_REPRESENTATION_CONTEXT(2) 
PARAMETRIC_REPRESENTATION_CONTEXT() REPRESENTATION_CONTEXT('2D SPACE',''
  ) );
#7575 = PCURVE('',#146,#7576);
#7576 = DEFINITIONAL_REPRESENTATION('',(#7577),#7581);
#7577 = CIRCLE('',#7578,0.5);
#7578 = AXIS2_PLACEMENT_2D('',#7579,#7580);
#7579 = CARTESIAN_POINT('',(32.359143320597,-0.5));
#7580 = DIRECTION('',(0.,-1.));
#7581 = ( GEOMETRIC_REPRESENTATION_CONTEXT(2) 
PARAMETRIC_REPRESENTATION_CONTEXT() REPRESENTATION_CONTEXT('2D SPACE',''
  ) );
#7582 = ORIENTED_EDGE('',*,*,#7511,.F.);
#7583 = ORIENTED_EDGE('',*,*,#1643,.F.);
#7584 = ADVANCED_FACE('',(#7585),#146,.T.);
#7585 = FACE_BOUND('',#7586,.T.);
#7586 = EDGE_LOOP('',(#7587,#7588,#7589,#7590,#7591,#7592,#7593,#7594,
    #7595));
#7587 = ORIENTED_EDGE('',*,*,#130,.F.);
#7588 = ORIENTED_EDGE('',*,*,#7561,.T.);
#7589 = ORIENTED_EDGE('',*,*,#7534,.T.);
#7590 = ORIENTED_EDGE('',*,*,#7484,.T.);
#7591 = ORIENTED_EDGE('',*,*,#7414,.F.);
#7592 = ORIENTED_EDGE('',*,*,#7374,.F.);
#7593 = ORIENTED_EDGE('',*,*,#6502,.T.);
#7594 = ORIENTED_EDGE('',*,*,#2184,.F.);
#7595 = ORIENTED_EDGE('',*,*,#7596,.T.);
#7596 = EDGE_CURVE('',#2185,#108,#7597,.T.);
#7597 = SURFACE_CURVE('',#7598,(#7602,#7609),.PCURVE_S1.);
#7598 = LINE('',#7599,#7600);
#7599 = CARTESIAN_POINT('',(31.,18.,11.5));
#7600 = VECTOR('',#7601,1.);
#7601 = DIRECTION('',(0.,1.,0.));
#7602 = PCURVE('',#146,#7603);
#7603 = DEFINITIONAL_REPRESENTATION('',(#7604),#7608);
#7604 = LINE('',#7605,#7606);
#7605 = CARTESIAN_POINT('',(-32.6408566794,1.));
#7606 = VECTOR('',#7607,1.);
#7607 = DIRECTION('',(0.,-1.));
#7608 = ( GEOMETRIC_REPRESENTATION_CONTEXT(2) 
PARAMETRIC_REPRESENTATION_CONTEXT() REPRESENTATION_CONTEXT('2D SPACE',''
  ) );
#7609 = PCURVE('',#62,#7610);
#7610 = DEFINITIONAL_REPRESENTATION('',(#7611),#7615);
#7611 = LINE('',#7612,#7613);
#7612 = CARTESIAN_POINT('',(0.,-31.));
#7613 = VECTOR('',#7614,1.);
#7614 = DIRECTION('',(1.,0.));
#7615 = ( GEOMETRIC_REPRESENTATION_CONTEXT(2) 
PARAMETRIC_REPRESENTATION_CONTEXT() REPRESENTATION_CONTEXT('2D SPACE',''
  ) );
#7616 = ADVANCED_FACE('',(#7617),#95,.T.);
#7617 = FACE_BOUND('',#7618,.F.);
#7618 = EDGE_LOOP('',(#7619,#7654,#7680,#7681));
#7619 = ORIENTED_EDGE('',*,*,#7620,.T.);
#7620 = EDGE_CURVE('',#7621,#7623,#7625,.T.);
#7621 = VERTEX_POINT('',#7622);
#7622 = CARTESIAN_POINT('',(8.33952641182,19.700598802395,11.5));
#7623 = VERTEX_POINT('',#7624);
#7624 = CARTESIAN_POINT('',(22.66047358818,19.700598802395,11.5));
#7625 = SURFACE_CURVE('',#7626,(#7631,#7638),.PCURVE_S1.);
#7626 = CIRCLE('',#7627,7.16047358818);
#7627 = AXIS2_PLACEMENT_3D('',#7628,#7629,#7630);
#7628 = CARTESIAN_POINT('',(15.5,19.700598802395,11.5));
#7629 = DIRECTION('',(0.,1.,0.));
#7630 = DIRECTION('',(1.,0.,0.));
#7631 = PCURVE('',#95,#7632);
#7632 = DEFINITIONAL_REPRESENTATION('',(#7633),#7637);
#7633 = LINE('',#7634,#7635);
#7634 = CARTESIAN_POINT('',(0.,4.00564316139));
#7635 = VECTOR('',#7636,1.);
#7636 = DIRECTION('',(-1.,0.));
#7637 = ( GEOMETRIC_REPRESENTATION_CONTEXT(2) 
PARAMETRIC_REPRESENTATION_CONTEXT() REPRESENTATION_CONTEXT('2D SPACE',''
  ) );
#7638 = PCURVE('',#7639,#7648);
#7639 = SURFACE_OF_REVOLUTION('',#7640,#7645);
#7640 = CIRCLE('',#7641,7.1);
#7641 = AXIS2_PLACEMENT_3D('',#7642,#7643,#7644);
#7642 = CARTESIAN_POINT('',(18.05,25.1,11.5));
#7643 = DIRECTION('',(0.,0.,1.));
#7644 = DIRECTION('',(1.501146624845E-15,-1.,0.));
#7645 = AXIS1_PLACEMENT('',#7646,#7647);
#7646 = CARTESIAN_POINT('',(15.5,0.,11.5));
#7647 = DIRECTION('',(0.,1.,0.));
#7648 = DEFINITIONAL_REPRESENTATION('',(#7649),#7653);
#7649 = LINE('',#7650,#7651);
#7650 = CARTESIAN_POINT('',(0.,0.706745818995));
#7651 = VECTOR('',#7652,1.);
#7652 = DIRECTION('',(1.,0.));
#7653 = ( GEOMETRIC_REPRESENTATION_CONTEXT(2) 
PARAMETRIC_REPRESENTATION_CONTEXT() REPRESENTATION_CONTEXT('2D SPACE',''
  ) );
#7654 = ORIENTED_EDGE('',*,*,#7655,.T.);
#7655 = EDGE_CURVE('',#7623,#75,#7656,.T.);
#7656 = SURFACE_CURVE('',#7657,(#7662,#7669),.PCURVE_S1.);
#7657 = CIRCLE('',#7658,1.25);
#7658 = AXIS2_PLACEMENT_3D('',#7659,#7660,#7661);
#7659 = CARTESIAN_POINT('',(23.47217668469,18.75,11.5));
#7660 = DIRECTION('',(0.,0.,-1.));
#7661 = DIRECTION('',(-0.649362477208,0.760479041916,0.));
#7662 = PCURVE('',#95,#7663);
#7663 = DEFINITIONAL_REPRESENTATION('',(#7664),#7668);
#7664 = LINE('',#7665,#7666);
#7665 = CARTESIAN_POINT('',(-6.28318530718,4.00564316139));
#7666 = VECTOR('',#7667,1.);
#7667 = DIRECTION('',(0.,1.));
#7668 = ( GEOMETRIC_REPRESENTATION_CONTEXT(2) 
PARAMETRIC_REPRESENTATION_CONTEXT() REPRESENTATION_CONTEXT('2D SPACE',''
  ) );
#7669 = PCURVE('',#62,#7670);
#7670 = DEFINITIONAL_REPRESENTATION('',(#7671),#7679);
#7671 = ( BOUNDED_CURVE() B_SPLINE_CURVE(2,(#7672,#7673,#7674,#7675,
#7676,#7677,#7678),.UNSPECIFIED.,.T.,.F.) B_SPLINE_CURVE_WITH_KNOTS((1,2
    ,2,2,2,1),(-2.094395102393,0.,2.094395102393,4.188790204786,
6.28318530718,8.377580409573),.UNSPECIFIED.) CURVE() 
GEOMETRIC_REPRESENTATION_ITEM() RATIONAL_B_SPLINE_CURVE((1.,0.5,1.,0.5,
1.,0.5,1.)) REPRESENTATION_ITEM('') );
#7672 = CARTESIAN_POINT('',(1.700598802395,-22.66047358818));
#7673 = CARTESIAN_POINT('',(3.106509806212,-24.30695901154));
#7674 = CARTESIAN_POINT('',(0.977656100711,-24.70127094462));
#7675 = CARTESIAN_POINT('',(-1.15119760479,-25.09558287771));
#7676 = CARTESIAN_POINT('',(-0.428254903106,-23.05478552126));
#7677 = CARTESIAN_POINT('',(0.294687798578,-21.01398816481));
#7678 = CARTESIAN_POINT('',(1.700598802395,-22.66047358818));
#7679 = ( GEOMETRIC_REPRESENTATION_CONTEXT(2) 
PARAMETRIC_REPRESENTATION_CONTEXT() REPRESENTATION_CONTEXT('2D SPACE',''
  ) );
#7680 = ORIENTED_EDGE('',*,*,#74,.F.);
#7681 = ORIENTED_EDGE('',*,*,#7682,.F.);
#7682 = EDGE_CURVE('',#7621,#40,#7683,.T.);
#7683 = SURFACE_CURVE('',#7684,(#7689,#7696),.PCURVE_S1.);
#7684 = CIRCLE('',#7685,1.25);
#7685 = AXIS2_PLACEMENT_3D('',#7686,#7687,#7688);
#7686 = CARTESIAN_POINT('',(7.52782331531,18.75,11.5));
#7687 = DIRECTION('',(0.,0.,1.));
#7688 = DIRECTION('',(0.,-1.,0.));
#7689 = PCURVE('',#95,#7690);
#7690 = DEFINITIONAL_REPRESENTATION('',(#7691),#7695);
#7691 = LINE('',#7692,#7693);
#7692 = CARTESIAN_POINT('',(-3.14159265359,1.570796326795));
#7693 = VECTOR('',#7694,1.);
#7694 = DIRECTION('',(0.,1.));
#7695 = ( GEOMETRIC_REPRESENTATION_CONTEXT(2) 
PARAMETRIC_REPRESENTATION_CONTEXT() REPRESENTATION_CONTEXT('2D SPACE',''
  ) );
#7696 = PCURVE('',#62,#7697);
#7697 = DEFINITIONAL_REPRESENTATION('',(#7698),#7702);
#7698 = CIRCLE('',#7699,1.25);
#7699 = AXIS2_PLACEMENT_2D('',#7700,#7701);
#7700 = CARTESIAN_POINT('',(0.75,-7.52782331531));
#7701 = DIRECTION('',(-1.,0.));
#7702 = ( GEOMETRIC_REPRESENTATION_CONTEXT(2) 
PARAMETRIC_REPRESENTATION_CONTEXT() REPRESENTATION_CONTEXT('2D SPACE',''
  ) );
#7703 = ADVANCED_FACE('',(#7704),#7639,.F.);
#7704 = FACE_BOUND('',#7705,.F.);
#7705 = EDGE_LOOP('',(#7706,#7750,#7779,#7801));
#7706 = ORIENTED_EDGE('',*,*,#7707,.T.);
#7707 = EDGE_CURVE('',#7621,#7708,#7710,.T.);
#7708 = VERTEX_POINT('',#7709);
#7709 = CARTESIAN_POINT('',(12.95,18.,11.5));
#7710 = SURFACE_CURVE('',#7711,(#7726,#7732),.PCURVE_S1.);
#7711 = B_SPLINE_CURVE_WITH_KNOTS('',4,(#7712,#7713,#7714,#7715,#7716,
    #7717,#7718,#7719,#7720,#7721,#7722,#7723,#7724,#7725),
  .UNSPECIFIED.,.F.,.F.,(5,3,3,3,5),(8.973917742914E-02,0.338739180077,
    0.58873918009,0.838739180104,1.089739177429),.UNSPECIFIED.);
#7712 = CARTESIAN_POINT('',(8.33952641182,19.700598802395,11.5));
#7713 = CARTESIAN_POINT('',(8.57707251922,19.497761485059,11.5));
#7714 = CARTESIAN_POINT('',(8.826518015932,19.308857826821,11.5));
#7715 = CARTESIAN_POINT('',(9.086632573079,19.134938118087,11.5));
#7716 = CARTESIAN_POINT('',(9.62649169495,18.818069647617,11.5));
#7717 = CARTESIAN_POINT('',(9.906313070441,18.675246798805,11.5));
#7718 = CARTESIAN_POINT('',(10.194073200097,18.549181434393,11.5));
#7719 = CARTESIAN_POINT('',(10.782399705259,18.331701442152,11.5));
#7720 = CARTESIAN_POINT('',(11.082968455538,18.240285936468,11.5));
#7721 = CARTESIAN_POINT('',(11.388406926257,18.166762410103,11.5));
#7722 = CARTESIAN_POINT('',(12.007035011988,18.055856201061,11.5));
#7723 = CARTESIAN_POINT('',(12.320253271886,18.018618805577,11.5));
#7724 = CARTESIAN_POINT('',(12.635127281665,18.,11.5));
#7725 = CARTESIAN_POINT('',(12.95,18.,11.5));
#7726 = PCURVE('',#7639,#7727);
#7727 = DEFINITIONAL_REPRESENTATION('',(#7728),#7731);
#7728 = B_SPLINE_CURVE_WITH_KNOTS('',1,(#7729,#7730),.UNSPECIFIED.,.F.,
  .F.,(2,2),(8.973917742914E-02,1.089739177429),
  .PIECEWISE_BEZIER_KNOTS.);
#7729 = CARTESIAN_POINT('',(3.14159265359,0.706745818995));
#7730 = CARTESIAN_POINT('',(3.14159265359,0.));
#7731 = ( GEOMETRIC_REPRESENTATION_CONTEXT(2) 
PARAMETRIC_REPRESENTATION_CONTEXT() REPRESENTATION_CONTEXT('2D SPACE',''
  ) );
#7732 = PCURVE('',#62,#7733);
#7733 = DEFINITIONAL_REPRESENTATION('',(#7734),#7749);
#7734 = B_SPLINE_CURVE_WITH_KNOTS('',4,(#7735,#7736,#7737,#7738,#7739,
    #7740,#7741,#7742,#7743,#7744,#7745,#7746,#7747,#7748),
  .UNSPECIFIED.,.F.,.F.,(5,3,3,3,5),(8.973917742914E-02,0.338739180077,
    0.58873918009,0.838739180104,1.089739177429),.UNSPECIFIED.);
#7735 = CARTESIAN_POINT('',(1.700598802395,-8.33952641182));
#7736 = CARTESIAN_POINT('',(1.497761485059,-8.57707251922));
#7737 = CARTESIAN_POINT('',(1.308857826821,-8.826518015932));
#7738 = CARTESIAN_POINT('',(1.134938118087,-9.086632573079));
#7739 = CARTESIAN_POINT('',(0.818069647617,-9.62649169495));
#7740 = CARTESIAN_POINT('',(0.675246798805,-9.906313070441));
#7741 = CARTESIAN_POINT('',(0.549181434393,-10.19407320009));
#7742 = CARTESIAN_POINT('',(0.331701442152,-10.78239970525));
#7743 = CARTESIAN_POINT('',(0.240285936468,-11.08296845553));
#7744 = CARTESIAN_POINT('',(0.166762410103,-11.38840692625));
#7745 = CARTESIAN_POINT('',(5.585620106063E-02,-12.00703501198));
#7746 = CARTESIAN_POINT('',(1.861880557749E-02,-12.32025327188));
#7747 = CARTESIAN_POINT('',(-3.552713678801E-15,-12.63512728166));
#7748 = CARTESIAN_POINT('',(0.,-12.95));
#7749 = ( GEOMETRIC_REPRESENTATION_CONTEXT(2) 
PARAMETRIC_REPRESENTATION_CONTEXT() REPRESENTATION_CONTEXT('2D SPACE',''
  ) );
#7750 = ORIENTED_EDGE('',*,*,#7751,.T.);
#7751 = EDGE_CURVE('',#7708,#7752,#7754,.T.);
#7752 = VERTEX_POINT('',#7753);
#7753 = CARTESIAN_POINT('',(18.05,18.,11.5));
#7754 = SURFACE_CURVE('',#7755,(#7760,#7767),.PCURVE_S1.);
#7755 = CIRCLE('',#7756,2.55);
#7756 = AXIS2_PLACEMENT_3D('',#7757,#7758,#7759);
#7757 = CARTESIAN_POINT('',(15.5,18.,11.5));
#7758 = DIRECTION('',(0.,1.,0.));
#7759 = DIRECTION('',(1.,0.,0.));
#7760 = PCURVE('',#7639,#7761);
#7761 = DEFINITIONAL_REPRESENTATION('',(#7762),#7766);
#7762 = LINE('',#7763,#7764);
#7763 = CARTESIAN_POINT('',(0.,0.));
#7764 = VECTOR('',#7765,1.);
#7765 = DIRECTION('',(1.,0.));
#7766 = ( GEOMETRIC_REPRESENTATION_CONTEXT(2) 
PARAMETRIC_REPRESENTATION_CONTEXT() REPRESENTATION_CONTEXT('2D SPACE',''
  ) );
#7767 = PCURVE('',#7768,#7773);
#7768 = PLANE('',#7769);
#7769 = AXIS2_PLACEMENT_3D('',#7770,#7771,#7772);
#7770 = CARTESIAN_POINT('',(15.5,18.,11.5));
#7771 = DIRECTION('',(0.,1.,0.));
#7772 = DIRECTION('',(1.,0.,0.));
#7773 = DEFINITIONAL_REPRESENTATION('',(#7774),#7778);
#7774 = CIRCLE('',#7775,2.55);
#7775 = AXIS2_PLACEMENT_2D('',#7776,#7777);
#7776 = CARTESIAN_POINT('',(0.,0.));
#7777 = DIRECTION('',(1.,0.));
#7778 = ( GEOMETRIC_REPRESENTATION_CONTEXT(2) 
PARAMETRIC_REPRESENTATION_CONTEXT() REPRESENTATION_CONTEXT('2D SPACE',''
  ) );
#7779 = ORIENTED_EDGE('',*,*,#7780,.T.);
#7780 = EDGE_CURVE('',#7752,#7623,#7781,.T.);
#7781 = SURFACE_CURVE('',#7782,(#7787,#7794),.PCURVE_S1.);
#7782 = CIRCLE('',#7783,7.1);
#7783 = AXIS2_PLACEMENT_3D('',#7784,#7785,#7786);
#7784 = CARTESIAN_POINT('',(18.05,25.1,11.5));
#7785 = DIRECTION('',(0.,0.,1.));
#7786 = DIRECTION('',(1.501146624845E-15,-1.,0.));
#7787 = PCURVE('',#7639,#7788);
#7788 = DEFINITIONAL_REPRESENTATION('',(#7789),#7793);
#7789 = LINE('',#7790,#7791);
#7790 = CARTESIAN_POINT('',(6.28318530718,0.));
#7791 = VECTOR('',#7792,1.);
#7792 = DIRECTION('',(0.,1.));
#7793 = ( GEOMETRIC_REPRESENTATION_CONTEXT(2) 
PARAMETRIC_REPRESENTATION_CONTEXT() REPRESENTATION_CONTEXT('2D SPACE',''
  ) );
#7794 = PCURVE('',#62,#7795);
#7795 = DEFINITIONAL_REPRESENTATION('',(#7796),#7800);
#7796 = CIRCLE('',#7797,7.1);
#7797 = AXIS2_PLACEMENT_2D('',#7798,#7799);
#7798 = CARTESIAN_POINT('',(7.1,-18.05));
#7799 = DIRECTION('',(-1.,-1.501146624845E-15));
#7800 = ( GEOMETRIC_REPRESENTATION_CONTEXT(2) 
PARAMETRIC_REPRESENTATION_CONTEXT() REPRESENTATION_CONTEXT('2D SPACE',''
  ) );
#7801 = ORIENTED_EDGE('',*,*,#7620,.F.);
#7802 = ADVANCED_FACE('',(#7803),#7768,.T.);
#7803 = FACE_BOUND('',#7804,.T.);
#7804 = EDGE_LOOP('',(#7805,#7806));
#7805 = ORIENTED_EDGE('',*,*,#7751,.T.);
#7806 = ORIENTED_EDGE('',*,*,#7807,.F.);
#7807 = EDGE_CURVE('',#7708,#7752,#7808,.T.);
#7808 = SURFACE_CURVE('',#7809,(#7813,#7819),.PCURVE_S1.);
#7809 = LINE('',#7810,#7811);
#7810 = CARTESIAN_POINT('',(7.25,18.,11.5));
#7811 = VECTOR('',#7812,1.);
#7812 = DIRECTION('',(1.,0.,0.));
#7813 = PCURVE('',#7768,#7814);
#7814 = DEFINITIONAL_REPRESENTATION('',(#7815),#7818);
#7815 = B_SPLINE_CURVE_WITH_KNOTS('',1,(#7816,#7817),.UNSPECIFIED.,.F.,
  .F.,(2,2),(5.7,10.8),.PIECEWISE_BEZIER_KNOTS.);
#7816 = CARTESIAN_POINT('',(-2.55,0.));
#7817 = CARTESIAN_POINT('',(2.55,0.));
#7818 = ( GEOMETRIC_REPRESENTATION_CONTEXT(2) 
PARAMETRIC_REPRESENTATION_CONTEXT() REPRESENTATION_CONTEXT('2D SPACE',''
  ) );
#7819 = PCURVE('',#62,#7820);
#7820 = DEFINITIONAL_REPRESENTATION('',(#7821),#7825);
#7821 = LINE('',#7822,#7823);
#7822 = CARTESIAN_POINT('',(0.,-7.25));
#7823 = VECTOR('',#7824,1.);
#7824 = DIRECTION('',(0.,-1.));
#7825 = ( GEOMETRIC_REPRESENTATION_CONTEXT(2) 
PARAMETRIC_REPRESENTATION_CONTEXT() REPRESENTATION_CONTEXT('2D SPACE',''
  ) );
#7826 = ADVANCED_FACE('',(#7827),#62,.F.);
#7827 = FACE_BOUND('',#7828,.F.);
#7828 = EDGE_LOOP('',(#7829,#7830,#7831,#7832,#7833,#7834,#7835,#7836,
    #7837,#7838,#7839,#7840,#7841,#7842,#7843,#7844));
#7829 = ORIENTED_EDGE('',*,*,#7682,.T.);
#7830 = ORIENTED_EDGE('',*,*,#39,.T.);
#7831 = ORIENTED_EDGE('',*,*,#1619,.F.);
#7832 = ORIENTED_EDGE('',*,*,#2263,.T.);
#7833 = ORIENTED_EDGE('',*,*,#3879,.F.);
#7834 = ORIENTED_EDGE('',*,*,#6431,.F.);
#7835 = ORIENTED_EDGE('',*,*,#6322,.T.);
#7836 = ORIENTED_EDGE('',*,*,#5040,.T.);
#7837 = ORIENTED_EDGE('',*,*,#4823,.T.);
#7838 = ORIENTED_EDGE('',*,*,#2207,.T.);
#7839 = ORIENTED_EDGE('',*,*,#7596,.T.);
#7840 = ORIENTED_EDGE('',*,*,#107,.T.);
#7841 = ORIENTED_EDGE('',*,*,#7655,.F.);
#7842 = ORIENTED_EDGE('',*,*,#7780,.F.);
#7843 = ORIENTED_EDGE('',*,*,#7807,.F.);
#7844 = ORIENTED_EDGE('',*,*,#7707,.F.);
#7845 = ( GEOMETRIC_REPRESENTATION_CONTEXT(3) 
GLOBAL_UNCERTAINTY_ASSIGNED_CONTEXT((#7849)) 
GLOBAL_UNIT_ASSIGNED_CONTEXT((#7846,#7847,#7848)) REPRESENTATION_CONTEXT
('Context #1','3D Context with UNIT and UNCERTAINTY') );
#7846 = ( LENGTH_UNIT() NAMED_UNIT(*) SI_UNIT(.MILLI.,.METRE.) );
#7847 = ( NAMED_UNIT(*) PLANE_ANGLE_UNIT() SI_UNIT($,.RADIAN.) );
#7848 = ( NAMED_UNIT(*) SI_UNIT($,.STERADIAN.) SOLID_ANGLE_UNIT() );
#7849 = UNCERTAINTY_MEASURE_WITH_UNIT(LENGTH_MEASURE(5.E-07),#7846,
  'distance_accuracy_value','confusion accuracy');
#7850 = CONTEXT_DEPENDENT_SHAPE_REPRESENTATION(#7851,#7853);
#7851 = ( REPRESENTATION_RELATIONSHIP('','',#32,#10) 
REPRESENTATION_RELATIONSHIP_WITH_TRANSFORMATION(#7852) 
SHAPE_REPRESENTATION_RELATIONSHIP() );
#7852 = ITEM_DEFINED_TRANSFORMATION('','',#11,#15);
#7853 = PRODUCT_DEFINITION_SHAPE('Placement','Placement of an item',
  #7854);
#7854 = NEXT_ASSEMBLY_USAGE_OCCURRENCE('1','=>[0:1:1:2]','',#5,#27,$);
#7855 = PRODUCT_RELATED_PRODUCT_CATEGORY('part',$,(#29));
ENDSEC;
END-ISO-10303-21;
