ISO-10303-21;
HEADER;
FILE_DESCRIPTION(('Open CASCADE Model'),'2;1');
FILE_NAME('battery_cover_as_measured','2000-01-01T00:00:00',('Author'),(
    'Open CASCADE'),'Open CASCADE STEP processor 7.9','cadgen','Unknown'
  );
FILE_SCHEMA(('AUTOMOTIVE_DESIGN { 1 0 10303 214 1 1 1 1 }'));
ENDSEC;
DATA;
#1 = APPLICATION_PROTOCOL_DEFINITION('international standard',
  'automotive_design',2000,#2);
#2 = APPLICATION_CONTEXT(
  'core data for automotive mechanical design processes');
#3 = SHAPE_DEFINITION_REPRESENTATION(#4,#10);
#4 = PRODUCT_DEFINITION_SHAPE('','',#5);
#5 = PRODUCT_DEFINITION('design','',#6,#9);
#6 = PRODUCT_DEFINITION_FORMATION('','',#7);
#7 = PRODUCT('=>[0:1:1:2]','=>[0:1:1:2]','',(#8));
#8 = PRODUCT_CONTEXT('',#2,'mechanical');
#9 = PRODUCT_DEFINITION_CONTEXT('part definition',#2,'design');
#10 = SHAPE_REPRESENTATION('',(#11,#15),#19);
#11 = AXIS2_PLACEMENT_3D('',#12,#13,#14);
#12 = CARTESIAN_POINT('',(0.,0.,0.));
#13 = DIRECTION('',(0.,0.,1.));
#14 = DIRECTION('',(1.,0.,0.));
#15 = AXIS2_PLACEMENT_3D('',#16,#17,#18);
#16 = CARTESIAN_POINT('',(0.,0.,0.));
#17 = DIRECTION('',(0.,0.,1.));
#18 = DIRECTION('',(1.,0.,0.));
#19 = ( GEOMETRIC_REPRESENTATION_CONTEXT(3) 
GLOBAL_UNCERTAINTY_ASSIGNED_CONTEXT((#23)) GLOBAL_UNIT_ASSIGNED_CONTEXT(
(#20,#21,#22)) REPRESENTATION_CONTEXT('Context #1',
  '3D Context with UNIT and UNCERTAINTY') );
#20 = ( LENGTH_UNIT() NAMED_UNIT(*) SI_UNIT(.MILLI.,.METRE.) );
#21 = ( NAMED_UNIT(*) PLANE_ANGLE_UNIT() SI_UNIT($,.RADIAN.) );
#22 = ( NAMED_UNIT(*) SI_UNIT($,.STERADIAN.) SOLID_ANGLE_UNIT() );
#23 = UNCERTAINTY_MEASURE_WITH_UNIT(LENGTH_MEASURE(5.E-07),#20,
  'distance_accuracy_value','confusion accuracy');
#24 = PRODUCT_RELATED_PRODUCT_CATEGORY('part',$,(#7));
#25 = SHAPE_DEFINITION_REPRESENTATION(#26,#32);
#26 = PRODUCT_DEFINITION_SHAPE('','',#27);
#27 = PRODUCT_DEFINITION('design','',#28,#31);
#28 = PRODUCT_DEFINITION_FORMATION('','',#29);
#29 = PRODUCT('battery_cover_as_measured','battery_cover_as_measured',''
  ,(#30));
#30 = PRODUCT_CONTEXT('',#2,'mechanical');
#31 = PRODUCT_DEFINITION_CONTEXT('part definition',#2,'design');
#32 = ADVANCED_BREP_SHAPE_REPRESENTATION('',(#11,#33),#10293);
#33 = MANIFOLD_SOLID_BREP('',#34);
#34 = CLOSED_SHELL('',(#35,#263,#621,#698,#843,#914,#1925,#2141,#2414,
    #2579,#2647,#2674,#2807,#2987,#3055,#3082,#3200,#3249,#3298,#3347,
    #3396,#3445,#3452,#3459,#3466,#3473,#3500,#3532,#3899,#3971,#4225,
    #4715,#4849,#4921,#4970,#5020,#5047,#5074,#5083,#5159,#5237,#5313,
    #5386,#5415,#5442,#5451,#5522,#5599,#5675,#5797,#5868,#5916,#5943,
    #5970,#6021,#6072,#6121,#6170,#6246,#6317,#6393,#6464,#6493,#6520,
    #6547,#6572,#6601,#6628,#6655,#6680,#6732,#6781,#6833,#6860,#6923,
    #6972,#7022,#7071,#7121,#7638,#7713,#7795,#7877,#7952,#8027,#8104,
    #8181,#8251,#8278,#8305,#8332,#8361,#8388,#8415,#8444,#8471,#8478,
    #8554,#8642,#8728,#8811,#8881,#8951,#8999,#9047,#9096,#9145,#9172,
    #9201,#9228,#9255,#9282,#9311,#9318,#9367,#9416,#9446,#9475,#9512,
    #10059,#10085,#10257,#10285));
#35 = ADVANCED_FACE('',(#36),#51,.F.);
#36 = FACE_BOUND('',#37,.F.);
#37 = EDGE_LOOP('',(#38,#74,#102,#130,#158,#191,#214,#242));
#38 = ORIENTED_EDGE('',*,*,#39,.F.);
#39 = EDGE_CURVE('',#40,#42,#44,.T.);
#40 = VERTEX_POINT('',#41);
#41 = CARTESIAN_POINT('',(23.47217668469,19.968,11.5));
#42 = VERTEX_POINT('',#43);
#43 = CARTESIAN_POINT('',(7.52782331531,19.968,11.5));
#44 = SURFACE_CURVE('',#45,(#50,#62),.PCURVE_S1.);
#45 = CIRCLE('',#46,7.97217668469);
#46 = AXIS2_PLACEMENT_3D('',#47,#48,#49);
#47 = CARTESIAN_POINT('',(15.5,19.968,11.5));
#48 = DIRECTION('',(0.,-0.999715801672,-2.383937680911E-02));
#49 = DIRECTION('',(1.,0.,0.));
#50 = PCURVE('',#51,#56);
#51 = PLANE('',#52);
#52 = AXIS2_PLACEMENT_3D('',#53,#54,#55);
#53 = CARTESIAN_POINT('',(0.,19.968,11.5));
#54 = DIRECTION('',(0.,-0.999715801672,-2.383937680911E-02));
#55 = DIRECTION('',(0.,-2.383937680911E-02,0.999715801672));
#56 = DEFINITIONAL_REPRESENTATION('',(#57),#61);
#57 = CIRCLE('',#58,7.97217668469);
#58 = AXIS2_PLACEMENT_2D('',#59,#60);
#59 = CARTESIAN_POINT('',(0.,-15.5));
#60 = DIRECTION('',(0.,-1.));
#61 = ( GEOMETRIC_REPRESENTATION_CONTEXT(2) 
PARAMETRIC_REPRESENTATION_CONTEXT() REPRESENTATION_CONTEXT('2D SPACE',''
  ) );
#62 = PCURVE('',#63,#68);
#63 = TOROIDAL_SURFACE('',#64,7.97217668469,1.25);
#64 = AXIS2_PLACEMENT_3D('',#65,#66,#67);
#65 = CARTESIAN_POINT('',(15.5,18.71835524791,11.470200778989));
#66 = DIRECTION('',(0.,-0.999715801672,-2.383937680911E-02));
#67 = DIRECTION('',(1.,0.,0.));
#68 = DEFINITIONAL_REPRESENTATION('',(#69),#73);
#69 = LINE('',#70,#71);
#70 = CARTESIAN_POINT('',(-6.28318530718,4.712388980385));
#71 = VECTOR('',#72,1.);
#72 = DIRECTION('',(1.,0.));
#73 = ( GEOMETRIC_REPRESENTATION_CONTEXT(2) 
PARAMETRIC_REPRESENTATION_CONTEXT() REPRESENTATION_CONTEXT('2D SPACE',''
  ) );
#74 = ORIENTED_EDGE('',*,*,#75,.F.);
#75 = EDGE_CURVE('',#76,#40,#78,.T.);
#76 = VERTEX_POINT('',#77);
#77 = CARTESIAN_POINT('',(31.,19.968,11.5));
#78 = SURFACE_CURVE('',#79,(#83,#90),.PCURVE_S1.);
#79 = LINE('',#80,#81);
#80 = CARTESIAN_POINT('',(31.,19.968,11.5));
#81 = VECTOR('',#82,1.);
#82 = DIRECTION('',(-1.,0.,0.));
#83 = PCURVE('',#51,#84);
#84 = DEFINITIONAL_REPRESENTATION('',(#85),#89);
#85 = LINE('',#86,#87);
#86 = CARTESIAN_POINT('',(0.,-31.));
#87 = VECTOR('',#88,1.);
#88 = DIRECTION('',(0.,1.));
#89 = ( GEOMETRIC_REPRESENTATION_CONTEXT(2) 
PARAMETRIC_REPRESENTATION_CONTEXT() REPRESENTATION_CONTEXT('2D SPACE',''
  ) );
#90 = PCURVE('',#91,#96);
#91 = PLANE('',#92);
#92 = AXIS2_PLACEMENT_3D('',#93,#94,#95);
#93 = CARTESIAN_POINT('',(0.,17.968,11.5));
#94 = DIRECTION('',(0.,0.,1.));
#95 = DIRECTION('',(0.,1.,0.));
#96 = DEFINITIONAL_REPRESENTATION('',(#97),#101);
#97 = LINE('',#98,#99);
#98 = CARTESIAN_POINT('',(2.,-31.));
#99 = VECTOR('',#100,1.);
#100 = DIRECTION('',(0.,1.));
#101 = ( GEOMETRIC_REPRESENTATION_CONTEXT(2) 
PARAMETRIC_REPRESENTATION_CONTEXT() REPRESENTATION_CONTEXT('2D SPACE',''
  ) );
#102 = ORIENTED_EDGE('',*,*,#103,.T.);
#103 = EDGE_CURVE('',#76,#104,#106,.T.);
#104 = VERTEX_POINT('',#105);
#105 = CARTESIAN_POINT('',(31.,19.782,19.3));
#106 = SURFACE_CURVE('',#107,(#111,#118),.PCURVE_S1.);
#107 = LINE('',#108,#109);
#108 = CARTESIAN_POINT('',(31.,19.968,11.5));
#109 = VECTOR('',#110,1.);
#110 = DIRECTION('',(0.,-2.383937680911E-02,0.999715801672));
#111 = PCURVE('',#51,#112);
#112 = DEFINITIONAL_REPRESENTATION('',(#113),#117);
#113 = LINE('',#114,#115);
#114 = CARTESIAN_POINT('',(0.,-31.));
#115 = VECTOR('',#116,1.);
#116 = DIRECTION('',(1.,0.));
#117 = ( GEOMETRIC_REPRESENTATION_CONTEXT(2) 
PARAMETRIC_REPRESENTATION_CONTEXT() REPRESENTATION_CONTEXT('2D SPACE',''
  ) );
#118 = PCURVE('',#119,#124);
#119 = PLANE('',#120);
#120 = AXIS2_PLACEMENT_3D('',#121,#122,#123);
#121 = CARTESIAN_POINT('',(31.,18.818176229406,44.139949715536));
#122 = DIRECTION('',(1.,0.,0.));
#123 = DIRECTION('',(0.,0.,1.));
#124 = DEFINITIONAL_REPRESENTATION('',(#125),#129);
#125 = LINE('',#126,#127);
#126 = CARTESIAN_POINT('',(-32.63994971553,-1.149823770594));
#127 = VECTOR('',#128,1.);
#128 = DIRECTION('',(0.999715801672,2.383937680911E-02));
#129 = ( GEOMETRIC_REPRESENTATION_CONTEXT(2) 
PARAMETRIC_REPRESENTATION_CONTEXT() REPRESENTATION_CONTEXT('2D SPACE',''
  ) );
#130 = ORIENTED_EDGE('',*,*,#131,.F.);
#131 = EDGE_CURVE('',#132,#104,#134,.T.);
#132 = VERTEX_POINT('',#133);
#133 = CARTESIAN_POINT('',(24.617313420081,19.782,19.3));
#134 = SURFACE_CURVE('',#135,(#139,#146),.PCURVE_S1.);
#135 = LINE('',#136,#137);
#136 = CARTESIAN_POINT('',(0.,19.782,19.3));
#137 = VECTOR('',#138,1.);
#138 = DIRECTION('',(1.,0.,0.));
#139 = PCURVE('',#51,#140);
#140 = DEFINITIONAL_REPRESENTATION('',(#141),#145);
#141 = LINE('',#142,#143);
#142 = CARTESIAN_POINT('',(7.802217377131,0.));
#143 = VECTOR('',#144,1.);
#144 = DIRECTION('',(0.,-1.));
#145 = ( GEOMETRIC_REPRESENTATION_CONTEXT(2) 
PARAMETRIC_REPRESENTATION_CONTEXT() REPRESENTATION_CONTEXT('2D SPACE',''
  ) );
#146 = PCURVE('',#147,#152);
#147 = PLANE('',#148);
#148 = AXIS2_PLACEMENT_3D('',#149,#150,#151);
#149 = CARTESIAN_POINT('',(0.,19.782,19.3));
#150 = DIRECTION('',(0.,-0.999934060407,-1.14836770415E-02));
#151 = DIRECTION('',(0.,-1.14836770415E-02,0.999934060407));
#152 = DEFINITIONAL_REPRESENTATION('',(#153),#157);
#153 = LINE('',#154,#155);
#154 = CARTESIAN_POINT('',(0.,0.));
#155 = VECTOR('',#156,1.);
#156 = DIRECTION('',(0.,-1.));
#157 = ( GEOMETRIC_REPRESENTATION_CONTEXT(2) 
PARAMETRIC_REPRESENTATION_CONTEXT() REPRESENTATION_CONTEXT('2D SPACE',''
  ) );
#158 = ORIENTED_EDGE('',*,*,#159,.F.);
#159 = EDGE_CURVE('',#160,#132,#162,.T.);
#160 = VERTEX_POINT('',#161);
#161 = CARTESIAN_POINT('',(6.382686579918,19.782,19.3));
#162 = SURFACE_CURVE('',#163,(#168,#179),.PCURVE_S1.);
#163 = CIRCLE('',#164,12.);
#164 = AXIS2_PLACEMENT_3D('',#165,#166,#167);
#165 = CARTESIAN_POINT('',(15.5,19.968,11.5));
#166 = DIRECTION('',(0.,0.999715801672,2.383937680911E-02));
#167 = DIRECTION('',(1.,0.,0.));
#168 = PCURVE('',#51,#169);
#169 = DEFINITIONAL_REPRESENTATION('',(#170),#178);
#170 = ( BOUNDED_CURVE() B_SPLINE_CURVE(2,(#171,#172,#173,#174,#175,#176
,#177),.UNSPECIFIED.,.T.,.F.) B_SPLINE_CURVE_WITH_KNOTS((1,2,2,2,2,1),(
    -2.094395102393,0.,2.094395102393,4.188790204786,6.28318530718,
8.377580409573),.UNSPECIFIED.) CURVE() GEOMETRIC_REPRESENTATION_ITEM() 
RATIONAL_B_SPLINE_CURVE((1.,0.5,1.,0.5,1.,0.5,1.)) REPRESENTATION_ITEM(
  '') );
#171 = CARTESIAN_POINT('',(0.,-27.5));
#172 = CARTESIAN_POINT('',(-20.78460969082,-27.5));
#173 = CARTESIAN_POINT('',(-10.39230484541,-9.5));
#174 = CARTESIAN_POINT('',(-2.939152317954E-15,8.5));
#175 = CARTESIAN_POINT('',(10.392304845413,-9.5));
#176 = CARTESIAN_POINT('',(20.784609690827,-27.5));
#177 = CARTESIAN_POINT('',(0.,-27.5));
#178 = ( GEOMETRIC_REPRESENTATION_CONTEXT(2) 
PARAMETRIC_REPRESENTATION_CONTEXT() REPRESENTATION_CONTEXT('2D SPACE',''
  ) );
#179 = PCURVE('',#180,#185);
#180 = CYLINDRICAL_SURFACE('',#181,12.);
#181 = AXIS2_PLACEMENT_3D('',#182,#183,#184);
#182 = CARTESIAN_POINT('',(15.5,19.968,11.5));
#183 = DIRECTION('',(0.,0.999715801672,2.383937680911E-02));
#184 = DIRECTION('',(1.,0.,0.));
#185 = DEFINITIONAL_REPRESENTATION('',(#186),#190);
#186 = LINE('',#187,#188);
#187 = CARTESIAN_POINT('',(0.,0.));
#188 = VECTOR('',#189,1.);
#189 = DIRECTION('',(1.,0.));
#190 = ( GEOMETRIC_REPRESENTATION_CONTEXT(2) 
PARAMETRIC_REPRESENTATION_CONTEXT() REPRESENTATION_CONTEXT('2D SPACE',''
  ) );
#191 = ORIENTED_EDGE('',*,*,#192,.F.);
#192 = EDGE_CURVE('',#193,#160,#195,.T.);
#193 = VERTEX_POINT('',#194);
#194 = CARTESIAN_POINT('',(0.,19.782,19.3));
#195 = SURFACE_CURVE('',#196,(#200,#207),.PCURVE_S1.);
#196 = LINE('',#197,#198);
#197 = CARTESIAN_POINT('',(0.,19.782,19.3));
#198 = VECTOR('',#199,1.);
#199 = DIRECTION('',(1.,0.,0.));
#200 = PCURVE('',#51,#201);
#201 = DEFINITIONAL_REPRESENTATION('',(#202),#206);
#202 = LINE('',#203,#204);
#203 = CARTESIAN_POINT('',(7.802217377131,0.));
#204 = VECTOR('',#205,1.);
#205 = DIRECTION('',(0.,-1.));
#206 = ( GEOMETRIC_REPRESENTATION_CONTEXT(2) 
PARAMETRIC_REPRESENTATION_CONTEXT() REPRESENTATION_CONTEXT('2D SPACE',''
  ) );
#207 = PCURVE('',#147,#208);
#208 = DEFINITIONAL_REPRESENTATION('',(#209),#213);
#209 = LINE('',#210,#211);
#210 = CARTESIAN_POINT('',(0.,0.));
#211 = VECTOR('',#212,1.);
#212 = DIRECTION('',(0.,-1.));
#213 = ( GEOMETRIC_REPRESENTATION_CONTEXT(2) 
PARAMETRIC_REPRESENTATION_CONTEXT() REPRESENTATION_CONTEXT('2D SPACE',''
  ) );
#214 = ORIENTED_EDGE('',*,*,#215,.F.);
#215 = EDGE_CURVE('',#216,#193,#218,.T.);
#216 = VERTEX_POINT('',#217);
#217 = CARTESIAN_POINT('',(0.,19.968,11.5));
#218 = SURFACE_CURVE('',#219,(#223,#230),.PCURVE_S1.);
#219 = LINE('',#220,#221);
#220 = CARTESIAN_POINT('',(0.,19.968,11.5));
#221 = VECTOR('',#222,1.);
#222 = DIRECTION('',(0.,-2.383937680911E-02,0.999715801672));
#223 = PCURVE('',#51,#224);
#224 = DEFINITIONAL_REPRESENTATION('',(#225),#229);
#225 = LINE('',#226,#227);
#226 = CARTESIAN_POINT('',(0.,0.));
#227 = VECTOR('',#228,1.);
#228 = DIRECTION('',(1.,0.));
#229 = ( GEOMETRIC_REPRESENTATION_CONTEXT(2) 
PARAMETRIC_REPRESENTATION_CONTEXT() REPRESENTATION_CONTEXT('2D SPACE',''
  ) );
#230 = PCURVE('',#231,#236);
#231 = PLANE('',#232);
#232 = AXIS2_PLACEMENT_3D('',#233,#234,#235);
#233 = CARTESIAN_POINT('',(0.,18.818176229406,44.139949715536));
#234 = DIRECTION('',(1.,0.,0.));
#235 = DIRECTION('',(0.,0.,1.));
#236 = DEFINITIONAL_REPRESENTATION('',(#237),#241);
#237 = LINE('',#238,#239);
#238 = CARTESIAN_POINT('',(-32.63994971553,-1.149823770594));
#239 = VECTOR('',#240,1.);
#240 = DIRECTION('',(0.999715801672,2.383937680911E-02));
#241 = ( GEOMETRIC_REPRESENTATION_CONTEXT(2) 
PARAMETRIC_REPRESENTATION_CONTEXT() REPRESENTATION_CONTEXT('2D SPACE',''
  ) );
#242 = ORIENTED_EDGE('',*,*,#243,.F.);
#243 = EDGE_CURVE('',#42,#216,#244,.T.);
#244 = SURFACE_CURVE('',#245,(#249,#256),.PCURVE_S1.);
#245 = LINE('',#246,#247);
#246 = CARTESIAN_POINT('',(7.52782331531,19.968,11.5));
#247 = VECTOR('',#248,1.);
#248 = DIRECTION('',(-1.,9.438886992938E-16,-3.02044383774E-14));
#249 = PCURVE('',#51,#250);
#250 = DEFINITIONAL_REPRESENTATION('',(#251),#255);
#251 = LINE('',#252,#253);
#252 = CARTESIAN_POINT('',(2.274784451851E-13,-7.52782331531));
#253 = VECTOR('',#254,1.);
#254 = DIRECTION('',(-3.021835604489E-14,1.));
#255 = ( GEOMETRIC_REPRESENTATION_CONTEXT(2) 
PARAMETRIC_REPRESENTATION_CONTEXT() REPRESENTATION_CONTEXT('2D SPACE',''
  ) );
#256 = PCURVE('',#91,#257);
#257 = DEFINITIONAL_REPRESENTATION('',(#258),#262);
#258 = LINE('',#259,#260);
#259 = CARTESIAN_POINT('',(2.,-7.52782331531));
#260 = VECTOR('',#261,1.);
#261 = DIRECTION('',(9.438886992938E-16,1.));
#262 = ( GEOMETRIC_REPRESENTATION_CONTEXT(2) 
PARAMETRIC_REPRESENTATION_CONTEXT() REPRESENTATION_CONTEXT('2D SPACE',''
  ) );
#263 = ADVANCED_FACE('',(#264),#231,.F.);
#264 = FACE_BOUND('',#265,.F.);
#265 = EDGE_LOOP('',(#266,#289,#290,#313,#341,#369,#397,#426,#454,#483,
    #511,#539,#567,#595));
#266 = ORIENTED_EDGE('',*,*,#267,.T.);
#267 = EDGE_CURVE('',#268,#216,#270,.T.);
#268 = VERTEX_POINT('',#269);
#269 = CARTESIAN_POINT('',(0.,17.968,11.5));
#270 = SURFACE_CURVE('',#271,(#275,#282),.PCURVE_S1.);
#271 = LINE('',#272,#273);
#272 = CARTESIAN_POINT('',(0.,17.968,11.5));
#273 = VECTOR('',#274,1.);
#274 = DIRECTION('',(0.,1.,0.));
#275 = PCURVE('',#231,#276);
#276 = DEFINITIONAL_REPRESENTATION('',(#277),#281);
#277 = LINE('',#278,#279);
#278 = CARTESIAN_POINT('',(-32.63994971553,0.850176229406));
#279 = VECTOR('',#280,1.);
#280 = DIRECTION('',(0.,-1.));
#281 = ( GEOMETRIC_REPRESENTATION_CONTEXT(2) 
PARAMETRIC_REPRESENTATION_CONTEXT() REPRESENTATION_CONTEXT('2D SPACE',''
  ) );
#282 = PCURVE('',#91,#283);
#283 = DEFINITIONAL_REPRESENTATION('',(#284),#288);
#284 = LINE('',#285,#286);
#285 = CARTESIAN_POINT('',(0.,0.));
#286 = VECTOR('',#287,1.);
#287 = DIRECTION('',(1.,0.));
#288 = ( GEOMETRIC_REPRESENTATION_CONTEXT(2) 
PARAMETRIC_REPRESENTATION_CONTEXT() REPRESENTATION_CONTEXT('2D SPACE',''
  ) );
#289 = ORIENTED_EDGE('',*,*,#215,.T.);
#290 = ORIENTED_EDGE('',*,*,#291,.T.);
#291 = EDGE_CURVE('',#193,#292,#294,.T.);
#292 = VERTEX_POINT('',#293);
#293 = CARTESIAN_POINT('',(0.,19.661,29.836));
#294 = SURFACE_CURVE('',#295,(#299,#306),.PCURVE_S1.);
#295 = LINE('',#296,#297);
#296 = CARTESIAN_POINT('',(0.,19.782,19.3));
#297 = VECTOR('',#298,1.);
#298 = DIRECTION('',(0.,-1.14836770415E-02,0.999934060407));
#299 = PCURVE('',#231,#300);
#300 = DEFINITIONAL_REPRESENTATION('',(#301),#305);
#301 = LINE('',#302,#303);
#302 = CARTESIAN_POINT('',(-24.83994971553,-0.963823770594));
#303 = VECTOR('',#304,1.);
#304 = DIRECTION('',(0.999934060407,1.14836770415E-02));
#305 = ( GEOMETRIC_REPRESENTATION_CONTEXT(2) 
PARAMETRIC_REPRESENTATION_CONTEXT() REPRESENTATION_CONTEXT('2D SPACE',''
  ) );
#306 = PCURVE('',#147,#307);
#307 = DEFINITIONAL_REPRESENTATION('',(#308),#312);
#308 = LINE('',#309,#310);
#309 = CARTESIAN_POINT('',(0.,0.));
#310 = VECTOR('',#311,1.);
#311 = DIRECTION('',(1.,0.));
#312 = ( GEOMETRIC_REPRESENTATION_CONTEXT(2) 
PARAMETRIC_REPRESENTATION_CONTEXT() REPRESENTATION_CONTEXT('2D SPACE',''
  ) );
#313 = ORIENTED_EDGE('',*,*,#314,.T.);
#314 = EDGE_CURVE('',#292,#315,#317,.T.);
#315 = VERTEX_POINT('',#316);
#316 = CARTESIAN_POINT('',(0.,19.704,42.696));
#317 = SURFACE_CURVE('',#318,(#322,#329),.PCURVE_S1.);
#318 = LINE('',#319,#320);
#319 = CARTESIAN_POINT('',(0.,19.661,29.836));
#320 = VECTOR('',#321,1.);
#321 = DIRECTION('',(0.,3.343682707988E-03,0.999994409877));
#322 = PCURVE('',#231,#323);
#323 = DEFINITIONAL_REPRESENTATION('',(#324),#328);
#324 = LINE('',#325,#326);
#325 = CARTESIAN_POINT('',(-14.30394971553,-0.842823770594));
#326 = VECTOR('',#327,1.);
#327 = DIRECTION('',(0.999994409877,-3.343682707988E-03));
#328 = ( GEOMETRIC_REPRESENTATION_CONTEXT(2) 
PARAMETRIC_REPRESENTATION_CONTEXT() REPRESENTATION_CONTEXT('2D SPACE',''
  ) );
#329 = PCURVE('',#330,#335);
#330 = PLANE('',#331);
#331 = AXIS2_PLACEMENT_3D('',#332,#333,#334);
#332 = CARTESIAN_POINT('',(0.,19.661,29.836));
#333 = DIRECTION('',(0.,-0.999994409877,3.343682707988E-03));
#334 = DIRECTION('',(0.,3.343682707988E-03,0.999994409877));
#335 = DEFINITIONAL_REPRESENTATION('',(#336),#340);
#336 = LINE('',#337,#338);
#337 = CARTESIAN_POINT('',(0.,0.));
#338 = VECTOR('',#339,1.);
#339 = DIRECTION('',(1.,0.));
#340 = ( GEOMETRIC_REPRESENTATION_CONTEXT(2) 
PARAMETRIC_REPRESENTATION_CONTEXT() REPRESENTATION_CONTEXT('2D SPACE',''
  ) );
#341 = ORIENTED_EDGE('',*,*,#342,.T.);
#342 = EDGE_CURVE('',#315,#343,#345,.T.);
#343 = VERTEX_POINT('',#344);
#344 = CARTESIAN_POINT('',(0.,19.966,67.247));
#345 = SURFACE_CURVE('',#346,(#350,#357),.PCURVE_S1.);
#346 = LINE('',#347,#348);
#347 = CARTESIAN_POINT('',(0.,19.704,42.696));
#348 = VECTOR('',#349,1.);
#349 = DIRECTION('',(0.,1.067105545268E-02,0.999943062667));
#350 = PCURVE('',#231,#351);
#351 = DEFINITIONAL_REPRESENTATION('',(#352),#356);
#352 = LINE('',#353,#354);
#353 = CARTESIAN_POINT('',(-1.443949715536,-0.885823770594));
#354 = VECTOR('',#355,1.);
#355 = DIRECTION('',(0.999943062667,-1.067105545268E-02));
#356 = ( GEOMETRIC_REPRESENTATION_CONTEXT(2) 
PARAMETRIC_REPRESENTATION_CONTEXT() REPRESENTATION_CONTEXT('2D SPACE',''
  ) );
#357 = PCURVE('',#358,#363);
#358 = PLANE('',#359);
#359 = AXIS2_PLACEMENT_3D('',#360,#361,#362);
#360 = CARTESIAN_POINT('',(0.,19.704,42.696));
#361 = DIRECTION('',(0.,-0.999943062667,1.067105545268E-02));
#362 = DIRECTION('',(0.,1.067105545268E-02,0.999943062667));
#363 = DEFINITIONAL_REPRESENTATION('',(#364),#368);
#364 = LINE('',#365,#366);
#365 = CARTESIAN_POINT('',(0.,0.));
#366 = VECTOR('',#367,1.);
#367 = DIRECTION('',(1.,0.));
#368 = ( GEOMETRIC_REPRESENTATION_CONTEXT(2) 
PARAMETRIC_REPRESENTATION_CONTEXT() REPRESENTATION_CONTEXT('2D SPACE',''
  ) );
#369 = ORIENTED_EDGE('',*,*,#370,.T.);
#370 = EDGE_CURVE('',#343,#371,#373,.T.);
#371 = VERTEX_POINT('',#372);
#372 = CARTESIAN_POINT('',(0.,20.,76.5));
#373 = SURFACE_CURVE('',#374,(#378,#385),.PCURVE_S1.);
#374 = LINE('',#375,#376);
#375 = CARTESIAN_POINT('',(0.,19.966,67.247));
#376 = VECTOR('',#377,1.);
#377 = DIRECTION('',(0.,3.674459145269E-03,0.999993249152));
#378 = PCURVE('',#231,#379);
#379 = DEFINITIONAL_REPRESENTATION('',(#380),#384);
#380 = LINE('',#381,#382);
#381 = CARTESIAN_POINT('',(23.107050284464,-1.147823770594));
#382 = VECTOR('',#383,1.);
#383 = DIRECTION('',(0.999993249152,-3.674459145269E-03));
#384 = ( GEOMETRIC_REPRESENTATION_CONTEXT(2) 
PARAMETRIC_REPRESENTATION_CONTEXT() REPRESENTATION_CONTEXT('2D SPACE',''
  ) );
#385 = PCURVE('',#386,#391);
#386 = PLANE('',#387);
#387 = AXIS2_PLACEMENT_3D('',#388,#389,#390);
#388 = CARTESIAN_POINT('',(0.,19.966,67.247));
#389 = DIRECTION('',(0.,-0.999993249152,3.674459145269E-03));
#390 = DIRECTION('',(0.,3.674459145269E-03,0.999993249152));
#391 = DEFINITIONAL_REPRESENTATION('',(#392),#396);
#392 = LINE('',#393,#394);
#393 = CARTESIAN_POINT('',(0.,0.));
#394 = VECTOR('',#395,1.);
#395 = DIRECTION('',(1.,0.));
#396 = ( GEOMETRIC_REPRESENTATION_CONTEXT(2) 
PARAMETRIC_REPRESENTATION_CONTEXT() REPRESENTATION_CONTEXT('2D SPACE',''
  ) );
#397 = ORIENTED_EDGE('',*,*,#398,.T.);
#398 = EDGE_CURVE('',#371,#399,#401,.T.);
#399 = VERTEX_POINT('',#400);
#400 = CARTESIAN_POINT('',(0.,19.5,77.));
#401 = SURFACE_CURVE('',#402,(#407,#414),.PCURVE_S1.);
#402 = CIRCLE('',#403,0.5);
#403 = AXIS2_PLACEMENT_3D('',#404,#405,#406);
#404 = CARTESIAN_POINT('',(0.,19.5,76.5));
#405 = DIRECTION('',(1.,0.,0.));
#406 = DIRECTION('',(0.,1.,0.));
#407 = PCURVE('',#231,#408);
#408 = DEFINITIONAL_REPRESENTATION('',(#409),#413);
#409 = CIRCLE('',#410,0.5);
#410 = AXIS2_PLACEMENT_2D('',#411,#412);
#411 = CARTESIAN_POINT('',(32.360050284464,-0.681823770594));
#412 = DIRECTION('',(0.,-1.));
#413 = ( GEOMETRIC_REPRESENTATION_CONTEXT(2) 
PARAMETRIC_REPRESENTATION_CONTEXT() REPRESENTATION_CONTEXT('2D SPACE',''
  ) );
#414 = PCURVE('',#415,#420);
#415 = CYLINDRICAL_SURFACE('',#416,0.5);
#416 = AXIS2_PLACEMENT_3D('',#417,#418,#419);
#417 = CARTESIAN_POINT('',(0.,19.5,76.5));
#418 = DIRECTION('',(-1.,0.,0.));
#419 = DIRECTION('',(0.,1.,0.));
#420 = DEFINITIONAL_REPRESENTATION('',(#421),#425);
#421 = LINE('',#422,#423);
#422 = CARTESIAN_POINT('',(0.,0.));
#423 = VECTOR('',#424,1.);
#424 = DIRECTION('',(-1.,0.));
#425 = ( GEOMETRIC_REPRESENTATION_CONTEXT(2) 
PARAMETRIC_REPRESENTATION_CONTEXT() REPRESENTATION_CONTEXT('2D SPACE',''
  ) );
#426 = ORIENTED_EDGE('',*,*,#427,.T.);
#427 = EDGE_CURVE('',#399,#428,#430,.T.);
#428 = VERTEX_POINT('',#429);
#429 = CARTESIAN_POINT('',(0.,18.5,77.));
#430 = SURFACE_CURVE('',#431,(#435,#442),.PCURVE_S1.);
#431 = LINE('',#432,#433);
#432 = CARTESIAN_POINT('',(0.,19.5,77.));
#433 = VECTOR('',#434,1.);
#434 = DIRECTION('',(0.,-1.,0.));
#435 = PCURVE('',#231,#436);
#436 = DEFINITIONAL_REPRESENTATION('',(#437),#441);
#437 = LINE('',#438,#439);
#438 = CARTESIAN_POINT('',(32.860050284464,-0.681823770594));
#439 = VECTOR('',#440,1.);
#440 = DIRECTION('',(0.,1.));
#441 = ( GEOMETRIC_REPRESENTATION_CONTEXT(2) 
PARAMETRIC_REPRESENTATION_CONTEXT() REPRESENTATION_CONTEXT('2D SPACE',''
  ) );
#442 = PCURVE('',#443,#448);
#443 = PLANE('',#444);
#444 = AXIS2_PLACEMENT_3D('',#445,#446,#447);
#445 = CARTESIAN_POINT('',(0.,19.5,77.));
#446 = DIRECTION('',(0.,0.,-1.));
#447 = DIRECTION('',(0.,-1.,0.));
#448 = DEFINITIONAL_REPRESENTATION('',(#449),#453);
#449 = LINE('',#450,#451);
#450 = CARTESIAN_POINT('',(0.,0.));
#451 = VECTOR('',#452,1.);
#452 = DIRECTION('',(1.,0.));
#453 = ( GEOMETRIC_REPRESENTATION_CONTEXT(2) 
PARAMETRIC_REPRESENTATION_CONTEXT() REPRESENTATION_CONTEXT('2D SPACE',''
  ) );
#454 = ORIENTED_EDGE('',*,*,#455,.T.);
#455 = EDGE_CURVE('',#428,#456,#458,.T.);
#456 = VERTEX_POINT('',#457);
#457 = CARTESIAN_POINT('',(0.,18.,76.5));
#458 = SURFACE_CURVE('',#459,(#464,#471),.PCURVE_S1.);
#459 = CIRCLE('',#460,0.5);
#460 = AXIS2_PLACEMENT_3D('',#461,#462,#463);
#461 = CARTESIAN_POINT('',(0.,18.5,76.5));
#462 = DIRECTION('',(1.,0.,0.));
#463 = DIRECTION('',(0.,1.42108547152E-14,1.));
#464 = PCURVE('',#231,#465);
#465 = DEFINITIONAL_REPRESENTATION('',(#466),#470);
#466 = CIRCLE('',#467,0.5);
#467 = AXIS2_PLACEMENT_2D('',#468,#469);
#468 = CARTESIAN_POINT('',(32.360050284464,0.318176229406));
#469 = DIRECTION('',(1.,-1.42108547152E-14));
#470 = ( GEOMETRIC_REPRESENTATION_CONTEXT(2) 
PARAMETRIC_REPRESENTATION_CONTEXT() REPRESENTATION_CONTEXT('2D SPACE',''
  ) );
#471 = PCURVE('',#472,#477);
#472 = CYLINDRICAL_SURFACE('',#473,0.5);
#473 = AXIS2_PLACEMENT_3D('',#474,#475,#476);
#474 = CARTESIAN_POINT('',(0.,18.5,76.5));
#475 = DIRECTION('',(-1.,0.,0.));
#476 = DIRECTION('',(0.,1.42108547152E-14,1.));
#477 = DEFINITIONAL_REPRESENTATION('',(#478),#482);
#478 = LINE('',#479,#480);
#479 = CARTESIAN_POINT('',(0.,0.));
#480 = VECTOR('',#481,1.);
#481 = DIRECTION('',(-1.,0.));
#482 = ( GEOMETRIC_REPRESENTATION_CONTEXT(2) 
PARAMETRIC_REPRESENTATION_CONTEXT() REPRESENTATION_CONTEXT('2D SPACE',''
  ) );
#483 = ORIENTED_EDGE('',*,*,#484,.F.);
#484 = EDGE_CURVE('',#485,#456,#487,.T.);
#485 = VERTEX_POINT('',#486);
#486 = CARTESIAN_POINT('',(0.,16.,76.5));
#487 = SURFACE_CURVE('',#488,(#492,#499),.PCURVE_S1.);
#488 = LINE('',#489,#490);
#489 = CARTESIAN_POINT('',(0.,16.,76.5));
#490 = VECTOR('',#491,1.);
#491 = DIRECTION('',(0.,1.,0.));
#492 = PCURVE('',#231,#493);
#493 = DEFINITIONAL_REPRESENTATION('',(#494),#498);
#494 = LINE('',#495,#496);
#495 = CARTESIAN_POINT('',(32.360050284464,2.818176229406));
#496 = VECTOR('',#497,1.);
#497 = DIRECTION('',(0.,-1.));
#498 = ( GEOMETRIC_REPRESENTATION_CONTEXT(2) 
PARAMETRIC_REPRESENTATION_CONTEXT() REPRESENTATION_CONTEXT('2D SPACE',''
  ) );
#499 = PCURVE('',#500,#505);
#500 = PLANE('',#501);
#501 = AXIS2_PLACEMENT_3D('',#502,#503,#504);
#502 = CARTESIAN_POINT('',(0.,16.,76.5));
#503 = DIRECTION('',(0.,0.,1.));
#504 = DIRECTION('',(1.,0.,0.));
#505 = DEFINITIONAL_REPRESENTATION('',(#506),#510);
#506 = LINE('',#507,#508);
#507 = CARTESIAN_POINT('',(0.,0.));
#508 = VECTOR('',#509,1.);
#509 = DIRECTION('',(0.,1.));
#510 = ( GEOMETRIC_REPRESENTATION_CONTEXT(2) 
PARAMETRIC_REPRESENTATION_CONTEXT() REPRESENTATION_CONTEXT('2D SPACE',''
  ) );
#511 = ORIENTED_EDGE('',*,*,#512,.F.);
#512 = EDGE_CURVE('',#513,#485,#515,.T.);
#513 = VERTEX_POINT('',#514);
#514 = CARTESIAN_POINT('',(0.,16.,26.5));
#515 = SURFACE_CURVE('',#516,(#520,#527),.PCURVE_S1.);
#516 = LINE('',#517,#518);
#517 = CARTESIAN_POINT('',(0.,16.,26.5));
#518 = VECTOR('',#519,1.);
#519 = DIRECTION('',(0.,0.,1.));
#520 = PCURVE('',#231,#521);
#521 = DEFINITIONAL_REPRESENTATION('',(#522),#526);
#522 = LINE('',#523,#524);
#523 = CARTESIAN_POINT('',(-17.63994971553,2.818176229406));
#524 = VECTOR('',#525,1.);
#525 = DIRECTION('',(1.,0.));
#526 = ( GEOMETRIC_REPRESENTATION_CONTEXT(2) 
PARAMETRIC_REPRESENTATION_CONTEXT() REPRESENTATION_CONTEXT('2D SPACE',''
  ) );
#527 = PCURVE('',#528,#533);
#528 = PLANE('',#529);
#529 = AXIS2_PLACEMENT_3D('',#530,#531,#532);
#530 = CARTESIAN_POINT('',(0.,16.,26.5));
#531 = DIRECTION('',(0.,1.,0.));
#532 = DIRECTION('',(0.,0.,1.));
#533 = DEFINITIONAL_REPRESENTATION('',(#534),#538);
#534 = LINE('',#535,#536);
#535 = CARTESIAN_POINT('',(0.,0.));
#536 = VECTOR('',#537,1.);
#537 = DIRECTION('',(1.,0.));
#538 = ( GEOMETRIC_REPRESENTATION_CONTEXT(2) 
PARAMETRIC_REPRESENTATION_CONTEXT() REPRESENTATION_CONTEXT('2D SPACE',''
  ) );
#539 = ORIENTED_EDGE('',*,*,#540,.T.);
#540 = EDGE_CURVE('',#513,#541,#543,.T.);
#541 = VERTEX_POINT('',#542);
#542 = CARTESIAN_POINT('',(0.,17.699312072893,26.5));
#543 = SURFACE_CURVE('',#544,(#548,#555),.PCURVE_S1.);
#544 = LINE('',#545,#546);
#545 = CARTESIAN_POINT('',(0.,16.,26.5));
#546 = VECTOR('',#547,1.);
#547 = DIRECTION('',(0.,1.,0.));
#548 = PCURVE('',#231,#549);
#549 = DEFINITIONAL_REPRESENTATION('',(#550),#554);
#550 = LINE('',#551,#552);
#551 = CARTESIAN_POINT('',(-17.63994971553,2.818176229406));
#552 = VECTOR('',#553,1.);
#553 = DIRECTION('',(0.,-1.));
#554 = ( GEOMETRIC_REPRESENTATION_CONTEXT(2) 
PARAMETRIC_REPRESENTATION_CONTEXT() REPRESENTATION_CONTEXT('2D SPACE',''
  ) );
#555 = PCURVE('',#556,#561);
#556 = PLANE('',#557);
#557 = AXIS2_PLACEMENT_3D('',#558,#559,#560);
#558 = CARTESIAN_POINT('',(0.,16.,26.5));
#559 = DIRECTION('',(0.,0.,1.));
#560 = DIRECTION('',(1.,0.,0.));
#561 = DEFINITIONAL_REPRESENTATION('',(#562),#566);
#562 = LINE('',#563,#564);
#563 = CARTESIAN_POINT('',(0.,0.));
#564 = VECTOR('',#565,1.);
#565 = DIRECTION('',(0.,1.));
#566 = ( GEOMETRIC_REPRESENTATION_CONTEXT(2) 
PARAMETRIC_REPRESENTATION_CONTEXT() REPRESENTATION_CONTEXT('2D SPACE',''
  ) );
#567 = ORIENTED_EDGE('',*,*,#568,.T.);
#568 = EDGE_CURVE('',#541,#569,#571,.T.);
#569 = VERTEX_POINT('',#570);
#570 = CARTESIAN_POINT('',(0.,17.782,19.3));
#571 = SURFACE_CURVE('',#572,(#576,#583),.PCURVE_S1.);
#572 = LINE('',#573,#574);
#573 = CARTESIAN_POINT('',(0.,17.661,29.836));
#574 = VECTOR('',#575,1.);
#575 = DIRECTION('',(0.,1.14836770415E-02,-0.999934060407));
#576 = PCURVE('',#231,#577);
#577 = DEFINITIONAL_REPRESENTATION('',(#578),#582);
#578 = LINE('',#579,#580);
#579 = CARTESIAN_POINT('',(-14.30394971553,1.157176229406));
#580 = VECTOR('',#581,1.);
#581 = DIRECTION('',(-0.999934060407,-1.14836770415E-02));
#582 = ( GEOMETRIC_REPRESENTATION_CONTEXT(2) 
PARAMETRIC_REPRESENTATION_CONTEXT() REPRESENTATION_CONTEXT('2D SPACE',''
  ) );
#583 = PCURVE('',#584,#589);
#584 = PLANE('',#585);
#585 = AXIS2_PLACEMENT_3D('',#586,#587,#588);
#586 = CARTESIAN_POINT('',(0.,17.661,29.836));
#587 = DIRECTION('',(0.,0.999934060407,1.14836770415E-02));
#588 = DIRECTION('',(0.,1.14836770415E-02,-0.999934060407));
#589 = DEFINITIONAL_REPRESENTATION('',(#590),#594);
#590 = LINE('',#591,#592);
#591 = CARTESIAN_POINT('',(0.,0.));
#592 = VECTOR('',#593,1.);
#593 = DIRECTION('',(1.,0.));
#594 = ( GEOMETRIC_REPRESENTATION_CONTEXT(2) 
PARAMETRIC_REPRESENTATION_CONTEXT() REPRESENTATION_CONTEXT('2D SPACE',''
  ) );
#595 = ORIENTED_EDGE('',*,*,#596,.T.);
#596 = EDGE_CURVE('',#569,#268,#597,.T.);
#597 = SURFACE_CURVE('',#598,(#602,#609),.PCURVE_S1.);
#598 = LINE('',#599,#600);
#599 = CARTESIAN_POINT('',(0.,17.782,19.3));
#600 = VECTOR('',#601,1.);
#601 = DIRECTION('',(0.,2.383937680911E-02,-0.999715801672));
#602 = PCURVE('',#231,#603);
#603 = DEFINITIONAL_REPRESENTATION('',(#604),#608);
#604 = LINE('',#605,#606);
#605 = CARTESIAN_POINT('',(-24.83994971553,1.036176229406));
#606 = VECTOR('',#607,1.);
#607 = DIRECTION('',(-0.999715801672,-2.383937680911E-02));
#608 = ( GEOMETRIC_REPRESENTATION_CONTEXT(2) 
PARAMETRIC_REPRESENTATION_CONTEXT() REPRESENTATION_CONTEXT('2D SPACE',''
  ) );
#609 = PCURVE('',#610,#615);
#610 = PLANE('',#611);
#611 = AXIS2_PLACEMENT_3D('',#612,#613,#614);
#612 = CARTESIAN_POINT('',(0.,17.782,19.3));
#613 = DIRECTION('',(0.,0.999715801672,2.383937680911E-02));
#614 = DIRECTION('',(0.,2.383937680911E-02,-0.999715801672));
#615 = DEFINITIONAL_REPRESENTATION('',(#616),#620);
#616 = LINE('',#617,#618);
#617 = CARTESIAN_POINT('',(0.,0.));
#618 = VECTOR('',#619,1.);
#619 = DIRECTION('',(1.,0.));
#620 = ( GEOMETRIC_REPRESENTATION_CONTEXT(2) 
PARAMETRIC_REPRESENTATION_CONTEXT() REPRESENTATION_CONTEXT('2D SPACE',''
  ) );
#621 = ADVANCED_FACE('',(#622),#610,.F.);
#622 = FACE_BOUND('',#623,.F.);
#623 = EDGE_LOOP('',(#624,#625,#648,#677));
#624 = ORIENTED_EDGE('',*,*,#596,.F.);
#625 = ORIENTED_EDGE('',*,*,#626,.T.);
#626 = EDGE_CURVE('',#569,#627,#629,.T.);
#627 = VERTEX_POINT('',#628);
#628 = CARTESIAN_POINT('',(12.98776202226,17.782,19.3));
#629 = SURFACE_CURVE('',#630,(#634,#641),.PCURVE_S1.);
#630 = LINE('',#631,#632);
#631 = CARTESIAN_POINT('',(0.,17.782,19.3));
#632 = VECTOR('',#633,1.);
#633 = DIRECTION('',(1.,0.,0.));
#634 = PCURVE('',#610,#635);
#635 = DEFINITIONAL_REPRESENTATION('',(#636),#640);
#636 = LINE('',#637,#638);
#637 = CARTESIAN_POINT('',(0.,0.));
#638 = VECTOR('',#639,1.);
#639 = DIRECTION('',(0.,-1.));
#640 = ( GEOMETRIC_REPRESENTATION_CONTEXT(2) 
PARAMETRIC_REPRESENTATION_CONTEXT() REPRESENTATION_CONTEXT('2D SPACE',''
  ) );
#641 = PCURVE('',#584,#642);
#642 = DEFINITIONAL_REPRESENTATION('',(#643),#647);
#643 = LINE('',#644,#645);
#644 = CARTESIAN_POINT('',(10.536694785368,0.));
#645 = VECTOR('',#646,1.);
#646 = DIRECTION('',(0.,-1.));
#647 = ( GEOMETRIC_REPRESENTATION_CONTEXT(2) 
PARAMETRIC_REPRESENTATION_CONTEXT() REPRESENTATION_CONTEXT('2D SPACE',''
  ) );
#648 = ORIENTED_EDGE('',*,*,#649,.F.);
#649 = EDGE_CURVE('',#650,#627,#652,.T.);
#650 = VERTEX_POINT('',#651);
#651 = CARTESIAN_POINT('',(7.258038118458,17.968000000004,11.5));
#652 = SURFACE_CURVE('',#653,(#658,#665),.PCURVE_S1.);
#653 = CIRCLE('',#654,8.242099788303);
#654 = AXIS2_PLACEMENT_3D('',#655,#656,#657);
#655 = CARTESIAN_POINT('',(15.5,17.969136631773,11.452334796604));
#656 = DIRECTION('',(0.,0.999715801672,2.383937680911E-02));
#657 = DIRECTION('',(1.,0.,0.));
#658 = PCURVE('',#610,#659);
#659 = DEFINITIONAL_REPRESENTATION('',(#660),#664);
#660 = CIRCLE('',#661,8.242099788303);
#661 = AXIS2_PLACEMENT_2D('',#662,#663);
#662 = CARTESIAN_POINT('',(7.849896130749,-15.5));
#663 = DIRECTION('',(0.,-1.));
#664 = ( GEOMETRIC_REPRESENTATION_CONTEXT(2) 
PARAMETRIC_REPRESENTATION_CONTEXT() REPRESENTATION_CONTEXT('2D SPACE',''
  ) );
#665 = PCURVE('',#666,#671);
#666 = CYLINDRICAL_SURFACE('',#667,8.242099788303);
#667 = AXIS2_PLACEMENT_3D('',#668,#669,#670);
#668 = CARTESIAN_POINT('',(15.5,17.968568396655,11.452321246382));
#669 = DIRECTION('',(0.,0.999715801672,2.383937680911E-02));
#670 = DIRECTION('',(1.,0.,0.));
#671 = DEFINITIONAL_REPRESENTATION('',(#672),#676);
#672 = LINE('',#673,#674);
#673 = CARTESIAN_POINT('',(0.,5.683966553354E-04));
#674 = VECTOR('',#675,1.);
#675 = DIRECTION('',(1.,0.));
#676 = ( GEOMETRIC_REPRESENTATION_CONTEXT(2) 
PARAMETRIC_REPRESENTATION_CONTEXT() REPRESENTATION_CONTEXT('2D SPACE',''
  ) );
#677 = ORIENTED_EDGE('',*,*,#678,.F.);
#678 = EDGE_CURVE('',#268,#650,#679,.T.);
#679 = SURFACE_CURVE('',#680,(#684,#691),.PCURVE_S1.);
#680 = LINE('',#681,#682);
#681 = CARTESIAN_POINT('',(0.,17.968,11.5));
#682 = VECTOR('',#683,1.);
#683 = DIRECTION('',(1.,0.,0.));
#684 = PCURVE('',#610,#685);
#685 = DEFINITIONAL_REPRESENTATION('',(#686),#690);
#686 = LINE('',#687,#688);
#687 = CARTESIAN_POINT('',(7.802217377131,0.));
#688 = VECTOR('',#689,1.);
#689 = DIRECTION('',(0.,-1.));
#690 = ( GEOMETRIC_REPRESENTATION_CONTEXT(2) 
PARAMETRIC_REPRESENTATION_CONTEXT() REPRESENTATION_CONTEXT('2D SPACE',''
  ) );
#691 = PCURVE('',#91,#692);
#692 = DEFINITIONAL_REPRESENTATION('',(#693),#697);
#693 = LINE('',#694,#695);
#694 = CARTESIAN_POINT('',(0.,0.));
#695 = VECTOR('',#696,1.);
#696 = DIRECTION('',(0.,-1.));
#697 = ( GEOMETRIC_REPRESENTATION_CONTEXT(2) 
PARAMETRIC_REPRESENTATION_CONTEXT() REPRESENTATION_CONTEXT('2D SPACE',''
  ) );
#698 = ADVANCED_FACE('',(#699),#666,.T.);
#699 = FACE_BOUND('',#700,.T.);
#700 = EDGE_LOOP('',(#701,#702,#729,#762,#789,#818));
#701 = ORIENTED_EDGE('',*,*,#649,.F.);
#702 = ORIENTED_EDGE('',*,*,#703,.T.);
#703 = EDGE_CURVE('',#650,#704,#706,.T.);
#704 = VERTEX_POINT('',#705);
#705 = CARTESIAN_POINT('',(7.258038196877,17.967431441761,11.5));
#706 = SURFACE_CURVE('',#707,(#712,#722),.PCURVE_S1.);
#707 = ELLIPSE('',#708,345.73469995883,8.242099788303);
#708 = AXIS2_PLACEMENT_3D('',#709,#710,#711);
#709 = CARTESIAN_POINT('',(15.5,19.968,11.5));
#710 = DIRECTION('',(0.,0.,1.));
#711 = DIRECTION('',(0.,1.,0.));
#712 = PCURVE('',#666,#713);
#713 = DEFINITIONAL_REPRESENTATION('',(#714),#721);
#714 = B_SPLINE_CURVE_WITH_KNOTS('',5,(#715,#716,#717,#718,#719,#720),
  .UNSPECIFIED.,.F.,.F.,(6,6),(1.570796325059,1.576582787694),
  .PIECEWISE_BEZIER_KNOTS.);
#715 = CARTESIAN_POINT('',(3.141592651854,2.0000006));
#716 = CARTESIAN_POINT('',(3.142749944381,1.599998127782));
#717 = CARTESIAN_POINT('',(3.143907236908,1.199995655563));
#718 = CARTESIAN_POINT('',(3.145064529435,0.799994299455));
#719 = CARTESIAN_POINT('',(3.146221821962,0.399995175569));
#720 = CARTESIAN_POINT('',(3.147379114489,-6.000000105644E-07));
#721 = ( GEOMETRIC_REPRESENTATION_CONTEXT(2) 
PARAMETRIC_REPRESENTATION_CONTEXT() REPRESENTATION_CONTEXT('2D SPACE',''
  ) );
#722 = PCURVE('',#91,#723);
#723 = DEFINITIONAL_REPRESENTATION('',(#724),#728);
#724 = ELLIPSE('',#725,345.73469995883,8.242099788303);
#725 = AXIS2_PLACEMENT_2D('',#726,#727);
#726 = CARTESIAN_POINT('',(2.,-15.5));
#727 = DIRECTION('',(1.,0.));
#728 = ( GEOMETRIC_REPRESENTATION_CONTEXT(2) 
PARAMETRIC_REPRESENTATION_CONTEXT() REPRESENTATION_CONTEXT('2D SPACE',''
  ) );
#729 = ORIENTED_EDGE('',*,*,#730,.T.);
#730 = EDGE_CURVE('',#704,#731,#733,.T.);
#731 = VERTEX_POINT('',#732);
#732 = CARTESIAN_POINT('',(23.741961803123,17.967431441761,11.5));
#733 = SURFACE_CURVE('',#734,(#739,#746),.PCURVE_S1.);
#734 = CIRCLE('',#735,8.242099788303);
#735 = AXIS2_PLACEMENT_3D('',#736,#737,#738);
#736 = CARTESIAN_POINT('',(15.5,17.968568396655,11.452321246382));
#737 = DIRECTION('',(3.409815832467E-17,0.999715801672,
    2.383937680911E-02));
#738 = DIRECTION('',(-0.999983258492,-1.379448105671E-04,
    5.784782378622E-03));
#739 = PCURVE('',#666,#740);
#740 = DEFINITIONAL_REPRESENTATION('',(#741),#745);
#741 = LINE('',#742,#743);
#742 = CARTESIAN_POINT('',(3.147379112753,0.));
#743 = VECTOR('',#744,1.);
#744 = DIRECTION('',(1.,0.));
#745 = ( GEOMETRIC_REPRESENTATION_CONTEXT(2) 
PARAMETRIC_REPRESENTATION_CONTEXT() REPRESENTATION_CONTEXT('2D SPACE',''
  ) );
#746 = PCURVE('',#747,#756);
#747 = SURFACE_OF_REVOLUTION('',#748,#753);
#748 = CIRCLE('',#749,9.1);
#749 = AXIS2_PLACEMENT_3D('',#750,#751,#752);
#750 = CARTESIAN_POINT('',(18.05,25.066550588529,11.621580821726));
#751 = DIRECTION('',(0.,-2.383937680911E-02,0.999715801672));
#752 = DIRECTION('',(1.171224289714E-15,-0.999715801672,
    -2.383937680911E-02));
#753 = AXIS1_PLACEMENT('',#754,#755);
#754 = CARTESIAN_POINT('',(15.5,-2.631603344664E-02,11.023212463818));
#755 = DIRECTION('',(0.,0.999715801672,2.383937680911E-02));
#756 = DEFINITIONAL_REPRESENTATION('',(#757),#761);
#757 = LINE('',#758,#759);
#758 = CARTESIAN_POINT('',(3.147379112753,0.675779222332));
#759 = VECTOR('',#760,1.);
#760 = DIRECTION('',(1.,0.));
#761 = ( GEOMETRIC_REPRESENTATION_CONTEXT(2) 
PARAMETRIC_REPRESENTATION_CONTEXT() REPRESENTATION_CONTEXT('2D SPACE',''
  ) );
#762 = ORIENTED_EDGE('',*,*,#763,.T.);
#763 = EDGE_CURVE('',#731,#764,#766,.T.);
#764 = VERTEX_POINT('',#765);
#765 = CARTESIAN_POINT('',(23.741961881542,17.968000000004,11.5));
#766 = SURFACE_CURVE('',#767,(#772,#782),.PCURVE_S1.);
#767 = ELLIPSE('',#768,345.73469995883,8.242099788303);
#768 = AXIS2_PLACEMENT_3D('',#769,#770,#771);
#769 = CARTESIAN_POINT('',(15.5,19.968,11.5));
#770 = DIRECTION('',(0.,0.,1.));
#771 = DIRECTION('',(0.,1.,0.));
#772 = PCURVE('',#666,#773);
#773 = DEFINITIONAL_REPRESENTATION('',(#774),#781);
#774 = B_SPLINE_CURVE_WITH_KNOTS('',5,(#775,#776,#777,#778,#779,#780),
  .UNSPECIFIED.,.F.,.F.,(6,6),(4.706602519486,4.71238898212),
  .PIECEWISE_BEZIER_KNOTS.);
#775 = CARTESIAN_POINT('',(6.277398846281,-6.000000212225E-07));
#776 = CARTESIAN_POINT('',(6.278556138808,0.399995175501));
#777 = CARTESIAN_POINT('',(6.279713431334,0.799994299318));
#778 = CARTESIAN_POINT('',(6.280870723861,1.199995655358));
#779 = CARTESIAN_POINT('',(6.282028016388,1.599998127509));
#780 = CARTESIAN_POINT('',(6.283185308915,2.000000599659));
#781 = ( GEOMETRIC_REPRESENTATION_CONTEXT(2) 
PARAMETRIC_REPRESENTATION_CONTEXT() REPRESENTATION_CONTEXT('2D SPACE',''
  ) );
#782 = PCURVE('',#91,#783);
#783 = DEFINITIONAL_REPRESENTATION('',(#784),#788);
#784 = ELLIPSE('',#785,345.73469995883,8.242099788303);
#785 = AXIS2_PLACEMENT_2D('',#786,#787);
#786 = CARTESIAN_POINT('',(2.,-15.5));
#787 = DIRECTION('',(1.,0.));
#788 = ( GEOMETRIC_REPRESENTATION_CONTEXT(2) 
PARAMETRIC_REPRESENTATION_CONTEXT() REPRESENTATION_CONTEXT('2D SPACE',''
  ) );
#789 = ORIENTED_EDGE('',*,*,#790,.F.);
#790 = EDGE_CURVE('',#791,#764,#793,.T.);
#791 = VERTEX_POINT('',#792);
#792 = CARTESIAN_POINT('',(18.01223797774,17.782,19.3));
#793 = SURFACE_CURVE('',#794,(#799,#806),.PCURVE_S1.);
#794 = CIRCLE('',#795,8.242099788303);
#795 = AXIS2_PLACEMENT_3D('',#796,#797,#798);
#796 = CARTESIAN_POINT('',(15.5,17.969136631773,11.452334796604));
#797 = DIRECTION('',(0.,0.999715801672,2.383937680911E-02));
#798 = DIRECTION('',(1.,0.,0.));
#799 = PCURVE('',#666,#800);
#800 = DEFINITIONAL_REPRESENTATION('',(#801),#805);
#801 = LINE('',#802,#803);
#802 = CARTESIAN_POINT('',(0.,5.683966553354E-04));
#803 = VECTOR('',#804,1.);
#804 = DIRECTION('',(1.,0.));
#805 = ( GEOMETRIC_REPRESENTATION_CONTEXT(2) 
PARAMETRIC_REPRESENTATION_CONTEXT() REPRESENTATION_CONTEXT('2D SPACE',''
  ) );
#806 = PCURVE('',#807,#812);
#807 = PLANE('',#808);
#808 = AXIS2_PLACEMENT_3D('',#809,#810,#811);
#809 = CARTESIAN_POINT('',(0.,17.782,19.3));
#810 = DIRECTION('',(0.,0.999715801672,2.383937680911E-02));
#811 = DIRECTION('',(0.,2.383937680911E-02,-0.999715801672));
#812 = DEFINITIONAL_REPRESENTATION('',(#813),#817);
#813 = CIRCLE('',#814,8.242099788303);
#814 = AXIS2_PLACEMENT_2D('',#815,#816);
#815 = CARTESIAN_POINT('',(7.849896130749,-15.5));
#816 = DIRECTION('',(0.,-1.));
#817 = ( GEOMETRIC_REPRESENTATION_CONTEXT(2) 
PARAMETRIC_REPRESENTATION_CONTEXT() REPRESENTATION_CONTEXT('2D SPACE',''
  ) );
#818 = ORIENTED_EDGE('',*,*,#819,.F.);
#819 = EDGE_CURVE('',#627,#791,#820,.T.);
#820 = SURFACE_CURVE('',#821,(#826,#836),.PCURVE_S1.);
#821 = ELLIPSE('',#822,8.242729165819,8.242099788303);
#822 = AXIS2_PLACEMENT_3D('',#823,#824,#825);
#823 = CARTESIAN_POINT('',(15.5,17.872152555616,11.450022099403));
#824 = DIRECTION('',(0.,0.999934060407,1.14836770415E-02));
#825 = DIRECTION('',(0.,-1.14836770415E-02,0.999934060407));
#826 = PCURVE('',#666,#827);
#827 = DEFINITIONAL_REPRESENTATION('',(#828),#835);
#828 = B_SPLINE_CURVE_WITH_KNOTS('',5,(#829,#830,#831,#832,#833,#834),
  .UNSPECIFIED.,.F.,.F.,(6,6),(5.955546681163,6.610823933196),
  .PIECEWISE_BEZIER_KNOTS.);
#829 = CARTESIAN_POINT('',(4.384750354368,-3.000000035058E-06));
#830 = CARTESIAN_POINT('',(4.515805804775,4.292858658477E-03));
#831 = CARTESIAN_POINT('',(4.646861255181,6.518445401922E-03));
#832 = CARTESIAN_POINT('',(4.777916705588,6.518445401922E-03));
#833 = CARTESIAN_POINT('',(4.908972155995,4.292858658477E-03));
#834 = CARTESIAN_POINT('',(5.040027606401,-3.000000035058E-06));
#835 = ( GEOMETRIC_REPRESENTATION_CONTEXT(2) 
PARAMETRIC_REPRESENTATION_CONTEXT() REPRESENTATION_CONTEXT('2D SPACE',''
  ) );
#836 = PCURVE('',#584,#837);
#837 = DEFINITIONAL_REPRESENTATION('',(#838),#842);
#838 = ELLIPSE('',#839,8.242729165819,8.242099788303);
#839 = AXIS2_PLACEMENT_2D('',#840,#841);
#840 = CARTESIAN_POINT('',(18.387190344448,-15.5));
#841 = DIRECTION('',(-1.,0.));
#842 = ( GEOMETRIC_REPRESENTATION_CONTEXT(2) 
PARAMETRIC_REPRESENTATION_CONTEXT() REPRESENTATION_CONTEXT('2D SPACE',''
  ) );
#843 = ADVANCED_FACE('',(#844),#807,.F.);
#844 = FACE_BOUND('',#845,.F.);
#845 = EDGE_LOOP('',(#846,#847,#870,#893));
#846 = ORIENTED_EDGE('',*,*,#790,.F.);
#847 = ORIENTED_EDGE('',*,*,#848,.T.);
#848 = EDGE_CURVE('',#791,#849,#851,.T.);
#849 = VERTEX_POINT('',#850);
#850 = CARTESIAN_POINT('',(31.,17.782,19.3));
#851 = SURFACE_CURVE('',#852,(#856,#863),.PCURVE_S1.);
#852 = LINE('',#853,#854);
#853 = CARTESIAN_POINT('',(0.,17.782,19.3));
#854 = VECTOR('',#855,1.);
#855 = DIRECTION('',(1.,0.,0.));
#856 = PCURVE('',#807,#857);
#857 = DEFINITIONAL_REPRESENTATION('',(#858),#862);
#858 = LINE('',#859,#860);
#859 = CARTESIAN_POINT('',(0.,0.));
#860 = VECTOR('',#861,1.);
#861 = DIRECTION('',(0.,-1.));
#862 = ( GEOMETRIC_REPRESENTATION_CONTEXT(2) 
PARAMETRIC_REPRESENTATION_CONTEXT() REPRESENTATION_CONTEXT('2D SPACE',''
  ) );
#863 = PCURVE('',#584,#864);
#864 = DEFINITIONAL_REPRESENTATION('',(#865),#869);
#865 = LINE('',#866,#867);
#866 = CARTESIAN_POINT('',(10.536694785368,0.));
#867 = VECTOR('',#868,1.);
#868 = DIRECTION('',(0.,-1.));
#869 = ( GEOMETRIC_REPRESENTATION_CONTEXT(2) 
PARAMETRIC_REPRESENTATION_CONTEXT() REPRESENTATION_CONTEXT('2D SPACE',''
  ) );
#870 = ORIENTED_EDGE('',*,*,#871,.T.);
#871 = EDGE_CURVE('',#849,#872,#874,.T.);
#872 = VERTEX_POINT('',#873);
#873 = CARTESIAN_POINT('',(31.,17.968,11.5));
#874 = SURFACE_CURVE('',#875,(#879,#886),.PCURVE_S1.);
#875 = LINE('',#876,#877);
#876 = CARTESIAN_POINT('',(31.,17.782,19.3));
#877 = VECTOR('',#878,1.);
#878 = DIRECTION('',(0.,2.383937680911E-02,-0.999715801672));
#879 = PCURVE('',#807,#880);
#880 = DEFINITIONAL_REPRESENTATION('',(#881),#885);
#881 = LINE('',#882,#883);
#882 = CARTESIAN_POINT('',(0.,-31.));
#883 = VECTOR('',#884,1.);
#884 = DIRECTION('',(1.,0.));
#885 = ( GEOMETRIC_REPRESENTATION_CONTEXT(2) 
PARAMETRIC_REPRESENTATION_CONTEXT() REPRESENTATION_CONTEXT('2D SPACE',''
  ) );
#886 = PCURVE('',#119,#887);
#887 = DEFINITIONAL_REPRESENTATION('',(#888),#892);
#888 = LINE('',#889,#890);
#889 = CARTESIAN_POINT('',(-24.83994971553,1.036176229406));
#890 = VECTOR('',#891,1.);
#891 = DIRECTION('',(-0.999715801672,-2.383937680911E-02));
#892 = ( GEOMETRIC_REPRESENTATION_CONTEXT(2) 
PARAMETRIC_REPRESENTATION_CONTEXT() REPRESENTATION_CONTEXT('2D SPACE',''
  ) );
#893 = ORIENTED_EDGE('',*,*,#894,.F.);
#894 = EDGE_CURVE('',#764,#872,#895,.T.);
#895 = SURFACE_CURVE('',#896,(#900,#907),.PCURVE_S1.);
#896 = LINE('',#897,#898);
#897 = CARTESIAN_POINT('',(0.,17.968,11.5));
#898 = VECTOR('',#899,1.);
#899 = DIRECTION('',(1.,0.,0.));
#900 = PCURVE('',#807,#901);
#901 = DEFINITIONAL_REPRESENTATION('',(#902),#906);
#902 = LINE('',#903,#904);
#903 = CARTESIAN_POINT('',(7.802217377131,0.));
#904 = VECTOR('',#905,1.);
#905 = DIRECTION('',(0.,-1.));
#906 = ( GEOMETRIC_REPRESENTATION_CONTEXT(2) 
PARAMETRIC_REPRESENTATION_CONTEXT() REPRESENTATION_CONTEXT('2D SPACE',''
  ) );
#907 = PCURVE('',#91,#908);
#908 = DEFINITIONAL_REPRESENTATION('',(#909),#913);
#909 = LINE('',#910,#911);
#910 = CARTESIAN_POINT('',(0.,0.));
#911 = VECTOR('',#912,1.);
#912 = DIRECTION('',(0.,-1.));
#913 = ( GEOMETRIC_REPRESENTATION_CONTEXT(2) 
PARAMETRIC_REPRESENTATION_CONTEXT() REPRESENTATION_CONTEXT('2D SPACE',''
  ) );
#914 = ADVANCED_FACE('',(#915),#747,.T.);
#915 = FACE_BOUND('',#916,.T.);
#916 = EDGE_LOOP('',(#917,#1027,#1136,#1251,#1364,#1479,#1592,#1707,
    #1816,#1924));
#917 = ORIENTED_EDGE('',*,*,#918,.F.);
#918 = EDGE_CURVE('',#919,#704,#921,.T.);
#919 = VERTEX_POINT('',#920);
#920 = CARTESIAN_POINT('',(12.5,15.97807401728,11.5));
#921 = SURFACE_CURVE('',#922,(#955,#991),.PCURVE_S1.);
#922 = B_SPLINE_CURVE_WITH_KNOTS('',6,(#923,#924,#925,#926,#927,#928,
    #929,#930,#931,#932,#933,#934,#935,#936,#937,#938,#939,#940,#941,
    #942,#943,#944,#945,#946,#947,#948,#949,#950,#951,#952,#953,#954),
  .UNSPECIFIED.,.F.,.F.,(7,5,5,5,5,5,7),(0.,4.301931906458E-02,
    8.503296335501E-02,0.3140597656,0.542051588391,0.7710305362,1.),
  .UNSPECIFIED.);
#923 = CARTESIAN_POINT('',(12.95178459012,15.966862883523,11.5));
#924 = CARTESIAN_POINT('',(12.90768342372,15.966862883523,11.5));
#925 = CARTESIAN_POINT('',(12.863581916125,15.967119069717,11.5));
#926 = CARTESIAN_POINT('',(12.819481969366,15.967631471828,11.5));
#927 = CARTESIAN_POINT('',(12.775385479584,15.968400097944,11.5));
#928 = CARTESIAN_POINT('',(12.731294337035,15.969424934527,11.5));
#929 = CARTESIAN_POINT('',(12.644157077182,15.971957011702,11.5));
#930 = CARTESIAN_POINT('',(12.601110626295,15.973452415207,11.5));
#931 = CARTESIAN_POINT('',(12.558072829252,15.975192124359,11.5));
#932 = CARTESIAN_POINT('',(12.515045438509,15.977176088254,11.5));
#933 = CARTESIAN_POINT('',(12.472030203147,15.979404237646,11.5));
#934 = CARTESIAN_POINT('',(12.194617923451,15.995353318555,11.5));
#935 = CARTESIAN_POINT('',(11.960619855121,16.01608380956,11.5));
#936 = CARTESIAN_POINT('',(11.727317883346,16.044053794371,11.5));
#937 = CARTESIAN_POINT('',(11.494992399004,16.07923332899,11.5));
#938 = CARTESIAN_POINT('',(11.263921578764,16.121578130592,11.5));
#939 = CARTESIAN_POINT('',(10.80587827226,16.220256750579,11.5));
#940 = CARTESIAN_POINT('',(10.578891446736,16.276526620189,11.5));
#941 = CARTESIAN_POINT('',(10.353693061631,16.339780539811,11.5));
#942 = CARTESIAN_POINT('',(10.130551258546,16.409946433041,11.5));
#943 = CARTESIAN_POINT('',(9.909730062619,16.486938461881,11.5));
#944 = CARTESIAN_POINT('',(9.472303805712,16.654738203585,11.5));
#945 = CARTESIAN_POINT('',(9.255720525589,16.745604527969,11.5));
#946 = CARTESIAN_POINT('',(9.042002851245,16.843155171591,11.5));
#947 = CARTESIAN_POINT('',(8.831407844643,16.947276098343,11.5));
#948 = CARTESIAN_POINT('',(8.624186325235,17.057840134072,11.5));
#949 = CARTESIAN_POINT('',(8.216987847684,17.291568958617,11.5));
#950 = CARTESIAN_POINT('',(8.017010007939,17.41473356351,11.5));
#951 = CARTESIAN_POINT('',(7.820893873779,17.544060449294,11.5));
#952 = CARTESIAN_POINT('',(7.62887578569,17.679397281965,11.5));
#953 = CARTESIAN_POINT('',(7.441183901601,17.82057972548,11.5));
#954 = CARTESIAN_POINT('',(7.258038196877,17.967431441761,11.5));
#955 = PCURVE('',#747,#956);
#956 = DEFINITIONAL_REPRESENTATION('',(#957),#990);
#957 = B_SPLINE_CURVE_WITH_KNOTS('',6,(#958,#959,#960,#961,#962,#963,
    #964,#965,#966,#967,#968,#969,#970,#971,#972,#973,#974,#975,#976,
    #977,#978,#979,#980,#981,#982,#983,#984,#985,#986,#987,#988,#989),
  .UNSPECIFIED.,.F.,.F.,(7,5,5,5,5,5,7),(0.,4.301931906458E-02,
    8.503296335501E-02,0.3140597656,0.542051588391,0.7710305362,1.),
  .UNSPECIFIED.);
#958 = CARTESIAN_POINT('',(3.179007113556,0.));
#959 = CARTESIAN_POINT('',(3.178360197325,4.842890403568E-03));
#960 = CARTESIAN_POINT('',(3.17773770534,9.685933840078E-03));
#961 = CARTESIAN_POINT('',(3.177137797316,1.452911707578E-02));
#962 = CARTESIAN_POINT('',(3.176558832579,1.937242849635E-02));
#963 = CARTESIAN_POINT('',(3.175999370062,2.42158581069E-02));
#964 = CARTESIAN_POINT('',(3.174929618382,3.378970816767E-02));
#965 = CARTESIAN_POINT('',(3.174418471401,3.852012339884E-02));
#966 = CARTESIAN_POINT('',(3.173923561559,4.325063531544E-02));
#967 = CARTESIAN_POINT('',(3.173443837754,4.798123687338E-02));
#968 = CARTESIAN_POINT('',(3.172978363589,5.271192189447E-02));
#969 = CARTESIAN_POINT('',(3.170062101275,8.32312492283E-02));
#970 = CARTESIAN_POINT('',(3.167996584935,0.109022156928));
#971 = CARTESIAN_POINT('',(3.166195734315,0.134814493486));
#972 = CARTESIAN_POINT('',(3.164600555324,0.160607936356));
#973 = CARTESIAN_POINT('',(3.163165086155,0.186402258509));
#974 = CARTESIAN_POINT('',(3.160560267646,0.237875632757));
#975 = CARTESIAN_POINT('',(3.159389491673,0.263554738462));
#976 = CARTESIAN_POINT('',(3.15831791083,0.289234303072));
#977 = CARTESIAN_POINT('',(3.157326501746,0.314914261016));
#978 = CARTESIAN_POINT('',(3.15640249704,0.340594582645));
#979 = CARTESIAN_POINT('',(3.154664099813,0.392066868969));
#980 = CARTESIAN_POINT('',(3.153850066205,0.417858882527));
#981 = CARTESIAN_POINT('',(3.153083359279,0.443651112547));
#982 = CARTESIAN_POINT('',(3.152356165111,0.469443509227));
#983 = CARTESIAN_POINT('',(3.151662571783,0.495236032987));
#984 = CARTESIAN_POINT('',(3.15033459448,0.546820207655));
#985 = CARTESIAN_POINT('',(3.149699953415,0.572611881669));
#986 = CARTESIAN_POINT('',(3.149090328805,0.598403645573));
#987 = CARTESIAN_POINT('',(3.148502118791,0.624195472102));
#988 = CARTESIAN_POINT('',(3.147932437043,0.649987337662));
#989 = CARTESIAN_POINT('',(3.147379112753,0.675779222332));
#990 = ( GEOMETRIC_REPRESENTATION_CONTEXT(2) 
PARAMETRIC_REPRESENTATION_CONTEXT() REPRESENTATION_CONTEXT('2D SPACE',''
  ) );
#991 = PCURVE('',#91,#992);
#992 = DEFINITIONAL_REPRESENTATION('',(#993),#1026);
#993 = B_SPLINE_CURVE_WITH_KNOTS('',6,(#994,#995,#996,#997,#998,#999,
    #1000,#1001,#1002,#1003,#1004,#1005,#1006,#1007,#1008,#1009,#1010,
    #1011,#1012,#1013,#1014,#1015,#1016,#1017,#1018,#1019,#1020,#1021,
    #1022,#1023,#1024,#1025),.UNSPECIFIED.,.F.,.F.,(7,5,5,5,5,5,7),(0.,
    4.301931906458E-02,8.503296335501E-02,0.3140597656,0.542051588391,
    0.7710305362,1.),.UNSPECIFIED.);
#994 = CARTESIAN_POINT('',(-2.001137116477,-12.95178459012));
#995 = CARTESIAN_POINT('',(-2.001137116477,-12.90768342372));
#996 = CARTESIAN_POINT('',(-2.000880930283,-12.86358191612));
#997 = CARTESIAN_POINT('',(-2.000368528172,-12.81948196936));
#998 = CARTESIAN_POINT('',(-1.999599902056,-12.77538547958));
#999 = CARTESIAN_POINT('',(-1.998575065473,-12.73129433703));
#1000 = CARTESIAN_POINT('',(-1.996042988298,-12.64415707718));
#1001 = CARTESIAN_POINT('',(-1.994547584793,-12.60111062629));
#1002 = CARTESIAN_POINT('',(-1.992807875641,-12.55807282925));
#1003 = CARTESIAN_POINT('',(-1.990823911746,-12.5150454385));
#1004 = CARTESIAN_POINT('',(-1.988595762354,-12.47203020314));
#1005 = CARTESIAN_POINT('',(-1.972646681445,-12.19461792345));
#1006 = CARTESIAN_POINT('',(-1.95191619044,-11.96061985512));
#1007 = CARTESIAN_POINT('',(-1.923946205629,-11.72731788334));
#1008 = CARTESIAN_POINT('',(-1.88876667101,-11.494992399));
#1009 = CARTESIAN_POINT('',(-1.846421869408,-11.26392157876));
#1010 = CARTESIAN_POINT('',(-1.747743249421,-10.80587827226));
#1011 = CARTESIAN_POINT('',(-1.691473379811,-10.57889144673));
#1012 = CARTESIAN_POINT('',(-1.628219460189,-10.35369306163));
#1013 = CARTESIAN_POINT('',(-1.558053566959,-10.13055125854));
#1014 = CARTESIAN_POINT('',(-1.481061538119,-9.909730062619));
#1015 = CARTESIAN_POINT('',(-1.313261796415,-9.472303805712));
#1016 = CARTESIAN_POINT('',(-1.222395472031,-9.255720525589));
#1017 = CARTESIAN_POINT('',(-1.124844828409,-9.042002851245));
#1018 = CARTESIAN_POINT('',(-1.020723901657,-8.831407844643));
#1019 = CARTESIAN_POINT('',(-0.910159865928,-8.624186325235));
#1020 = CARTESIAN_POINT('',(-0.676431041383,-8.216987847684));
#1021 = CARTESIAN_POINT('',(-0.55326643649,-8.017010007939));
#1022 = CARTESIAN_POINT('',(-0.423939550706,-7.820893873779));
#1023 = CARTESIAN_POINT('',(-0.288602718035,-7.62887578569));
#1024 = CARTESIAN_POINT('',(-0.14742027452,-7.441183901601));
#1025 = CARTESIAN_POINT('',(-5.68558238637E-04,-7.258038196877));
#1026 = ( GEOMETRIC_REPRESENTATION_CONTEXT(2) 
PARAMETRIC_REPRESENTATION_CONTEXT() REPRESENTATION_CONTEXT('2D SPACE',''
  ) );
#1027 = ORIENTED_EDGE('',*,*,#1028,.F.);
#1028 = EDGE_CURVE('',#1029,#919,#1031,.T.);
#1029 = VERTEX_POINT('',#1030);
#1030 = CARTESIAN_POINT('',(12.5,17.131316616782,18.057579940138));
#1031 = SURFACE_CURVE('',#1032,(#1063,#1097),.PCURVE_S1.);
#1032 = B_SPLINE_CURVE_WITH_KNOTS('',8,(#1033,#1034,#1035,#1036,#1037,
    #1038,#1039,#1040,#1041,#1042,#1043,#1044,#1045,#1046,#1047,#1048,
    #1049,#1050,#1051,#1052,#1053,#1054,#1055,#1056,#1057,#1058,#1059,
    #1060,#1061,#1062),.UNSPECIFIED.,.F.,.F.,(9,7,7,7,9),(0.,
    0.32101811817,0.698584657913,0.849614225178,1.),.UNSPECIFIED.);
#1033 = CARTESIAN_POINT('',(12.5,17.785559898042,19.126871188221));
#1034 = CARTESIAN_POINT('',(12.5,17.595708489728,18.859557188898));
#1035 = CARTESIAN_POINT('',(12.5,17.416865500835,18.584428908608));
#1036 = CARTESIAN_POINT('',(12.5,17.249354583186,18.302084362043));
#1037 = CARTESIAN_POINT('',(12.5,17.093431987877,18.013134707559));
#1038 = CARTESIAN_POINT('',(12.5,16.949291057935,17.718202253067));
#1039 = CARTESIAN_POINT('',(12.5,16.817057520707,17.417922819068));
#1040 = CARTESIAN_POINT('',(12.5,16.696775579998,17.11295245884));
#1041 = CARTESIAN_POINT('',(12.5,16.460900636696,16.44057781663));
#1042 = CARTESIAN_POINT('',(12.5,16.349833910563,16.071547681074));
#1043 = CARTESIAN_POINT('',(12.5,16.25511612957,15.698054336386));
#1044 = CARTESIAN_POINT('',(12.5,16.176439065212,15.321248169274));
#1045 = CARTESIAN_POINT('',(12.5,16.11319154163,14.942270939353));
#1046 = CARTESIAN_POINT('',(12.5,16.064450187269,14.562261452213));
#1047 = CARTESIAN_POINT('',(12.5,16.028685249206,14.182396885162));
#1048 = CARTESIAN_POINT('',(12.5,15.993991265817,13.652264801043));
#1049 = CARTESIAN_POINT('',(12.5,15.985835989034,13.500987680495));
#1050 = CARTESIAN_POINT('',(12.5,15.979310989835,13.349972914184));
#1051 = CARTESIAN_POINT('',(12.5,15.974276819488,13.199282331281));
#1052 = CARTESIAN_POINT('',(12.5,15.970584025021,13.048965060161));
#1053 = CARTESIAN_POINT('',(12.5,15.968078012737,12.899054558343));
#1054 = CARTESIAN_POINT('',(12.5,15.966606481415,12.749566151513));
#1055 = CARTESIAN_POINT('',(12.5,15.965454828823,12.452059455784));
#1056 = CARTESIAN_POINT('',(12.5,15.96576697567,12.304036575705));
#1057 = CARTESIAN_POINT('',(12.5,15.966828007948,12.156415179889));
#1058 = CARTESIAN_POINT('',(12.5,15.968510780456,12.009158789428));
#1059 = CARTESIAN_POINT('',(12.5,15.970710561165,11.862205684229));
#1060 = CARTESIAN_POINT('',(12.5,15.973353478802,11.715472194786));
#1061 = CARTESIAN_POINT('',(12.5,15.976401717423,11.568859309552));
#1062 = CARTESIAN_POINT('',(12.5,15.979855458009,11.422262597894));
#1063 = PCURVE('',#747,#1064);
#1064 = DEFINITIONAL_REPRESENTATION('',(#1065),#1096);
#1065 = B_SPLINE_CURVE_WITH_KNOTS('',8,(#1066,#1067,#1068,#1069,#1070,
    #1071,#1072,#1073,#1074,#1075,#1076,#1077,#1078,#1079,#1080,#1081,
    #1082,#1083,#1084,#1085,#1086,#1087,#1088,#1089,#1090,#1091,#1092,
    #1093,#1094,#1095),.UNSPECIFIED.,.F.,.F.,(9,7,7,7,9),(0.,
    0.32101811817,0.698584657913,0.849614225178,1.),.UNSPECIFIED.);
#1066 = CARTESIAN_POINT('',(4.339846251465,0.675779222332));
#1067 = CARTESIAN_POINT('',(4.328244446046,0.64131565716));
#1068 = CARTESIAN_POINT('',(4.315498788222,0.607059711967));
#1069 = CARTESIAN_POINT('',(4.301461902288,0.573043710692));
#1070 = CARTESIAN_POINT('',(4.285955312629,0.53930518618));
#1071 = CARTESIAN_POINT('',(4.268760748138,0.505888688721));
#1072 = CARTESIAN_POINT('',(4.249606693336,0.47285004786));
#1073 = CARTESIAN_POINT('',(4.228150186184,0.440263087455));
#1074 = CARTESIAN_POINT('',(4.175495275221,0.370551551988));
#1075 = CARTESIAN_POINT('',(4.143239493616,0.333629390698));
#1076 = CARTESIAN_POINT('',(4.106476528702,0.297633593704));
#1077 = CARTESIAN_POINT('',(4.064312642407,0.262777400382));
#1078 = CARTESIAN_POINT('',(4.015617854306,0.229349193099));
#1079 = CARTESIAN_POINT('',(3.959000508366,0.197725572751));
#1080 = CARTESIAN_POINT('',(3.892724233575,0.168472911881));
#1081 = CARTESIAN_POINT('',(3.785087875559,0.131799409199));
#1082 = CARTESIAN_POINT('',(3.752636693651,0.121810261191));
#1083 = CARTESIAN_POINT('',(3.718428684234,0.112354409588));
#1084 = CARTESIAN_POINT('',(3.682421041003,0.103478526394));
#1085 = CARTESIAN_POINT('',(3.644601115693,9.523108712466E-02));
#1086 = CARTESIAN_POINT('',(3.604998282512,8.766092506097E-02));
#1087 = CARTESIAN_POINT('',(3.563694022657,8.081505370761E-02));
#1088 = CARTESIAN_POINT('',(3.478149150364,6.868237539231E-02));
#1089 = CARTESIAN_POINT('',(3.433921394594,6.33890358294E-02));
#1090 = CARTESIAN_POINT('',(3.388283578876,5.889714876581E-02));
#1091 = CARTESIAN_POINT('',(3.341427741834,5.524386464872E-02));
#1092 = CARTESIAN_POINT('',(3.293602656558,5.245921364777E-02));
#1093 = CARTESIAN_POINT('',(3.245104460788,5.056416528687E-02));
#1094 = CARTESIAN_POINT('',(3.196256604193,4.956960844599E-02));
#1095 = CARTESIAN_POINT('',(3.147379112753,4.947625173285E-02));
#1096 = ( GEOMETRIC_REPRESENTATION_CONTEXT(2) 
PARAMETRIC_REPRESENTATION_CONTEXT() REPRESENTATION_CONTEXT('2D SPACE',''
  ) );
#1097 = PCURVE('',#1098,#1103);
#1098 = PLANE('',#1099);
#1099 = AXIS2_PLACEMENT_3D('',#1100,#1101,#1102);
#1100 = CARTESIAN_POINT('',(12.5,15.839475216591,12.667788432263));
#1101 = DIRECTION('',(1.,0.,0.));
#1102 = DIRECTION('',(0.,0.,1.));
#1103 = DEFINITIONAL_REPRESENTATION('',(#1104),#1135);
#1104 = B_SPLINE_CURVE_WITH_KNOTS('',8,(#1105,#1106,#1107,#1108,#1109,
    #1110,#1111,#1112,#1113,#1114,#1115,#1116,#1117,#1118,#1119,#1120,
    #1121,#1122,#1123,#1124,#1125,#1126,#1127,#1128,#1129,#1130,#1131,
    #1132,#1133,#1134),.UNSPECIFIED.,.F.,.F.,(9,7,7,7,9),(0.,
    0.32101811817,0.698584657913,0.849614225178,1.),.UNSPECIFIED.);
#1105 = CARTESIAN_POINT('',(6.459082755958,-1.946084681452));
#1106 = CARTESIAN_POINT('',(6.191768756635,-1.756233273137));
#1107 = CARTESIAN_POINT('',(5.916640476345,-1.577390284245));
#1108 = CARTESIAN_POINT('',(5.63429592978,-1.409879366596));
#1109 = CARTESIAN_POINT('',(5.345346275296,-1.253956771287));
#1110 = CARTESIAN_POINT('',(5.050413820804,-1.109815841344));
#1111 = CARTESIAN_POINT('',(4.750134386805,-0.977582304117));
#1112 = CARTESIAN_POINT('',(4.445164026577,-0.857300363407));
#1113 = CARTESIAN_POINT('',(3.772789384368,-0.621425420105));
#1114 = CARTESIAN_POINT('',(3.403759248811,-0.510358693972));
#1115 = CARTESIAN_POINT('',(3.030265904123,-0.415640912979));
#1116 = CARTESIAN_POINT('',(2.653459737011,-0.336963848621));
#1117 = CARTESIAN_POINT('',(2.27448250709,-0.273716325039));
#1118 = CARTESIAN_POINT('',(1.89447301995,-0.224974970678));
#1119 = CARTESIAN_POINT('',(1.514608452899,-0.189210032616));
#1120 = CARTESIAN_POINT('',(0.98447636878,-0.154516049227));
#1121 = CARTESIAN_POINT('',(0.833199248232,-0.146360772443));
#1122 = CARTESIAN_POINT('',(0.682184481921,-0.139835773245));
#1123 = CARTESIAN_POINT('',(0.531493899018,-0.134801602897));
#1124 = CARTESIAN_POINT('',(0.381176627898,-0.13110880843));
#1125 = CARTESIAN_POINT('',(0.23126612608,-0.128602796146));
#1126 = CARTESIAN_POINT('',(8.177771925015E-02,-0.127131264824));
#1127 = CARTESIAN_POINT('',(-0.215728976479,-0.125979612232));
#1128 = CARTESIAN_POINT('',(-0.363751856558,-0.126291759079));
#1129 = CARTESIAN_POINT('',(-0.511373252374,-0.127352791357));
#1130 = CARTESIAN_POINT('',(-0.658629642835,-0.129035563865));
#1131 = CARTESIAN_POINT('',(-0.805582748034,-0.131235344574));
#1132 = CARTESIAN_POINT('',(-0.952316237477,-0.133878262211));
#1133 = CARTESIAN_POINT('',(-1.098929122711,-0.136926500833));
#1134 = CARTESIAN_POINT('',(-1.245525834369,-0.140380241419));
#1135 = ( GEOMETRIC_REPRESENTATION_CONTEXT(2) 
PARAMETRIC_REPRESENTATION_CONTEXT() REPRESENTATION_CONTEXT('2D SPACE',''
  ) );
#1136 = ORIENTED_EDGE('',*,*,#1137,.F.);
#1137 = EDGE_CURVE('',#1138,#1029,#1140,.T.);
#1138 = VERTEX_POINT('',#1139);
#1139 = CARTESIAN_POINT('',(13.500000000458,16.68806167062,
    17.525674009877));
#1140 = SURFACE_CURVE('',#1141,(#1174,#1210),.PCURVE_S1.);
#1141 = B_SPLINE_CURVE_WITH_KNOTS('',6,(#1142,#1143,#1144,#1145,#1146,
    #1147,#1148,#1149,#1150,#1151,#1152,#1153,#1154,#1155,#1156,#1157,
    #1158,#1159,#1160,#1161,#1162,#1163,#1164,#1165,#1166,#1167,#1168,
    #1169,#1170,#1171,#1172,#1173),.UNSPECIFIED.,.F.,.F.,(7,5,5,5,5,5,7)
  ,(0.,0.18974786443,0.288175400287,0.500103699942,0.712130555396,
    0.809665443812,1.),.UNSPECIFIED.);
#1142 = CARTESIAN_POINT('',(18.5,17.131316616782,18.057579940138));
#1143 = CARTESIAN_POINT('',(18.35517176633,17.035467729453,
    17.942561275344));
#1144 = CARTESIAN_POINT('',(18.197401697706,16.947701933369,
    17.837242320043));
#1145 = CARTESIAN_POINT('',(18.02876111109,16.868537736648,
    17.742245283978));
#1146 = CARTESIAN_POINT('',(17.851358461233,16.797995486396,
    17.657594583675));
#1147 = CARTESIAN_POINT('',(17.667095544495,16.735809387891,
    17.582971265469));
#1148 = CARTESIAN_POINT('',(17.379183985779,16.653442284602,
    17.484130741522));
#1149 = CARTESIAN_POINT('',(17.279408309417,16.627446592708,
    17.452935911249));
#1150 = CARTESIAN_POINT('',(17.178401177441,16.603529993788,
    17.424235992545));
#1151 = CARTESIAN_POINT('',(17.076347430896,16.58162751022,
    17.397953012264));
#1152 = CARTESIAN_POINT('',(16.973407333108,16.5616722629,17.37400671548
    ));
#1153 = CARTESIAN_POINT('',(16.646447548495,16.504689449011,
    17.305627338813));
#1154 = CARTESIAN_POINT('',(16.419772806241,16.474524744248,
    17.269429693098));
#1155 = CARTESIAN_POINT('',(16.190887415657,16.452434294462,
    17.242921153354));
#1156 = CARTESIAN_POINT('',(15.960747286503,16.437907692842,
    17.22548923141));
#1157 = CARTESIAN_POINT('',(15.730067909849,16.43064922162,
    17.216779065944));
#1158 = CARTESIAN_POINT('',(15.26847290684,16.430684754716,
    17.21682170566));
#1159 = CARTESIAN_POINT('',(15.037688685501,16.437985518192,
    17.22558262183));
#1160 = CARTESIAN_POINT('',(14.8074468656,16.452561988436,
    17.243074386123));
#1161 = CARTESIAN_POINT('',(14.578464569225,16.474711224239,
    17.269653469087));
#1162 = CARTESIAN_POINT('',(14.351700259954,16.504945168424,
    17.305934202108));
#1163 = CARTESIAN_POINT('',(14.02561358336,16.561874182058,
    17.374249018469));
#1164 = CARTESIAN_POINT('',(13.923613432677,16.581661292671,
    17.397993551205));
#1165 = CARTESIAN_POINT('',(13.82248432565,16.603360719421,
    17.424032863305));
#1166 = CARTESIAN_POINT('',(13.722382187906,16.627037509007,
    17.452445010808));
#1167 = CARTESIAN_POINT('',(13.623486645439,16.652754891476,
    17.483305869772));
#1168 = CARTESIAN_POINT('',(13.335755239897,16.734848287487,
    17.581817944984));
#1169 = CARTESIAN_POINT('',(13.150837093877,16.797123139604,
    17.656547767525));
#1170 = CARTESIAN_POINT('',(12.972804216903,16.867803330742,
    17.74136399689));
#1171 = CARTESIAN_POINT('',(12.803574670047,16.947158964651,
    17.836590757581));
#1172 = CARTESIAN_POINT('',(12.64527641291,17.035171119597,
    17.942205343517));
#1173 = CARTESIAN_POINT('',(12.5,17.131316616782,18.057579940138));
#1174 = PCURVE('',#747,#1175);
#1175 = DEFINITIONAL_REPRESENTATION('',(#1176),#1209);
#1176 = B_SPLINE_CURVE_WITH_KNOTS('',6,(#1177,#1178,#1179,#1180,#1181,
    #1182,#1183,#1184,#1185,#1186,#1187,#1188,#1189,#1190,#1191,#1192,
    #1193,#1194,#1195,#1196,#1197,#1198,#1199,#1200,#1201,#1202,#1203,
    #1204,#1205,#1206,#1207,#1208),.UNSPECIFIED.,.F.,.F.,(7,5,5,5,5,5,7)
  ,(0.,0.18974786443,0.288175400287,0.500103699942,0.712130555396,
    0.809665443812,1.),.UNSPECIFIED.);
#1177 = CARTESIAN_POINT('',(5.137688115884,0.545447045771));
#1178 = CARTESIAN_POINT('',(5.12593930392,0.524569712664));
#1179 = CARTESIAN_POINT('',(5.111399913073,0.504591145816));
#1180 = CARTESIAN_POINT('',(5.094044835827,0.48574689555));
#1181 = CARTESIAN_POINT('',(5.073930023801,0.468227684946));
#1182 = CARTESIAN_POINT('',(5.051216909732,0.452185544139));
#1183 = CARTESIAN_POINT('',(5.01314096264,0.430227335957));
#1184 = CARTESIAN_POINT('',(4.999500308628,0.423152922631));
#1185 = CARTESIAN_POINT('',(4.985255987513,0.416518505202));
#1186 = CARTESIAN_POINT('',(4.970446036284,0.410336020311));
#1187 = CARTESIAN_POINT('',(4.955113199145,0.404615049833));
#1188 = CARTESIAN_POINT('',(4.905263259444,0.38805465992));
#1189 = CARTESIAN_POINT('',(4.869025473531,0.378924595759));
#1190 = CARTESIAN_POINT('',(4.831030608935,0.372037339938));
#1191 = CARTESIAN_POINT('',(4.791835698576,0.367440168875));
#1192 = CARTESIAN_POINT('',(4.752059256412,0.365143191659));
#1193 = CARTESIAN_POINT('',(4.672467099491,0.3651544363));
#1194 = CARTESIAN_POINT('',(4.63267449757,0.367464797048));
#1195 = CARTESIAN_POINT('',(4.593466569848,0.372077444727));
#1196 = CARTESIAN_POINT('',(4.555462636956,0.378982195772));
#1197 = CARTESIAN_POINT('',(4.51922025349,0.388131593316));
#1198 = CARTESIAN_POINT('',(4.469521106684,0.404672511766));
#1199 = CARTESIAN_POINT('',(4.454330926905,0.410344508953));
#1200 = CARTESIAN_POINT('',(4.43965431443,0.416469643417));
#1201 = CARTESIAN_POINT('',(4.425532852017,0.423038590438));
#1202 = CARTESIAN_POINT('',(4.412003586068,0.430039755735));
#1203 = CARTESIAN_POINT('',(4.373912615301,0.451937544722));
#1204 = CARTESIAN_POINT('',(4.351096982939,0.468010992362));
#1205 = CARTESIAN_POINT('',(4.330894263577,0.485572049375));
#1206 = CARTESIAN_POINT('',(4.31346804448,0.504467537115));
#1207 = CARTESIAN_POINT('',(4.298875014219,0.524505106565));
#1208 = CARTESIAN_POINT('',(4.287089844886,0.545447045771));
#1209 = ( GEOMETRIC_REPRESENTATION_CONTEXT(2) 
PARAMETRIC_REPRESENTATION_CONTEXT() REPRESENTATION_CONTEXT('2D SPACE',''
  ) );
#1210 = PCURVE('',#1211,#1216);
#1211 = PLANE('',#1212);
#1212 = AXIS2_PLACEMENT_3D('',#1213,#1214,#1215);
#1213 = CARTESIAN_POINT('',(12.5,19.,20.3));
#1214 = DIRECTION('',(0.,0.768221279597,-0.640184399664));
#1215 = DIRECTION('',(0.,-0.640184399664,-0.768221279597));
#1216 = DEFINITIONAL_REPRESENTATION('',(#1217),#1250);
#1217 = B_SPLINE_CURVE_WITH_KNOTS('',6,(#1218,#1219,#1220,#1221,#1222,
    #1223,#1224,#1225,#1226,#1227,#1228,#1229,#1230,#1231,#1232,#1233,
    #1234,#1235,#1236,#1237,#1238,#1239,#1240,#1241,#1242,#1243,#1244,
    #1245,#1246,#1247,#1248,#1249),.UNSPECIFIED.,.F.,.F.,(7,5,5,5,5,5,7)
  ,(0.,0.18974786443,0.288175400287,0.500103699942,0.712130555396,
    0.809665443812,1.),.UNSPECIFIED.);
#1218 = CARTESIAN_POINT('',(2.91897675763,-6.));
#1219 = CARTESIAN_POINT('',(3.068697505869,-5.85517176633));
#1220 = CARTESIAN_POINT('',(3.205792061953,-5.697401697706));
#1221 = CARTESIAN_POINT('',(3.32945049031,-5.52876111109));
#1222 = CARTESIAN_POINT('',(3.439641007744,-5.351358461233));
#1223 = CARTESIAN_POINT('',(3.536778798883,-5.167095544495));
#1224 = CARTESIAN_POINT('',(3.665440327237,-4.879183985779));
#1225 = CARTESIAN_POINT('',(3.706046896075,-4.779408309417));
#1226 = CARTESIAN_POINT('',(3.743405817868,-4.678401177441));
#1227 = CARTESIAN_POINT('',(3.777618590905,-4.576347430896));
#1228 = CARTESIAN_POINT('',(3.808789683688,-4.473407333108));
#1229 = CARTESIAN_POINT('',(3.89779968443,-4.146447548495));
#1230 = CARTESIAN_POINT('',(3.944918459549,-3.919772806241));
#1231 = CARTESIAN_POINT('',(3.979424845206,-3.690887415657));
#1232 = CARTESIAN_POINT('',(4.002116122325,-3.460747286503));
#1233 = CARTESIAN_POINT('',(4.013454216826,-3.230067909849));
#1234 = CARTESIAN_POINT('',(4.013398712356,-2.76847290684));
#1235 = CARTESIAN_POINT('',(4.001994555242,-2.537688685501));
#1236 = CARTESIAN_POINT('',(3.979225380842,-2.3074468656));
#1237 = CARTESIAN_POINT('',(3.944627168492,-2.078464569225));
#1238 = CARTESIAN_POINT('',(3.897400237938,-1.851700259954));
#1239 = CARTESIAN_POINT('',(3.80847427588,-1.52561358336));
#1240 = CARTESIAN_POINT('',(3.77756582103,-1.423613432677));
#1241 = CARTESIAN_POINT('',(3.743670232881,-1.32248432565));
#1242 = CARTESIAN_POINT('',(3.706685905243,-1.222382187906));
#1243 = CARTESIAN_POINT('',(3.666514069624,-1.123486645439));
#1244 = CARTESIAN_POINT('',(3.538280085708,-0.835755239897));
#1245 = CARTESIAN_POINT('',(3.441003656994,-0.650837093877));
#1246 = CARTESIAN_POINT('',(3.330597669009,-0.472804216903));
#1247 = CARTESIAN_POINT('',(3.206640206204,-0.303574670047));
#1248 = CARTESIAN_POINT('',(3.069160825275,-0.14527641291));
#1249 = CARTESIAN_POINT('',(2.91897675763,0.));
#1250 = ( GEOMETRIC_REPRESENTATION_CONTEXT(2) 
PARAMETRIC_REPRESENTATION_CONTEXT() REPRESENTATION_CONTEXT('2D SPACE',''
  ) );
#1251 = ORIENTED_EDGE('',*,*,#1252,.F.);
#1252 = EDGE_CURVE('',#1253,#1138,#1255,.T.);
#1253 = VERTEX_POINT('',#1254);
#1254 = CARTESIAN_POINT('',(14.999999999958,16.445006392728,
    17.234007670406));
#1255 = SURFACE_CURVE('',#1256,(#1289,#1325),.PCURVE_S1.);
#1256 = B_SPLINE_CURVE_WITH_KNOTS('',6,(#1257,#1258,#1259,#1260,#1261,
    #1262,#1263,#1264,#1265,#1266,#1267,#1268,#1269,#1270,#1271,#1272,
    #1273,#1274,#1275,#1276,#1277,#1278,#1279,#1280,#1281,#1282,#1283,
    #1284,#1285,#1286,#1287,#1288),.UNSPECIFIED.,.F.,.F.,(7,5,5,5,5,5,7)
  ,(0.,0.18974786443,0.288175400287,0.500103699942,0.712130555396,
    0.809665443812,1.),.UNSPECIFIED.);
#1257 = CARTESIAN_POINT('',(18.5,17.131316616782,18.057579940138));
#1258 = CARTESIAN_POINT('',(18.35517176633,17.035467729453,
    17.942561275344));
#1259 = CARTESIAN_POINT('',(18.197401697706,16.947701933369,
    17.837242320043));
#1260 = CARTESIAN_POINT('',(18.02876111109,16.868537736648,
    17.742245283978));
#1261 = CARTESIAN_POINT('',(17.851358461233,16.797995486396,
    17.657594583675));
#1262 = CARTESIAN_POINT('',(17.667095544495,16.735809387891,
    17.582971265469));
#1263 = CARTESIAN_POINT('',(17.379183985779,16.653442284602,
    17.484130741522));
#1264 = CARTESIAN_POINT('',(17.279408309417,16.627446592708,
    17.452935911249));
#1265 = CARTESIAN_POINT('',(17.178401177441,16.603529993788,
    17.424235992545));
#1266 = CARTESIAN_POINT('',(17.076347430896,16.58162751022,
    17.397953012264));
#1267 = CARTESIAN_POINT('',(16.973407333108,16.5616722629,17.37400671548
    ));
#1268 = CARTESIAN_POINT('',(16.646447548495,16.504689449011,
    17.305627338813));
#1269 = CARTESIAN_POINT('',(16.419772806241,16.474524744248,
    17.269429693098));
#1270 = CARTESIAN_POINT('',(16.190887415657,16.452434294462,
    17.242921153354));
#1271 = CARTESIAN_POINT('',(15.960747286503,16.437907692842,
    17.22548923141));
#1272 = CARTESIAN_POINT('',(15.730067909849,16.43064922162,
    17.216779065944));
#1273 = CARTESIAN_POINT('',(15.26847290684,16.430684754716,
    17.21682170566));
#1274 = CARTESIAN_POINT('',(15.037688685501,16.437985518192,
    17.22558262183));
#1275 = CARTESIAN_POINT('',(14.8074468656,16.452561988436,
    17.243074386123));
#1276 = CARTESIAN_POINT('',(14.578464569225,16.474711224239,
    17.269653469087));
#1277 = CARTESIAN_POINT('',(14.351700259954,16.504945168424,
    17.305934202108));
#1278 = CARTESIAN_POINT('',(14.02561358336,16.561874182058,
    17.374249018469));
#1279 = CARTESIAN_POINT('',(13.923613432677,16.581661292671,
    17.397993551205));
#1280 = CARTESIAN_POINT('',(13.82248432565,16.603360719421,
    17.424032863305));
#1281 = CARTESIAN_POINT('',(13.722382187906,16.627037509007,
    17.452445010808));
#1282 = CARTESIAN_POINT('',(13.623486645439,16.652754891476,
    17.483305869772));
#1283 = CARTESIAN_POINT('',(13.335755239897,16.734848287487,
    17.581817944984));
#1284 = CARTESIAN_POINT('',(13.150837093877,16.797123139604,
    17.656547767525));
#1285 = CARTESIAN_POINT('',(12.972804216903,16.867803330742,
    17.74136399689));
#1286 = CARTESIAN_POINT('',(12.803574670047,16.947158964651,
    17.836590757581));
#1287 = CARTESIAN_POINT('',(12.64527641291,17.035171119597,
    17.942205343517));
#1288 = CARTESIAN_POINT('',(12.5,17.131316616782,18.057579940138));
#1289 = PCURVE('',#747,#1290);
#1290 = DEFINITIONAL_REPRESENTATION('',(#1291),#1324);
#1291 = B_SPLINE_CURVE_WITH_KNOTS('',6,(#1292,#1293,#1294,#1295,#1296,
    #1297,#1298,#1299,#1300,#1301,#1302,#1303,#1304,#1305,#1306,#1307,
    #1308,#1309,#1310,#1311,#1312,#1313,#1314,#1315,#1316,#1317,#1318,
    #1319,#1320,#1321,#1322,#1323),.UNSPECIFIED.,.F.,.F.,(7,5,5,5,5,5,7)
  ,(0.,0.18974786443,0.288175400287,0.500103699942,0.712130555396,
    0.809665443812,1.),.UNSPECIFIED.);
#1292 = CARTESIAN_POINT('',(5.137688115884,0.545447045771));
#1293 = CARTESIAN_POINT('',(5.12593930392,0.524569712664));
#1294 = CARTESIAN_POINT('',(5.111399913073,0.504591145816));
#1295 = CARTESIAN_POINT('',(5.094044835827,0.48574689555));
#1296 = CARTESIAN_POINT('',(5.073930023801,0.468227684946));
#1297 = CARTESIAN_POINT('',(5.051216909732,0.452185544139));
#1298 = CARTESIAN_POINT('',(5.01314096264,0.430227335957));
#1299 = CARTESIAN_POINT('',(4.999500308628,0.423152922631));
#1300 = CARTESIAN_POINT('',(4.985255987513,0.416518505202));
#1301 = CARTESIAN_POINT('',(4.970446036284,0.410336020311));
#1302 = CARTESIAN_POINT('',(4.955113199145,0.404615049833));
#1303 = CARTESIAN_POINT('',(4.905263259444,0.38805465992));
#1304 = CARTESIAN_POINT('',(4.869025473531,0.378924595759));
#1305 = CARTESIAN_POINT('',(4.831030608935,0.372037339938));
#1306 = CARTESIAN_POINT('',(4.791835698576,0.367440168875));
#1307 = CARTESIAN_POINT('',(4.752059256412,0.365143191659));
#1308 = CARTESIAN_POINT('',(4.672467099491,0.3651544363));
#1309 = CARTESIAN_POINT('',(4.63267449757,0.367464797048));
#1310 = CARTESIAN_POINT('',(4.593466569848,0.372077444727));
#1311 = CARTESIAN_POINT('',(4.555462636956,0.378982195772));
#1312 = CARTESIAN_POINT('',(4.51922025349,0.388131593316));
#1313 = CARTESIAN_POINT('',(4.469521106684,0.404672511766));
#1314 = CARTESIAN_POINT('',(4.454330926905,0.410344508953));
#1315 = CARTESIAN_POINT('',(4.43965431443,0.416469643417));
#1316 = CARTESIAN_POINT('',(4.425532852017,0.423038590438));
#1317 = CARTESIAN_POINT('',(4.412003586068,0.430039755735));
#1318 = CARTESIAN_POINT('',(4.373912615301,0.451937544722));
#1319 = CARTESIAN_POINT('',(4.351096982939,0.468010992362));
#1320 = CARTESIAN_POINT('',(4.330894263577,0.485572049375));
#1321 = CARTESIAN_POINT('',(4.31346804448,0.504467537115));
#1322 = CARTESIAN_POINT('',(4.298875014219,0.524505106565));
#1323 = CARTESIAN_POINT('',(4.287089844886,0.545447045771));
#1324 = ( GEOMETRIC_REPRESENTATION_CONTEXT(2) 
PARAMETRIC_REPRESENTATION_CONTEXT() REPRESENTATION_CONTEXT('2D SPACE',''
  ) );
#1325 = PCURVE('',#1326,#1335);
#1326 = SURFACE_OF_REVOLUTION('',#1327,#1332);
#1327 = CIRCLE('',#1328,9.1);
#1328 = AXIS2_PLACEMENT_3D('',#1329,#1330,#1331);
#1329 = CARTESIAN_POINT('',(18.05,25.066550588529,11.621580821726));
#1330 = DIRECTION('',(0.,-2.383937680911E-02,0.999715801672));
#1331 = DIRECTION('',(1.171224289714E-15,-0.999715801672,
    -2.383937680911E-02));
#1332 = AXIS1_PLACEMENT('',#1333,#1334);
#1333 = CARTESIAN_POINT('',(15.5,-2.631603344664E-02,11.023212463818));
#1334 = DIRECTION('',(0.,0.999715801672,2.383937680911E-02));
#1335 = DEFINITIONAL_REPRESENTATION('',(#1336),#1363);
#1336 = B_SPLINE_CURVE_WITH_KNOTS('',13,(#1337,#1338,#1339,#1340,#1341,
    #1342,#1343,#1344,#1345,#1346,#1347,#1348,#1349,#1350,#1351,#1352,
    #1353,#1354,#1355,#1356,#1357,#1358,#1359,#1360,#1361,#1362),
  .UNSPECIFIED.,.F.,.F.,(14,12,14),(0.576636211953,0.695321908102,
    0.814007604251),.UNSPECIFIED.);
#1337 = CARTESIAN_POINT('',(4.626635443766,0.369659995088));
#1338 = CARTESIAN_POINT('',(4.616553478438,0.370733751401));
#1339 = CARTESIAN_POINT('',(4.606523079366,0.371945519747));
#1340 = CARTESIAN_POINT('',(4.596551410868,0.373295061988));
#1341 = CARTESIAN_POINT('',(4.586645578465,0.374782086522));
#1342 = CARTESIAN_POINT('',(4.576812610295,0.376406248887));
#1343 = CARTESIAN_POINT('',(4.567059437247,0.378167152279));
#1344 = CARTESIAN_POINT('',(4.557392875207,0.38006434822));
#1345 = CARTESIAN_POINT('',(4.547819604415,0.382097337016));
#1346 = CARTESIAN_POINT('',(4.538346152144,0.38426556846));
#1347 = CARTESIAN_POINT('',(4.52897887215,0.386568442294));
#1348 = CARTESIAN_POINT('',(4.519723926773,0.38900530887));
#1349 = CARTESIAN_POINT('',(4.510587267212,0.391575469676));
#1350 = CARTESIAN_POINT('',(4.492561962468,0.396980886197));
#1351 = CARTESIAN_POINT('',(4.483673309548,0.399816161731));
#1352 = CARTESIAN_POINT('',(4.474915563007,0.402782778648));
#1353 = CARTESIAN_POINT('',(4.466283455593,0.405883931136));
#1354 = CARTESIAN_POINT('',(4.45782546045,0.409103683583));
#1355 = CARTESIAN_POINT('',(4.449456697347,0.412471687267));
#1356 = CARTESIAN_POINT('',(4.441311367962,0.415943584187));
#1357 = CARTESIAN_POINT('',(4.43325944177,0.419562766849));
#1358 = CARTESIAN_POINT('',(4.425412092065,0.423293255693));
#1359 = CARTESIAN_POINT('',(4.417711323568,0.427153405757));
#1360 = CARTESIAN_POINT('',(4.410187975673,0.431133729502));
#1361 = CARTESIAN_POINT('',(4.402839053939,0.435234241751));
#1362 = CARTESIAN_POINT('',(4.39566896064,0.439453321079));
#1363 = ( GEOMETRIC_REPRESENTATION_CONTEXT(2) 
PARAMETRIC_REPRESENTATION_CONTEXT() REPRESENTATION_CONTEXT('2D SPACE',''
  ) );
#1364 = ORIENTED_EDGE('',*,*,#1365,.F.);
#1365 = EDGE_CURVE('',#1366,#1253,#1368,.T.);
#1366 = VERTEX_POINT('',#1367);
#1367 = CARTESIAN_POINT('',(16.00000000004,16.445006392721,
    17.234007670395));
#1368 = SURFACE_CURVE('',#1369,(#1402,#1438),.PCURVE_S1.);
#1369 = B_SPLINE_CURVE_WITH_KNOTS('',6,(#1370,#1371,#1372,#1373,#1374,
    #1375,#1376,#1377,#1378,#1379,#1380,#1381,#1382,#1383,#1384,#1385,
    #1386,#1387,#1388,#1389,#1390,#1391,#1392,#1393,#1394,#1395,#1396,
    #1397,#1398,#1399,#1400,#1401),.UNSPECIFIED.,.F.,.F.,(7,5,5,5,5,5,7)
  ,(0.,0.18974786443,0.288175400287,0.500103699942,0.712130555396,
    0.809665443812,1.),.UNSPECIFIED.);
#1370 = CARTESIAN_POINT('',(18.5,17.131316616782,18.057579940138));
#1371 = CARTESIAN_POINT('',(18.35517176633,17.035467729453,
    17.942561275344));
#1372 = CARTESIAN_POINT('',(18.197401697706,16.947701933369,
    17.837242320043));
#1373 = CARTESIAN_POINT('',(18.02876111109,16.868537736648,
    17.742245283978));
#1374 = CARTESIAN_POINT('',(17.851358461233,16.797995486396,
    17.657594583675));
#1375 = CARTESIAN_POINT('',(17.667095544495,16.735809387891,
    17.582971265469));
#1376 = CARTESIAN_POINT('',(17.379183985779,16.653442284602,
    17.484130741522));
#1377 = CARTESIAN_POINT('',(17.279408309417,16.627446592708,
    17.452935911249));
#1378 = CARTESIAN_POINT('',(17.178401177441,16.603529993788,
    17.424235992545));
#1379 = CARTESIAN_POINT('',(17.076347430896,16.58162751022,
    17.397953012264));
#1380 = CARTESIAN_POINT('',(16.973407333108,16.5616722629,17.37400671548
    ));
#1381 = CARTESIAN_POINT('',(16.646447548495,16.504689449011,
    17.305627338813));
#1382 = CARTESIAN_POINT('',(16.419772806241,16.474524744248,
    17.269429693098));
#1383 = CARTESIAN_POINT('',(16.190887415657,16.452434294462,
    17.242921153354));
#1384 = CARTESIAN_POINT('',(15.960747286503,16.437907692842,
    17.22548923141));
#1385 = CARTESIAN_POINT('',(15.730067909849,16.43064922162,
    17.216779065944));
#1386 = CARTESIAN_POINT('',(15.26847290684,16.430684754716,
    17.21682170566));
#1387 = CARTESIAN_POINT('',(15.037688685501,16.437985518192,
    17.22558262183));
#1388 = CARTESIAN_POINT('',(14.8074468656,16.452561988436,
    17.243074386123));
#1389 = CARTESIAN_POINT('',(14.578464569225,16.474711224239,
    17.269653469087));
#1390 = CARTESIAN_POINT('',(14.351700259954,16.504945168424,
    17.305934202108));
#1391 = CARTESIAN_POINT('',(14.02561358336,16.561874182058,
    17.374249018469));
#1392 = CARTESIAN_POINT('',(13.923613432677,16.581661292671,
    17.397993551205));
#1393 = CARTESIAN_POINT('',(13.82248432565,16.603360719421,
    17.424032863305));
#1394 = CARTESIAN_POINT('',(13.722382187906,16.627037509007,
    17.452445010808));
#1395 = CARTESIAN_POINT('',(13.623486645439,16.652754891476,
    17.483305869772));
#1396 = CARTESIAN_POINT('',(13.335755239897,16.734848287487,
    17.581817944984));
#1397 = CARTESIAN_POINT('',(13.150837093877,16.797123139604,
    17.656547767525));
#1398 = CARTESIAN_POINT('',(12.972804216903,16.867803330742,
    17.74136399689));
#1399 = CARTESIAN_POINT('',(12.803574670047,16.947158964651,
    17.836590757581));
#1400 = CARTESIAN_POINT('',(12.64527641291,17.035171119597,
    17.942205343517));
#1401 = CARTESIAN_POINT('',(12.5,17.131316616782,18.057579940138));
#1402 = PCURVE('',#747,#1403);
#1403 = DEFINITIONAL_REPRESENTATION('',(#1404),#1437);
#1404 = B_SPLINE_CURVE_WITH_KNOTS('',6,(#1405,#1406,#1407,#1408,#1409,
    #1410,#1411,#1412,#1413,#1414,#1415,#1416,#1417,#1418,#1419,#1420,
    #1421,#1422,#1423,#1424,#1425,#1426,#1427,#1428,#1429,#1430,#1431,
    #1432,#1433,#1434,#1435,#1436),.UNSPECIFIED.,.F.,.F.,(7,5,5,5,5,5,7)
  ,(0.,0.18974786443,0.288175400287,0.500103699942,0.712130555396,
    0.809665443812,1.),.UNSPECIFIED.);
#1405 = CARTESIAN_POINT('',(5.137688115884,0.545447045771));
#1406 = CARTESIAN_POINT('',(5.12593930392,0.524569712664));
#1407 = CARTESIAN_POINT('',(5.111399913073,0.504591145816));
#1408 = CARTESIAN_POINT('',(5.094044835827,0.48574689555));
#1409 = CARTESIAN_POINT('',(5.073930023801,0.468227684946));
#1410 = CARTESIAN_POINT('',(5.051216909732,0.452185544139));
#1411 = CARTESIAN_POINT('',(5.01314096264,0.430227335957));
#1412 = CARTESIAN_POINT('',(4.999500308628,0.423152922631));
#1413 = CARTESIAN_POINT('',(4.985255987513,0.416518505202));
#1414 = CARTESIAN_POINT('',(4.970446036284,0.410336020311));
#1415 = CARTESIAN_POINT('',(4.955113199145,0.404615049833));
#1416 = CARTESIAN_POINT('',(4.905263259444,0.38805465992));
#1417 = CARTESIAN_POINT('',(4.869025473531,0.378924595759));
#1418 = CARTESIAN_POINT('',(4.831030608935,0.372037339938));
#1419 = CARTESIAN_POINT('',(4.791835698576,0.367440168875));
#1420 = CARTESIAN_POINT('',(4.752059256412,0.365143191659));
#1421 = CARTESIAN_POINT('',(4.672467099491,0.3651544363));
#1422 = CARTESIAN_POINT('',(4.63267449757,0.367464797048));
#1423 = CARTESIAN_POINT('',(4.593466569848,0.372077444727));
#1424 = CARTESIAN_POINT('',(4.555462636956,0.378982195772));
#1425 = CARTESIAN_POINT('',(4.51922025349,0.388131593316));
#1426 = CARTESIAN_POINT('',(4.469521106684,0.404672511766));
#1427 = CARTESIAN_POINT('',(4.454330926905,0.410344508953));
#1428 = CARTESIAN_POINT('',(4.43965431443,0.416469643417));
#1429 = CARTESIAN_POINT('',(4.425532852017,0.423038590438));
#1430 = CARTESIAN_POINT('',(4.412003586068,0.430039755735));
#1431 = CARTESIAN_POINT('',(4.373912615301,0.451937544722));
#1432 = CARTESIAN_POINT('',(4.351096982939,0.468010992362));
#1433 = CARTESIAN_POINT('',(4.330894263577,0.485572049375));
#1434 = CARTESIAN_POINT('',(4.31346804448,0.504467537115));
#1435 = CARTESIAN_POINT('',(4.298875014219,0.524505106565));
#1436 = CARTESIAN_POINT('',(4.287089844886,0.545447045771));
#1437 = ( GEOMETRIC_REPRESENTATION_CONTEXT(2) 
PARAMETRIC_REPRESENTATION_CONTEXT() REPRESENTATION_CONTEXT('2D SPACE',''
  ) );
#1438 = PCURVE('',#1439,#1444);
#1439 = PLANE('',#1440);
#1440 = AXIS2_PLACEMENT_3D('',#1441,#1442,#1443);
#1441 = CARTESIAN_POINT('',(12.5,19.,20.3));
#1442 = DIRECTION('',(0.,0.768221279597,-0.640184399664));
#1443 = DIRECTION('',(0.,-0.640184399664,-0.768221279597));
#1444 = DEFINITIONAL_REPRESENTATION('',(#1445),#1478);
#1445 = B_SPLINE_CURVE_WITH_KNOTS('',6,(#1446,#1447,#1448,#1449,#1450,
    #1451,#1452,#1453,#1454,#1455,#1456,#1457,#1458,#1459,#1460,#1461,
    #1462,#1463,#1464,#1465,#1466,#1467,#1468,#1469,#1470,#1471,#1472,
    #1473,#1474,#1475,#1476,#1477),.UNSPECIFIED.,.F.,.F.,(7,5,5,5,5,5,7)
  ,(0.,0.18974786443,0.288175400287,0.500103699942,0.712130555396,
    0.809665443812,1.),.UNSPECIFIED.);
#1446 = CARTESIAN_POINT('',(2.91897675763,-6.));
#1447 = CARTESIAN_POINT('',(3.068697505869,-5.85517176633));
#1448 = CARTESIAN_POINT('',(3.205792061953,-5.697401697706));
#1449 = CARTESIAN_POINT('',(3.32945049031,-5.52876111109));
#1450 = CARTESIAN_POINT('',(3.439641007744,-5.351358461233));
#1451 = CARTESIAN_POINT('',(3.536778798883,-5.167095544495));
#1452 = CARTESIAN_POINT('',(3.665440327237,-4.879183985779));
#1453 = CARTESIAN_POINT('',(3.706046896075,-4.779408309417));
#1454 = CARTESIAN_POINT('',(3.743405817868,-4.678401177441));
#1455 = CARTESIAN_POINT('',(3.777618590905,-4.576347430896));
#1456 = CARTESIAN_POINT('',(3.808789683688,-4.473407333108));
#1457 = CARTESIAN_POINT('',(3.89779968443,-4.146447548495));
#1458 = CARTESIAN_POINT('',(3.944918459549,-3.919772806241));
#1459 = CARTESIAN_POINT('',(3.979424845206,-3.690887415657));
#1460 = CARTESIAN_POINT('',(4.002116122325,-3.460747286503));
#1461 = CARTESIAN_POINT('',(4.013454216826,-3.230067909849));
#1462 = CARTESIAN_POINT('',(4.013398712356,-2.76847290684));
#1463 = CARTESIAN_POINT('',(4.001994555242,-2.537688685501));
#1464 = CARTESIAN_POINT('',(3.979225380842,-2.3074468656));
#1465 = CARTESIAN_POINT('',(3.944627168492,-2.078464569225));
#1466 = CARTESIAN_POINT('',(3.897400237938,-1.851700259954));
#1467 = CARTESIAN_POINT('',(3.80847427588,-1.52561358336));
#1468 = CARTESIAN_POINT('',(3.77756582103,-1.423613432677));
#1469 = CARTESIAN_POINT('',(3.743670232881,-1.32248432565));
#1470 = CARTESIAN_POINT('',(3.706685905243,-1.222382187906));
#1471 = CARTESIAN_POINT('',(3.666514069624,-1.123486645439));
#1472 = CARTESIAN_POINT('',(3.538280085708,-0.835755239897));
#1473 = CARTESIAN_POINT('',(3.441003656994,-0.650837093877));
#1474 = CARTESIAN_POINT('',(3.330597669009,-0.472804216903));
#1475 = CARTESIAN_POINT('',(3.206640206204,-0.303574670047));
#1476 = CARTESIAN_POINT('',(3.069160825275,-0.14527641291));
#1477 = CARTESIAN_POINT('',(2.91897675763,0.));
#1478 = ( GEOMETRIC_REPRESENTATION_CONTEXT(2) 
PARAMETRIC_REPRESENTATION_CONTEXT() REPRESENTATION_CONTEXT('2D SPACE',''
  ) );
#1479 = ORIENTED_EDGE('',*,*,#1480,.F.);
#1480 = EDGE_CURVE('',#1481,#1366,#1483,.T.);
#1481 = VERTEX_POINT('',#1482);
#1482 = CARTESIAN_POINT('',(17.499999999528,16.688061670951,
    17.525674010417));
#1483 = SURFACE_CURVE('',#1484,(#1517,#1553),.PCURVE_S1.);
#1484 = B_SPLINE_CURVE_WITH_KNOTS('',6,(#1485,#1486,#1487,#1488,#1489,
    #1490,#1491,#1492,#1493,#1494,#1495,#1496,#1497,#1498,#1499,#1500,
    #1501,#1502,#1503,#1504,#1505,#1506,#1507,#1508,#1509,#1510,#1511,
    #1512,#1513,#1514,#1515,#1516),.UNSPECIFIED.,.F.,.F.,(7,5,5,5,5,5,7)
  ,(0.,0.18974786443,0.288175400287,0.500103699942,0.712130555396,
    0.809665443812,1.),.UNSPECIFIED.);
#1485 = CARTESIAN_POINT('',(18.5,17.131316616782,18.057579940138));
#1486 = CARTESIAN_POINT('',(18.35517176633,17.035467729453,
    17.942561275344));
#1487 = CARTESIAN_POINT('',(18.197401697706,16.947701933369,
    17.837242320043));
#1488 = CARTESIAN_POINT('',(18.02876111109,16.868537736648,
    17.742245283978));
#1489 = CARTESIAN_POINT('',(17.851358461233,16.797995486396,
    17.657594583675));
#1490 = CARTESIAN_POINT('',(17.667095544495,16.735809387891,
    17.582971265469));
#1491 = CARTESIAN_POINT('',(17.379183985779,16.653442284602,
    17.484130741522));
#1492 = CARTESIAN_POINT('',(17.279408309417,16.627446592708,
    17.452935911249));
#1493 = CARTESIAN_POINT('',(17.178401177441,16.603529993788,
    17.424235992545));
#1494 = CARTESIAN_POINT('',(17.076347430896,16.58162751022,
    17.397953012264));
#1495 = CARTESIAN_POINT('',(16.973407333108,16.5616722629,17.37400671548
    ));
#1496 = CARTESIAN_POINT('',(16.646447548495,16.504689449011,
    17.305627338813));
#1497 = CARTESIAN_POINT('',(16.419772806241,16.474524744248,
    17.269429693098));
#1498 = CARTESIAN_POINT('',(16.190887415657,16.452434294462,
    17.242921153354));
#1499 = CARTESIAN_POINT('',(15.960747286503,16.437907692842,
    17.22548923141));
#1500 = CARTESIAN_POINT('',(15.730067909849,16.43064922162,
    17.216779065944));
#1501 = CARTESIAN_POINT('',(15.26847290684,16.430684754716,
    17.21682170566));
#1502 = CARTESIAN_POINT('',(15.037688685501,16.437985518192,
    17.22558262183));
#1503 = CARTESIAN_POINT('',(14.8074468656,16.452561988436,
    17.243074386123));
#1504 = CARTESIAN_POINT('',(14.578464569225,16.474711224239,
    17.269653469087));
#1505 = CARTESIAN_POINT('',(14.351700259954,16.504945168424,
    17.305934202108));
#1506 = CARTESIAN_POINT('',(14.02561358336,16.561874182058,
    17.374249018469));
#1507 = CARTESIAN_POINT('',(13.923613432677,16.581661292671,
    17.397993551205));
#1508 = CARTESIAN_POINT('',(13.82248432565,16.603360719421,
    17.424032863305));
#1509 = CARTESIAN_POINT('',(13.722382187906,16.627037509007,
    17.452445010808));
#1510 = CARTESIAN_POINT('',(13.623486645439,16.652754891476,
    17.483305869772));
#1511 = CARTESIAN_POINT('',(13.335755239897,16.734848287487,
    17.581817944984));
#1512 = CARTESIAN_POINT('',(13.150837093877,16.797123139604,
    17.656547767525));
#1513 = CARTESIAN_POINT('',(12.972804216903,16.867803330742,
    17.74136399689));
#1514 = CARTESIAN_POINT('',(12.803574670047,16.947158964651,
    17.836590757581));
#1515 = CARTESIAN_POINT('',(12.64527641291,17.035171119597,
    17.942205343517));
#1516 = CARTESIAN_POINT('',(12.5,17.131316616782,18.057579940138));
#1517 = PCURVE('',#747,#1518);
#1518 = DEFINITIONAL_REPRESENTATION('',(#1519),#1552);
#1519 = B_SPLINE_CURVE_WITH_KNOTS('',6,(#1520,#1521,#1522,#1523,#1524,
    #1525,#1526,#1527,#1528,#1529,#1530,#1531,#1532,#1533,#1534,#1535,
    #1536,#1537,#1538,#1539,#1540,#1541,#1542,#1543,#1544,#1545,#1546,
    #1547,#1548,#1549,#1550,#1551),.UNSPECIFIED.,.F.,.F.,(7,5,5,5,5,5,7)
  ,(0.,0.18974786443,0.288175400287,0.500103699942,0.712130555396,
    0.809665443812,1.),.UNSPECIFIED.);
#1520 = CARTESIAN_POINT('',(5.137688115884,0.545447045771));
#1521 = CARTESIAN_POINT('',(5.12593930392,0.524569712664));
#1522 = CARTESIAN_POINT('',(5.111399913073,0.504591145816));
#1523 = CARTESIAN_POINT('',(5.094044835827,0.48574689555));
#1524 = CARTESIAN_POINT('',(5.073930023801,0.468227684946));
#1525 = CARTESIAN_POINT('',(5.051216909732,0.452185544139));
#1526 = CARTESIAN_POINT('',(5.01314096264,0.430227335957));
#1527 = CARTESIAN_POINT('',(4.999500308628,0.423152922631));
#1528 = CARTESIAN_POINT('',(4.985255987513,0.416518505202));
#1529 = CARTESIAN_POINT('',(4.970446036284,0.410336020311));
#1530 = CARTESIAN_POINT('',(4.955113199145,0.404615049833));
#1531 = CARTESIAN_POINT('',(4.905263259444,0.38805465992));
#1532 = CARTESIAN_POINT('',(4.869025473531,0.378924595759));
#1533 = CARTESIAN_POINT('',(4.831030608935,0.372037339938));
#1534 = CARTESIAN_POINT('',(4.791835698576,0.367440168875));
#1535 = CARTESIAN_POINT('',(4.752059256412,0.365143191659));
#1536 = CARTESIAN_POINT('',(4.672467099491,0.3651544363));
#1537 = CARTESIAN_POINT('',(4.63267449757,0.367464797048));
#1538 = CARTESIAN_POINT('',(4.593466569848,0.372077444727));
#1539 = CARTESIAN_POINT('',(4.555462636956,0.378982195772));
#1540 = CARTESIAN_POINT('',(4.51922025349,0.388131593316));
#1541 = CARTESIAN_POINT('',(4.469521106684,0.404672511766));
#1542 = CARTESIAN_POINT('',(4.454330926905,0.410344508953));
#1543 = CARTESIAN_POINT('',(4.43965431443,0.416469643417));
#1544 = CARTESIAN_POINT('',(4.425532852017,0.423038590438));
#1545 = CARTESIAN_POINT('',(4.412003586068,0.430039755735));
#1546 = CARTESIAN_POINT('',(4.373912615301,0.451937544722));
#1547 = CARTESIAN_POINT('',(4.351096982939,0.468010992362));
#1548 = CARTESIAN_POINT('',(4.330894263577,0.485572049375));
#1549 = CARTESIAN_POINT('',(4.31346804448,0.504467537115));
#1550 = CARTESIAN_POINT('',(4.298875014219,0.524505106565));
#1551 = CARTESIAN_POINT('',(4.287089844886,0.545447045771));
#1552 = ( GEOMETRIC_REPRESENTATION_CONTEXT(2) 
PARAMETRIC_REPRESENTATION_CONTEXT() REPRESENTATION_CONTEXT('2D SPACE',''
  ) );
#1553 = PCURVE('',#1554,#1563);
#1554 = SURFACE_OF_REVOLUTION('',#1555,#1560);
#1555 = CIRCLE('',#1556,9.1);
#1556 = AXIS2_PLACEMENT_3D('',#1557,#1558,#1559);
#1557 = CARTESIAN_POINT('',(18.05,25.066550588529,11.621580821726));
#1558 = DIRECTION('',(0.,-2.383937680911E-02,0.999715801672));
#1559 = DIRECTION('',(1.171224289714E-15,-0.999715801672,
    -2.383937680911E-02));
#1560 = AXIS1_PLACEMENT('',#1561,#1562);
#1561 = CARTESIAN_POINT('',(15.5,-2.631603344664E-02,11.023212463818));
#1562 = DIRECTION('',(0.,0.999715801672,2.383937680911E-02));
#1563 = DEFINITIONAL_REPRESENTATION('',(#1564),#1591);
#1564 = B_SPLINE_CURVE_WITH_KNOTS('',13,(#1565,#1566,#1567,#1568,#1569,
    #1570,#1571,#1572,#1573,#1574,#1575,#1576,#1577,#1578,#1579,#1580,
    #1581,#1582,#1583,#1584,#1585,#1586,#1587,#1588,#1589,#1590),
  .UNSPECIFIED.,.F.,.F.,(14,12,14),(0.185992753704,0.30467848981,
    0.423364225917),.UNSPECIFIED.);
#1565 = CARTESIAN_POINT('',(5.029109000101,0.439453321145));
#1566 = CARTESIAN_POINT('',(5.021938930684,0.435234255731));
#1567 = CARTESIAN_POINT('',(5.01459004073,0.431133758305));
#1568 = CARTESIAN_POINT('',(5.007066439912,0.427153305011));
#1569 = CARTESIAN_POINT('',(4.999366508966,0.423293573045));
#1570 = CARTESIAN_POINT('',(4.991517383294,0.419562229209));
#1571 = CARTESIAN_POINT('',(4.983468276031,0.415944335816));
#1572 = CARTESIAN_POINT('',(4.97531949848,0.412470947749));
#1573 = CARTESIAN_POINT('',(4.966954053599,0.409104295272));
#1574 = CARTESIAN_POINT('',(4.958493607916,0.405883596218));
#1575 = CARTESIAN_POINT('',(4.94986282663,0.40278293384));
#1576 = CARTESIAN_POINT('',(4.941104651443,0.399816159601));
#1577 = CARTESIAN_POINT('',(4.932216037447,0.396980898452));
#1578 = CARTESIAN_POINT('',(4.914190711916,0.391575474689));
#1579 = CARTESIAN_POINT('',(4.905054046081,0.389005311896));
#1580 = CARTESIAN_POINT('',(4.895799097518,0.386568444405));
#1581 = CARTESIAN_POINT('',(4.886431816605,0.384265570285));
#1582 = CARTESIAN_POINT('',(4.876958364635,0.382097338873));
#1583 = CARTESIAN_POINT('',(4.867385094987,0.380064350175));
#1584 = CARTESIAN_POINT('',(4.857718533845,0.37816715429));
#1585 = CARTESIAN_POINT('',(4.84796536148,0.3764062508));
#1586 = CARTESIAN_POINT('',(4.838132392954,0.374782088201));
#1587 = CARTESIAN_POINT('',(4.828226559318,0.373295063295));
#1588 = CARTESIAN_POINT('',(4.818254888457,0.371945520611));
#1589 = CARTESIAN_POINT('',(4.808224486147,0.370733751808));
#1590 = CARTESIAN_POINT('',(4.798142517004,0.369659995086));
#1591 = ( GEOMETRIC_REPRESENTATION_CONTEXT(2) 
PARAMETRIC_REPRESENTATION_CONTEXT() REPRESENTATION_CONTEXT('2D SPACE',''
  ) );
#1592 = ORIENTED_EDGE('',*,*,#1593,.F.);
#1593 = EDGE_CURVE('',#1594,#1481,#1596,.T.);
#1594 = VERTEX_POINT('',#1595);
#1595 = CARTESIAN_POINT('',(18.5,17.131316616782,18.057579940138));
#1596 = SURFACE_CURVE('',#1597,(#1630,#1666),.PCURVE_S1.);
#1597 = B_SPLINE_CURVE_WITH_KNOTS('',6,(#1598,#1599,#1600,#1601,#1602,
    #1603,#1604,#1605,#1606,#1607,#1608,#1609,#1610,#1611,#1612,#1613,
    #1614,#1615,#1616,#1617,#1618,#1619,#1620,#1621,#1622,#1623,#1624,
    #1625,#1626,#1627,#1628,#1629),.UNSPECIFIED.,.F.,.F.,(7,5,5,5,5,5,7)
  ,(0.,0.18974786443,0.288175400287,0.500103699942,0.712130555396,
    0.809665443812,1.),.UNSPECIFIED.);
#1598 = CARTESIAN_POINT('',(18.5,17.131316616782,18.057579940138));
#1599 = CARTESIAN_POINT('',(18.35517176633,17.035467729453,
    17.942561275344));
#1600 = CARTESIAN_POINT('',(18.197401697706,16.947701933369,
    17.837242320043));
#1601 = CARTESIAN_POINT('',(18.02876111109,16.868537736648,
    17.742245283978));
#1602 = CARTESIAN_POINT('',(17.851358461233,16.797995486396,
    17.657594583675));
#1603 = CARTESIAN_POINT('',(17.667095544495,16.735809387891,
    17.582971265469));
#1604 = CARTESIAN_POINT('',(17.379183985779,16.653442284602,
    17.484130741522));
#1605 = CARTESIAN_POINT('',(17.279408309417,16.627446592708,
    17.452935911249));
#1606 = CARTESIAN_POINT('',(17.178401177441,16.603529993788,
    17.424235992545));
#1607 = CARTESIAN_POINT('',(17.076347430896,16.58162751022,
    17.397953012264));
#1608 = CARTESIAN_POINT('',(16.973407333108,16.5616722629,17.37400671548
    ));
#1609 = CARTESIAN_POINT('',(16.646447548495,16.504689449011,
    17.305627338813));
#1610 = CARTESIAN_POINT('',(16.419772806241,16.474524744248,
    17.269429693098));
#1611 = CARTESIAN_POINT('',(16.190887415657,16.452434294462,
    17.242921153354));
#1612 = CARTESIAN_POINT('',(15.960747286503,16.437907692842,
    17.22548923141));
#1613 = CARTESIAN_POINT('',(15.730067909849,16.43064922162,
    17.216779065944));
#1614 = CARTESIAN_POINT('',(15.26847290684,16.430684754716,
    17.21682170566));
#1615 = CARTESIAN_POINT('',(15.037688685501,16.437985518192,
    17.22558262183));
#1616 = CARTESIAN_POINT('',(14.8074468656,16.452561988436,
    17.243074386123));
#1617 = CARTESIAN_POINT('',(14.578464569225,16.474711224239,
    17.269653469087));
#1618 = CARTESIAN_POINT('',(14.351700259954,16.504945168424,
    17.305934202108));
#1619 = CARTESIAN_POINT('',(14.02561358336,16.561874182058,
    17.374249018469));
#1620 = CARTESIAN_POINT('',(13.923613432677,16.581661292671,
    17.397993551205));
#1621 = CARTESIAN_POINT('',(13.82248432565,16.603360719421,
    17.424032863305));
#1622 = CARTESIAN_POINT('',(13.722382187906,16.627037509007,
    17.452445010808));
#1623 = CARTESIAN_POINT('',(13.623486645439,16.652754891476,
    17.483305869772));
#1624 = CARTESIAN_POINT('',(13.335755239897,16.734848287487,
    17.581817944984));
#1625 = CARTESIAN_POINT('',(13.150837093877,16.797123139604,
    17.656547767525));
#1626 = CARTESIAN_POINT('',(12.972804216903,16.867803330742,
    17.74136399689));
#1627 = CARTESIAN_POINT('',(12.803574670047,16.947158964651,
    17.836590757581));
#1628 = CARTESIAN_POINT('',(12.64527641291,17.035171119597,
    17.942205343517));
#1629 = CARTESIAN_POINT('',(12.5,17.131316616782,18.057579940138));
#1630 = PCURVE('',#747,#1631);
#1631 = DEFINITIONAL_REPRESENTATION('',(#1632),#1665);
#1632 = B_SPLINE_CURVE_WITH_KNOTS('',6,(#1633,#1634,#1635,#1636,#1637,
    #1638,#1639,#1640,#1641,#1642,#1643,#1644,#1645,#1646,#1647,#1648,
    #1649,#1650,#1651,#1652,#1653,#1654,#1655,#1656,#1657,#1658,#1659,
    #1660,#1661,#1662,#1663,#1664),.UNSPECIFIED.,.F.,.F.,(7,5,5,5,5,5,7)
  ,(0.,0.18974786443,0.288175400287,0.500103699942,0.712130555396,
    0.809665443812,1.),.UNSPECIFIED.);
#1633 = CARTESIAN_POINT('',(5.137688115884,0.545447045771));
#1634 = CARTESIAN_POINT('',(5.12593930392,0.524569712664));
#1635 = CARTESIAN_POINT('',(5.111399913073,0.504591145816));
#1636 = CARTESIAN_POINT('',(5.094044835827,0.48574689555));
#1637 = CARTESIAN_POINT('',(5.073930023801,0.468227684946));
#1638 = CARTESIAN_POINT('',(5.051216909732,0.452185544139));
#1639 = CARTESIAN_POINT('',(5.01314096264,0.430227335957));
#1640 = CARTESIAN_POINT('',(4.999500308628,0.423152922631));
#1641 = CARTESIAN_POINT('',(4.985255987513,0.416518505202));
#1642 = CARTESIAN_POINT('',(4.970446036284,0.410336020311));
#1643 = CARTESIAN_POINT('',(4.955113199145,0.404615049833));
#1644 = CARTESIAN_POINT('',(4.905263259444,0.38805465992));
#1645 = CARTESIAN_POINT('',(4.869025473531,0.378924595759));
#1646 = CARTESIAN_POINT('',(4.831030608935,0.372037339938));
#1647 = CARTESIAN_POINT('',(4.791835698576,0.367440168875));
#1648 = CARTESIAN_POINT('',(4.752059256412,0.365143191659));
#1649 = CARTESIAN_POINT('',(4.672467099491,0.3651544363));
#1650 = CARTESIAN_POINT('',(4.63267449757,0.367464797048));
#1651 = CARTESIAN_POINT('',(4.593466569848,0.372077444727));
#1652 = CARTESIAN_POINT('',(4.555462636956,0.378982195772));
#1653 = CARTESIAN_POINT('',(4.51922025349,0.388131593316));
#1654 = CARTESIAN_POINT('',(4.469521106684,0.404672511766));
#1655 = CARTESIAN_POINT('',(4.454330926905,0.410344508953));
#1656 = CARTESIAN_POINT('',(4.43965431443,0.416469643417));
#1657 = CARTESIAN_POINT('',(4.425532852017,0.423038590438));
#1658 = CARTESIAN_POINT('',(4.412003586068,0.430039755735));
#1659 = CARTESIAN_POINT('',(4.373912615301,0.451937544722));
#1660 = CARTESIAN_POINT('',(4.351096982939,0.468010992362));
#1661 = CARTESIAN_POINT('',(4.330894263577,0.485572049375));
#1662 = CARTESIAN_POINT('',(4.31346804448,0.504467537115));
#1663 = CARTESIAN_POINT('',(4.298875014219,0.524505106565));
#1664 = CARTESIAN_POINT('',(4.287089844886,0.545447045771));
#1665 = ( GEOMETRIC_REPRESENTATION_CONTEXT(2) 
PARAMETRIC_REPRESENTATION_CONTEXT() REPRESENTATION_CONTEXT('2D SPACE',''
  ) );
#1666 = PCURVE('',#1667,#1672);
#1667 = PLANE('',#1668);
#1668 = AXIS2_PLACEMENT_3D('',#1669,#1670,#1671);
#1669 = CARTESIAN_POINT('',(12.5,19.,20.3));
#1670 = DIRECTION('',(0.,0.768221279597,-0.640184399664));
#1671 = DIRECTION('',(0.,-0.640184399664,-0.768221279597));
#1672 = DEFINITIONAL_REPRESENTATION('',(#1673),#1706);
#1673 = B_SPLINE_CURVE_WITH_KNOTS('',6,(#1674,#1675,#1676,#1677,#1678,
    #1679,#1680,#1681,#1682,#1683,#1684,#1685,#1686,#1687,#1688,#1689,
    #1690,#1691,#1692,#1693,#1694,#1695,#1696,#1697,#1698,#1699,#1700,
    #1701,#1702,#1703,#1704,#1705),.UNSPECIFIED.,.F.,.F.,(7,5,5,5,5,5,7)
  ,(0.,0.18974786443,0.288175400287,0.500103699942,0.712130555396,
    0.809665443812,1.),.UNSPECIFIED.);
#1674 = CARTESIAN_POINT('',(2.91897675763,-6.));
#1675 = CARTESIAN_POINT('',(3.068697505869,-5.85517176633));
#1676 = CARTESIAN_POINT('',(3.205792061953,-5.697401697706));
#1677 = CARTESIAN_POINT('',(3.32945049031,-5.52876111109));
#1678 = CARTESIAN_POINT('',(3.439641007744,-5.351358461233));
#1679 = CARTESIAN_POINT('',(3.536778798883,-5.167095544495));
#1680 = CARTESIAN_POINT('',(3.665440327237,-4.879183985779));
#1681 = CARTESIAN_POINT('',(3.706046896075,-4.779408309417));
#1682 = CARTESIAN_POINT('',(3.743405817868,-4.678401177441));
#1683 = CARTESIAN_POINT('',(3.777618590905,-4.576347430896));
#1684 = CARTESIAN_POINT('',(3.808789683688,-4.473407333108));
#1685 = CARTESIAN_POINT('',(3.89779968443,-4.146447548495));
#1686 = CARTESIAN_POINT('',(3.944918459549,-3.919772806241));
#1687 = CARTESIAN_POINT('',(3.979424845206,-3.690887415657));
#1688 = CARTESIAN_POINT('',(4.002116122325,-3.460747286503));
#1689 = CARTESIAN_POINT('',(4.013454216826,-3.230067909849));
#1690 = CARTESIAN_POINT('',(4.013398712356,-2.76847290684));
#1691 = CARTESIAN_POINT('',(4.001994555242,-2.537688685501));
#1692 = CARTESIAN_POINT('',(3.979225380842,-2.3074468656));
#1693 = CARTESIAN_POINT('',(3.944627168492,-2.078464569225));
#1694 = CARTESIAN_POINT('',(3.897400237938,-1.851700259954));
#1695 = CARTESIAN_POINT('',(3.80847427588,-1.52561358336));
#1696 = CARTESIAN_POINT('',(3.77756582103,-1.423613432677));
#1697 = CARTESIAN_POINT('',(3.743670232881,-1.32248432565));
#1698 = CARTESIAN_POINT('',(3.706685905243,-1.222382187906));
#1699 = CARTESIAN_POINT('',(3.666514069624,-1.123486645439));
#1700 = CARTESIAN_POINT('',(3.538280085708,-0.835755239897));
#1701 = CARTESIAN_POINT('',(3.441003656994,-0.650837093877));
#1702 = CARTESIAN_POINT('',(3.330597669009,-0.472804216903));
#1703 = CARTESIAN_POINT('',(3.206640206204,-0.303574670047));
#1704 = CARTESIAN_POINT('',(3.069160825275,-0.14527641291));
#1705 = CARTESIAN_POINT('',(2.91897675763,0.));
#1706 = ( GEOMETRIC_REPRESENTATION_CONTEXT(2) 
PARAMETRIC_REPRESENTATION_CONTEXT() REPRESENTATION_CONTEXT('2D SPACE',''
  ) );
#1707 = ORIENTED_EDGE('',*,*,#1708,.F.);
#1708 = EDGE_CURVE('',#1709,#1594,#1711,.T.);
#1709 = VERTEX_POINT('',#1710);
#1710 = CARTESIAN_POINT('',(18.5,15.97807401728,11.5));
#1711 = SURFACE_CURVE('',#1712,(#1743,#1777),.PCURVE_S1.);
#1712 = B_SPLINE_CURVE_WITH_KNOTS('',8,(#1713,#1714,#1715,#1716,#1717,
    #1718,#1719,#1720,#1721,#1722,#1723,#1724,#1725,#1726,#1727,#1728,
    #1729,#1730,#1731,#1732,#1733,#1734,#1735,#1736,#1737,#1738,#1739,
    #1740,#1741,#1742),.UNSPECIFIED.,.F.,.F.,(9,7,7,7,9),(0.,
    0.149947633528,0.300307841094,0.679828028268,1.),.UNSPECIFIED.);
#1713 = CARTESIAN_POINT('',(18.5,15.979855458009,11.422262597894));
#1714 = CARTESIAN_POINT('',(18.5,15.976411771731,11.568432546614));
#1715 = CARTESIAN_POINT('',(18.5,15.97337122847,11.714618577057));
#1716 = CARTESIAN_POINT('',(18.5,15.970733654095,11.860924205373));
#1717 = CARTESIAN_POINT('',(18.5,15.968536420351,12.007447593208));
#1718 = CARTESIAN_POINT('',(18.5,15.96685254498,12.154271772132));
#1719 = CARTESIAN_POINT('',(18.5,15.96578558523,12.301458122957));
#1720 = CARTESIAN_POINT('',(18.5,15.965461324724,12.449043109944));
#1721 = CARTESIAN_POINT('',(18.5,15.966572709567,12.745440631774));
#1722 = CARTESIAN_POINT('',(18.5,15.968013320546,12.89425643606));
#1723 = CARTESIAN_POINT('',(18.5,15.970476064308,13.043490767591));
#1724 = CARTESIAN_POINT('',(18.5,15.974111110047,13.1931289269));
#1725 = CARTESIAN_POINT('',(18.5,15.979071017064,13.343138310692));
#1726 = CARTESIAN_POINT('',(18.5,15.985503430542,13.493470806936));
#1727 = CARTESIAN_POINT('',(18.5,15.993546274502,13.644065704581));
#1728 = CARTESIAN_POINT('',(18.5,16.028008777542,14.175451603656));
#1729 = CARTESIAN_POINT('',(18.5,16.063754244833,14.557281211119));
#1730 = CARTESIAN_POINT('',(18.5,16.112592463945,14.939272214558));
#1731 = CARTESIAN_POINT('',(18.5,16.176083397665,15.320228849944));
#1732 = CARTESIAN_POINT('',(18.5,16.255164883472,15.698994808459));
#1733 = CARTESIAN_POINT('',(18.5,16.350457395374,16.074410440848));
#1734 = CARTESIAN_POINT('',(18.5,16.462271911958,16.445306998));
#1735 = CARTESIAN_POINT('',(18.5,16.698998765377,17.118584140146));
#1736 = CARTESIAN_POINT('',(18.5,16.819152060516,17.422675772734));
#1737 = CARTESIAN_POINT('',(18.5,16.95119340086,17.722092630593));
#1738 = CARTESIAN_POINT('',(18.5,17.095078053234,18.016183969994));
#1739 = CARTESIAN_POINT('',(18.5,17.250680734596,18.304319073724));
#1740 = CARTESIAN_POINT('',(18.5,17.417809292631,18.585880631254));
#1741 = CARTESIAN_POINT('',(18.5,17.596209347975,18.860262405795));
#1742 = CARTESIAN_POINT('',(18.5,17.785559898042,19.126871188221));
#1743 = PCURVE('',#747,#1744);
#1744 = DEFINITIONAL_REPRESENTATION('',(#1745),#1776);
#1745 = B_SPLINE_CURVE_WITH_KNOTS('',8,(#1746,#1747,#1748,#1749,#1750,
    #1751,#1752,#1753,#1754,#1755,#1756,#1757,#1758,#1759,#1760,#1761,
    #1762,#1763,#1764,#1765,#1766,#1767,#1768,#1769,#1770,#1771,#1772,
    #1773,#1774,#1775),.UNSPECIFIED.,.F.,.F.,(9,7,7,7,9),(0.,
    0.149947633528,0.300307841094,0.679828028268,1.),.UNSPECIFIED.);
#1746 = CARTESIAN_POINT('',(6.277398848017,4.947625173285E-02));
#1747 = CARTESIAN_POINT('',(6.228663645593,4.956933667192E-02));
#1748 = CARTESIAN_POINT('',(6.179957903175,5.055838267583E-02));
#1749 = CARTESIAN_POINT('',(6.131598868357,5.244268614213E-02));
#1750 = CARTESIAN_POINT('',(6.083907158644,5.521148345772E-02));
#1751 = CARTESIAN_POINT('',(6.037176486819,5.884404623694E-02));
#1752 = CARTESIAN_POINT('',(5.991653872296,6.331068331162E-02));
#1753 = CARTESIAN_POINT('',(5.947530338479,6.857464947282E-02));
#1754 = CARTESIAN_POINT('',(5.862236674164,8.063183706718E-02));
#1755 = CARTESIAN_POINT('',(5.821074605907,8.742923644562E-02));
#1756 = CARTESIAN_POINT('',(5.781596679591,9.494550286772E-02));
#1757 = CARTESIAN_POINT('',(5.743884353601,0.103134304936));
#1758 = CARTESIAN_POINT('',(5.707967752582,0.111947481896));
#1759 = CARTESIAN_POINT('',(5.673835469065,0.12133717984));
#1760 = CARTESIAN_POINT('',(5.641446170608,0.131257278285));
#1761 = CARTESIAN_POINT('',(5.533242466316,0.167931706167));
#1762 = CARTESIAN_POINT('',(5.46647637877,0.19730062246));
#1763 = CARTESIAN_POINT('',(5.409492898568,0.229071929506));
#1764 = CARTESIAN_POINT('',(5.360522831157,0.262668455479));
#1765 = CARTESIAN_POINT('',(5.318151845075,0.297707840198));
#1766 = CARTESIAN_POINT('',(5.281232914759,0.333897351167));
#1767 = CARTESIAN_POINT('',(5.248859915601,0.371020933679));
#1768 = CARTESIAN_POINT('',(5.196231839902,0.440864989399));
#1769 = CARTESIAN_POINT('',(5.17486825804,0.47337309742));
#1770 = CARTESIAN_POINT('',(5.155790496278,0.506329545718));
#1771 = CARTESIAN_POINT('',(5.138659054021,0.539661270506));
#1772 = CARTESIAN_POINT('',(5.123204978307,0.573312965828));
#1773 = CARTESIAN_POINT('',(5.109211926065,0.60724047258));
#1774 = CARTESIAN_POINT('',(5.096502907313,0.641406577533));
#1775 = CARTESIAN_POINT('',(5.084931709304,0.675779222332));
#1776 = ( GEOMETRIC_REPRESENTATION_CONTEXT(2) 
PARAMETRIC_REPRESENTATION_CONTEXT() REPRESENTATION_CONTEXT('2D SPACE',''
  ) );
#1777 = PCURVE('',#1778,#1783);
#1778 = PLANE('',#1779);
#1779 = AXIS2_PLACEMENT_3D('',#1780,#1781,#1782);
#1780 = CARTESIAN_POINT('',(18.5,15.839475216591,12.667788432263));
#1781 = DIRECTION('',(1.,0.,0.));
#1782 = DIRECTION('',(0.,0.,1.));
#1783 = DEFINITIONAL_REPRESENTATION('',(#1784),#1815);
#1784 = B_SPLINE_CURVE_WITH_KNOTS('',8,(#1785,#1786,#1787,#1788,#1789,
    #1790,#1791,#1792,#1793,#1794,#1795,#1796,#1797,#1798,#1799,#1800,
    #1801,#1802,#1803,#1804,#1805,#1806,#1807,#1808,#1809,#1810,#1811,
    #1812,#1813,#1814),.UNSPECIFIED.,.F.,.F.,(9,7,7,7,9),(0.,
    0.149947633528,0.300307841094,0.679828028268,1.),.UNSPECIFIED.);
#1785 = CARTESIAN_POINT('',(-1.245525834369,-0.140380241419));
#1786 = CARTESIAN_POINT('',(-1.099355885649,-0.136936555141));
#1787 = CARTESIAN_POINT('',(-0.953169855206,-0.133896011879));
#1788 = CARTESIAN_POINT('',(-0.80686422689,-0.131258437505));
#1789 = CARTESIAN_POINT('',(-0.660340839055,-0.12906120376));
#1790 = CARTESIAN_POINT('',(-0.51351666013,-0.127377328389));
#1791 = CARTESIAN_POINT('',(-0.366330309305,-0.126310368639));
#1792 = CARTESIAN_POINT('',(-0.218745322319,-0.125986108133));
#1793 = CARTESIAN_POINT('',(7.765219951143E-02,-0.127097492976));
#1794 = CARTESIAN_POINT('',(0.226468003797,-0.128538103955));
#1795 = CARTESIAN_POINT('',(0.375702335328,-0.131000847718));
#1796 = CARTESIAN_POINT('',(0.525340494637,-0.134635893456));
#1797 = CARTESIAN_POINT('',(0.675349878429,-0.139595800473));
#1798 = CARTESIAN_POINT('',(0.825682374673,-0.146028213952));
#1799 = CARTESIAN_POINT('',(0.976277272318,-0.154071057912));
#1800 = CARTESIAN_POINT('',(1.507663171393,-0.188533560952));
#1801 = CARTESIAN_POINT('',(1.889492778856,-0.224279028242));
#1802 = CARTESIAN_POINT('',(2.271483782296,-0.273117247355));
#1803 = CARTESIAN_POINT('',(2.652440417681,-0.336608181075));
#1804 = CARTESIAN_POINT('',(3.031206376196,-0.415689666881));
#1805 = CARTESIAN_POINT('',(3.406622008585,-0.510982178783));
#1806 = CARTESIAN_POINT('',(3.777518565737,-0.622796695367));
#1807 = CARTESIAN_POINT('',(4.450795707883,-0.859523548786));
#1808 = CARTESIAN_POINT('',(4.754887340471,-0.979676843926));
#1809 = CARTESIAN_POINT('',(5.05430419833,-1.111718184269));
#1810 = CARTESIAN_POINT('',(5.348395537731,-1.255602836644));
#1811 = CARTESIAN_POINT('',(5.636530641461,-1.411205518005));
#1812 = CARTESIAN_POINT('',(5.918092198991,-1.578334076041));
#1813 = CARTESIAN_POINT('',(6.192473973532,-1.756734131384));
#1814 = CARTESIAN_POINT('',(6.459082755958,-1.946084681452));
#1815 = ( GEOMETRIC_REPRESENTATION_CONTEXT(2) 
PARAMETRIC_REPRESENTATION_CONTEXT() REPRESENTATION_CONTEXT('2D SPACE',''
  ) );
#1816 = ORIENTED_EDGE('',*,*,#1817,.T.);
#1817 = EDGE_CURVE('',#1709,#731,#1818,.T.);
#1818 = SURFACE_CURVE('',#1819,(#1852,#1888),.PCURVE_S1.);
#1819 = B_SPLINE_CURVE_WITH_KNOTS('',6,(#1820,#1821,#1822,#1823,#1824,
    #1825,#1826,#1827,#1828,#1829,#1830,#1831,#1832,#1833,#1834,#1835,
    #1836,#1837,#1838,#1839,#1840,#1841,#1842,#1843,#1844,#1845,#1846,
    #1847,#1848,#1849,#1850,#1851),.UNSPECIFIED.,.F.,.F.,(7,5,5,5,5,5,7)
  ,(0.,4.301931906457E-02,8.503296335497E-02,0.3140597656,0.542051588391
    ,0.7710305362,1.),.UNSPECIFIED.);
#1820 = CARTESIAN_POINT('',(18.04821540988,15.966862883523,11.5));
#1821 = CARTESIAN_POINT('',(18.09231657628,15.966862883523,11.5));
#1822 = CARTESIAN_POINT('',(18.136418083875,15.967119069717,11.5));
#1823 = CARTESIAN_POINT('',(18.180518030634,15.967631471828,11.5));
#1824 = CARTESIAN_POINT('',(18.224614520416,15.968400097944,11.5));
#1825 = CARTESIAN_POINT('',(18.268705662965,15.969424934527,11.5));
#1826 = CARTESIAN_POINT('',(18.355842922818,15.971957011702,11.5));
#1827 = CARTESIAN_POINT('',(18.398889373705,15.973452415207,11.5));
#1828 = CARTESIAN_POINT('',(18.441927170748,15.975192124359,11.5));
#1829 = CARTESIAN_POINT('',(18.484954561491,15.977176088254,11.5));
#1830 = CARTESIAN_POINT('',(18.527969796853,15.979404237646,11.5));
#1831 = CARTESIAN_POINT('',(18.805382076549,15.995353318555,11.5));
#1832 = CARTESIAN_POINT('',(19.039380144879,16.01608380956,11.5));
#1833 = CARTESIAN_POINT('',(19.272682116655,16.044053794371,11.5));
#1834 = CARTESIAN_POINT('',(19.505007600995,16.07923332899,11.5));
#1835 = CARTESIAN_POINT('',(19.736078421236,16.121578130592,11.5));
#1836 = CARTESIAN_POINT('',(20.19412172774,16.220256750579,11.5));
#1837 = CARTESIAN_POINT('',(20.421108553264,16.276526620189,11.5));
#1838 = CARTESIAN_POINT('',(20.646306938369,16.339780539811,11.5));
#1839 = CARTESIAN_POINT('',(20.869448741454,16.409946433041,11.5));
#1840 = CARTESIAN_POINT('',(21.090269937381,16.486938461881,11.5));
#1841 = CARTESIAN_POINT('',(21.527696194288,16.654738203585,11.5));
#1842 = CARTESIAN_POINT('',(21.744279474411,16.745604527969,11.5));
#1843 = CARTESIAN_POINT('',(21.957997148755,16.843155171591,11.5));
#1844 = CARTESIAN_POINT('',(22.168592155357,16.947276098343,11.5));
#1845 = CARTESIAN_POINT('',(22.375813674765,17.057840134072,11.5));
#1846 = CARTESIAN_POINT('',(22.783012152316,17.291568958617,11.5));
#1847 = CARTESIAN_POINT('',(22.982989992061,17.41473356351,11.5));
#1848 = CARTESIAN_POINT('',(23.179106126221,17.544060449294,11.5));
#1849 = CARTESIAN_POINT('',(23.37112421431,17.679397281965,11.5));
#1850 = CARTESIAN_POINT('',(23.558816098399,17.82057972548,11.5));
#1851 = CARTESIAN_POINT('',(23.741961803123,17.967431441761,11.5));
#1852 = PCURVE('',#747,#1853);
#1853 = DEFINITIONAL_REPRESENTATION('',(#1854),#1887);
#1854 = B_SPLINE_CURVE_WITH_KNOTS('',6,(#1855,#1856,#1857,#1858,#1859,
    #1860,#1861,#1862,#1863,#1864,#1865,#1866,#1867,#1868,#1869,#1870,
    #1871,#1872,#1873,#1874,#1875,#1876,#1877,#1878,#1879,#1880,#1881,
    #1882,#1883,#1884,#1885,#1886),.UNSPECIFIED.,.F.,.F.,(7,5,5,5,5,5,7)
  ,(0.,4.301931906457E-02,8.503296335497E-02,0.3140597656,0.542051588391
    ,0.7710305362,1.),.UNSPECIFIED.);
#1855 = CARTESIAN_POINT('',(6.245770847213,0.));
#1856 = CARTESIAN_POINT('',(6.246417763444,4.842890403565E-03));
#1857 = CARTESIAN_POINT('',(6.247040255429,9.68593384008E-03));
#1858 = CARTESIAN_POINT('',(6.247640163453,1.452911707578E-02));
#1859 = CARTESIAN_POINT('',(6.248219128191,1.937242849635E-02));
#1860 = CARTESIAN_POINT('',(6.248778590708,2.421585810689E-02));
#1861 = CARTESIAN_POINT('',(6.249848342387,3.378970816767E-02));
#1862 = CARTESIAN_POINT('',(6.250359489368,3.852012339884E-02));
#1863 = CARTESIAN_POINT('',(6.25085439921,4.325063531544E-02));
#1864 = CARTESIAN_POINT('',(6.251334123015,4.798123687338E-02));
#1865 = CARTESIAN_POINT('',(6.25179959718,5.271192189447E-02));
#1866 = CARTESIAN_POINT('',(6.254715859495,8.323124922831E-02));
#1867 = CARTESIAN_POINT('',(6.256781375835,0.109022156928));
#1868 = CARTESIAN_POINT('',(6.258582226454,0.134814493486));
#1869 = CARTESIAN_POINT('',(6.260177405445,0.160607936356));
#1870 = CARTESIAN_POINT('',(6.261612874614,0.186402258509));
#1871 = CARTESIAN_POINT('',(6.264217693123,0.237875632757));
#1872 = CARTESIAN_POINT('',(6.265388469097,0.263554738462));
#1873 = CARTESIAN_POINT('',(6.266460049939,0.289234303072));
#1874 = CARTESIAN_POINT('',(6.267451459024,0.314914261016));
#1875 = CARTESIAN_POINT('',(6.268375463729,0.340594582645));
#1876 = CARTESIAN_POINT('',(6.270113860957,0.392066868969));
#1877 = CARTESIAN_POINT('',(6.270927894564,0.417858882527));
#1878 = CARTESIAN_POINT('',(6.271694601491,0.443651112547));
#1879 = CARTESIAN_POINT('',(6.272421795659,0.469443509227));
#1880 = CARTESIAN_POINT('',(6.273115388986,0.495236032987));
#1881 = CARTESIAN_POINT('',(6.274443366289,0.546820207655));
#1882 = CARTESIAN_POINT('',(6.275078007354,0.572611881669));
#1883 = CARTESIAN_POINT('',(6.275687631965,0.598403645573));
#1884 = CARTESIAN_POINT('',(6.276275841978,0.624195472102));
#1885 = CARTESIAN_POINT('',(6.276845523726,0.649987337662));
#1886 = CARTESIAN_POINT('',(6.277398848017,0.675779222332));
#1887 = ( GEOMETRIC_REPRESENTATION_CONTEXT(2) 
PARAMETRIC_REPRESENTATION_CONTEXT() REPRESENTATION_CONTEXT('2D SPACE',''
  ) );
#1888 = PCURVE('',#91,#1889);
#1889 = DEFINITIONAL_REPRESENTATION('',(#1890),#1923);
#1890 = B_SPLINE_CURVE_WITH_KNOTS('',6,(#1891,#1892,#1893,#1894,#1895,
    #1896,#1897,#1898,#1899,#1900,#1901,#1902,#1903,#1904,#1905,#1906,
    #1907,#1908,#1909,#1910,#1911,#1912,#1913,#1914,#1915,#1916,#1917,
    #1918,#1919,#1920,#1921,#1922),.UNSPECIFIED.,.F.,.F.,(7,5,5,5,5,5,7)
  ,(0.,4.301931906457E-02,8.503296335497E-02,0.3140597656,0.542051588391
    ,0.7710305362,1.),.UNSPECIFIED.);
#1891 = CARTESIAN_POINT('',(-2.001137116477,-18.04821540988));
#1892 = CARTESIAN_POINT('',(-2.001137116477,-18.09231657628));
#1893 = CARTESIAN_POINT('',(-2.000880930283,-18.13641808387));
#1894 = CARTESIAN_POINT('',(-2.000368528172,-18.18051803063));
#1895 = CARTESIAN_POINT('',(-1.999599902056,-18.22461452041));
#1896 = CARTESIAN_POINT('',(-1.998575065473,-18.26870566296));
#1897 = CARTESIAN_POINT('',(-1.996042988298,-18.35584292281));
#1898 = CARTESIAN_POINT('',(-1.994547584793,-18.3988893737));
#1899 = CARTESIAN_POINT('',(-1.992807875641,-18.44192717074));
#1900 = CARTESIAN_POINT('',(-1.990823911746,-18.48495456149));
#1901 = CARTESIAN_POINT('',(-1.988595762354,-18.52796979685));
#1902 = CARTESIAN_POINT('',(-1.972646681445,-18.80538207654));
#1903 = CARTESIAN_POINT('',(-1.95191619044,-19.03938014487));
#1904 = CARTESIAN_POINT('',(-1.923946205629,-19.27268211665));
#1905 = CARTESIAN_POINT('',(-1.88876667101,-19.50500760099));
#1906 = CARTESIAN_POINT('',(-1.846421869408,-19.73607842123));
#1907 = CARTESIAN_POINT('',(-1.747743249421,-20.19412172774));
#1908 = CARTESIAN_POINT('',(-1.691473379811,-20.42110855326));
#1909 = CARTESIAN_POINT('',(-1.628219460189,-20.64630693836));
#1910 = CARTESIAN_POINT('',(-1.558053566959,-20.86944874145));
#1911 = CARTESIAN_POINT('',(-1.481061538119,-21.09026993738));
#1912 = CARTESIAN_POINT('',(-1.313261796415,-21.52769619428));
#1913 = CARTESIAN_POINT('',(-1.222395472031,-21.74427947441));
#1914 = CARTESIAN_POINT('',(-1.124844828409,-21.95799714875));
#1915 = CARTESIAN_POINT('',(-1.020723901657,-22.16859215535));
#1916 = CARTESIAN_POINT('',(-0.910159865928,-22.37581367476));
#1917 = CARTESIAN_POINT('',(-0.676431041383,-22.78301215231));
#1918 = CARTESIAN_POINT('',(-0.55326643649,-22.98298999206));
#1919 = CARTESIAN_POINT('',(-0.423939550706,-23.17910612622));
#1920 = CARTESIAN_POINT('',(-0.288602718035,-23.37112421431));
#1921 = CARTESIAN_POINT('',(-0.14742027452,-23.55881609839));
#1922 = CARTESIAN_POINT('',(-5.685582386334E-04,-23.74196180312));
#1923 = ( GEOMETRIC_REPRESENTATION_CONTEXT(2) 
PARAMETRIC_REPRESENTATION_CONTEXT() REPRESENTATION_CONTEXT('2D SPACE',''
  ) );
#1924 = ORIENTED_EDGE('',*,*,#730,.F.);
#1925 = ADVANCED_FACE('',(#1926),#1778,.T.);
#1926 = FACE_BOUND('',#1927,.T.);
#1927 = EDGE_LOOP('',(#1928,#1951,#1979,#2007,#2035,#2063,#2091,#2119,
    #2140));
#1928 = ORIENTED_EDGE('',*,*,#1929,.T.);
#1929 = EDGE_CURVE('',#1594,#1930,#1932,.T.);
#1930 = VERTEX_POINT('',#1931);
#1931 = CARTESIAN_POINT('',(18.5,13.,13.1));
#1932 = SURFACE_CURVE('',#1933,(#1937,#1944),.PCURVE_S1.);
#1933 = LINE('',#1934,#1935);
#1934 = CARTESIAN_POINT('',(18.5,19.,20.3));
#1935 = VECTOR('',#1936,1.);
#1936 = DIRECTION('',(0.,-0.640184399664,-0.768221279597));
#1937 = PCURVE('',#1778,#1938);
#1938 = DEFINITIONAL_REPRESENTATION('',(#1939),#1943);
#1939 = LINE('',#1940,#1941);
#1940 = CARTESIAN_POINT('',(7.632211567737,-3.160524783409));
#1941 = VECTOR('',#1942,1.);
#1942 = DIRECTION('',(-0.768221279597,0.640184399664));
#1943 = ( GEOMETRIC_REPRESENTATION_CONTEXT(2) 
PARAMETRIC_REPRESENTATION_CONTEXT() REPRESENTATION_CONTEXT('2D SPACE',''
  ) );
#1944 = PCURVE('',#1667,#1945);
#1945 = DEFINITIONAL_REPRESENTATION('',(#1946),#1950);
#1946 = LINE('',#1947,#1948);
#1947 = CARTESIAN_POINT('',(0.,-6.));
#1948 = VECTOR('',#1949,1.);
#1949 = DIRECTION('',(1.,0.));
#1950 = ( GEOMETRIC_REPRESENTATION_CONTEXT(2) 
PARAMETRIC_REPRESENTATION_CONTEXT() REPRESENTATION_CONTEXT('2D SPACE',''
  ) );
#1951 = ORIENTED_EDGE('',*,*,#1952,.T.);
#1952 = EDGE_CURVE('',#1930,#1953,#1955,.T.);
#1953 = VERTEX_POINT('',#1954);
#1954 = CARTESIAN_POINT('',(18.5,13.,5.5));
#1955 = SURFACE_CURVE('',#1956,(#1960,#1967),.PCURVE_S1.);
#1956 = LINE('',#1957,#1958);
#1957 = CARTESIAN_POINT('',(18.5,13.,13.1));
#1958 = VECTOR('',#1959,1.);
#1959 = DIRECTION('',(0.,0.,-1.));
#1960 = PCURVE('',#1778,#1961);
#1961 = DEFINITIONAL_REPRESENTATION('',(#1962),#1966);
#1962 = LINE('',#1963,#1964);
#1963 = CARTESIAN_POINT('',(0.432211567737,2.839475216591));
#1964 = VECTOR('',#1965,1.);
#1965 = DIRECTION('',(-1.,0.));
#1966 = ( GEOMETRIC_REPRESENTATION_CONTEXT(2) 
PARAMETRIC_REPRESENTATION_CONTEXT() REPRESENTATION_CONTEXT('2D SPACE',''
  ) );
#1967 = PCURVE('',#1968,#1973);
#1968 = PLANE('',#1969);
#1969 = AXIS2_PLACEMENT_3D('',#1970,#1971,#1972);
#1970 = CARTESIAN_POINT('',(12.5,13.,13.1));
#1971 = DIRECTION('',(0.,1.,0.));
#1972 = DIRECTION('',(0.,0.,-1.));
#1973 = DEFINITIONAL_REPRESENTATION('',(#1974),#1978);
#1974 = LINE('',#1975,#1976);
#1975 = CARTESIAN_POINT('',(0.,-6.));
#1976 = VECTOR('',#1977,1.);
#1977 = DIRECTION('',(1.,0.));
#1978 = ( GEOMETRIC_REPRESENTATION_CONTEXT(2) 
PARAMETRIC_REPRESENTATION_CONTEXT() REPRESENTATION_CONTEXT('2D SPACE',''
  ) );
#1979 = ORIENTED_EDGE('',*,*,#1980,.T.);
#1980 = EDGE_CURVE('',#1953,#1981,#1983,.T.);
#1981 = VERTEX_POINT('',#1982);
#1982 = CARTESIAN_POINT('',(18.5,14.,5.5));
#1983 = SURFACE_CURVE('',#1984,(#1988,#1995),.PCURVE_S1.);
#1984 = LINE('',#1985,#1986);
#1985 = CARTESIAN_POINT('',(18.5,13.,5.5));
#1986 = VECTOR('',#1987,1.);
#1987 = DIRECTION('',(0.,1.,0.));
#1988 = PCURVE('',#1778,#1989);
#1989 = DEFINITIONAL_REPRESENTATION('',(#1990),#1994);
#1990 = LINE('',#1991,#1992);
#1991 = CARTESIAN_POINT('',(-7.167788432263,2.839475216591));
#1992 = VECTOR('',#1993,1.);
#1993 = DIRECTION('',(0.,-1.));
#1994 = ( GEOMETRIC_REPRESENTATION_CONTEXT(2) 
PARAMETRIC_REPRESENTATION_CONTEXT() REPRESENTATION_CONTEXT('2D SPACE',''
  ) );
#1995 = PCURVE('',#1996,#2001);
#1996 = PLANE('',#1997);
#1997 = AXIS2_PLACEMENT_3D('',#1998,#1999,#2000);
#1998 = CARTESIAN_POINT('',(12.5,13.,5.5));
#1999 = DIRECTION('',(0.,0.,1.));
#2000 = DIRECTION('',(0.,1.,0.));
#2001 = DEFINITIONAL_REPRESENTATION('',(#2002),#2006);
#2002 = LINE('',#2003,#2004);
#2003 = CARTESIAN_POINT('',(0.,-6.));
#2004 = VECTOR('',#2005,1.);
#2005 = DIRECTION('',(1.,0.));
#2006 = ( GEOMETRIC_REPRESENTATION_CONTEXT(2) 
PARAMETRIC_REPRESENTATION_CONTEXT() REPRESENTATION_CONTEXT('2D SPACE',''
  ) );
#2007 = ORIENTED_EDGE('',*,*,#2008,.T.);
#2008 = EDGE_CURVE('',#1981,#2009,#2011,.T.);
#2009 = VERTEX_POINT('',#2010);
#2010 = CARTESIAN_POINT('',(18.5,15.,9.));
#2011 = SURFACE_CURVE('',#2012,(#2016,#2023),.PCURVE_S1.);
#2012 = LINE('',#2013,#2014);
#2013 = CARTESIAN_POINT('',(18.5,14.,5.5));
#2014 = VECTOR('',#2015,1.);
#2015 = DIRECTION('',(0.,0.274721127897,0.961523947641));
#2016 = PCURVE('',#1778,#2017);
#2017 = DEFINITIONAL_REPRESENTATION('',(#2018),#2022);
#2018 = LINE('',#2019,#2020);
#2019 = CARTESIAN_POINT('',(-7.167788432263,1.839475216591));
#2020 = VECTOR('',#2021,1.);
#2021 = DIRECTION('',(0.961523947641,-0.274721127897));
#2022 = ( GEOMETRIC_REPRESENTATION_CONTEXT(2) 
PARAMETRIC_REPRESENTATION_CONTEXT() REPRESENTATION_CONTEXT('2D SPACE',''
  ) );
#2023 = PCURVE('',#2024,#2029);
#2024 = PLANE('',#2025);
#2025 = AXIS2_PLACEMENT_3D('',#2026,#2027,#2028);
#2026 = CARTESIAN_POINT('',(12.5,14.,5.5));
#2027 = DIRECTION('',(0.,-0.961523947641,0.274721127897));
#2028 = DIRECTION('',(0.,0.274721127897,0.961523947641));
#2029 = DEFINITIONAL_REPRESENTATION('',(#2030),#2034);
#2030 = LINE('',#2031,#2032);
#2031 = CARTESIAN_POINT('',(0.,-6.));
#2032 = VECTOR('',#2033,1.);
#2033 = DIRECTION('',(1.,0.));
#2034 = ( GEOMETRIC_REPRESENTATION_CONTEXT(2) 
PARAMETRIC_REPRESENTATION_CONTEXT() REPRESENTATION_CONTEXT('2D SPACE',''
  ) );
#2035 = ORIENTED_EDGE('',*,*,#2036,.T.);
#2036 = EDGE_CURVE('',#2009,#2037,#2039,.T.);
#2037 = VERTEX_POINT('',#2038);
#2038 = CARTESIAN_POINT('',(18.5,15.,9.5));
#2039 = SURFACE_CURVE('',#2040,(#2044,#2051),.PCURVE_S1.);
#2040 = LINE('',#2041,#2042);
#2041 = CARTESIAN_POINT('',(18.5,15.,9.));
#2042 = VECTOR('',#2043,1.);
#2043 = DIRECTION('',(0.,0.,1.));
#2044 = PCURVE('',#1778,#2045);
#2045 = DEFINITIONAL_REPRESENTATION('',(#2046),#2050);
#2046 = LINE('',#2047,#2048);
#2047 = CARTESIAN_POINT('',(-3.667788432263,0.839475216591));
#2048 = VECTOR('',#2049,1.);
#2049 = DIRECTION('',(1.,0.));
#2050 = ( GEOMETRIC_REPRESENTATION_CONTEXT(2) 
PARAMETRIC_REPRESENTATION_CONTEXT() REPRESENTATION_CONTEXT('2D SPACE',''
  ) );
#2051 = PCURVE('',#2052,#2057);
#2052 = PLANE('',#2053);
#2053 = AXIS2_PLACEMENT_3D('',#2054,#2055,#2056);
#2054 = CARTESIAN_POINT('',(12.5,15.,9.));
#2055 = DIRECTION('',(0.,-1.,0.));
#2056 = DIRECTION('',(0.,0.,1.));
#2057 = DEFINITIONAL_REPRESENTATION('',(#2058),#2062);
#2058 = LINE('',#2059,#2060);
#2059 = CARTESIAN_POINT('',(0.,-6.));
#2060 = VECTOR('',#2061,1.);
#2061 = DIRECTION('',(1.,0.));
#2062 = ( GEOMETRIC_REPRESENTATION_CONTEXT(2) 
PARAMETRIC_REPRESENTATION_CONTEXT() REPRESENTATION_CONTEXT('2D SPACE',''
  ) );
#2063 = ORIENTED_EDGE('',*,*,#2064,.T.);
#2064 = EDGE_CURVE('',#2037,#2065,#2067,.T.);
#2065 = VERTEX_POINT('',#2066);
#2066 = CARTESIAN_POINT('',(18.5,14.3,9.5));
#2067 = SURFACE_CURVE('',#2068,(#2072,#2079),.PCURVE_S1.);
#2068 = LINE('',#2069,#2070);
#2069 = CARTESIAN_POINT('',(18.5,15.,9.5));
#2070 = VECTOR('',#2071,1.);
#2071 = DIRECTION('',(0.,-1.,0.));
#2072 = PCURVE('',#1778,#2073);
#2073 = DEFINITIONAL_REPRESENTATION('',(#2074),#2078);
#2074 = LINE('',#2075,#2076);
#2075 = CARTESIAN_POINT('',(-3.167788432263,0.839475216591));
#2076 = VECTOR('',#2077,1.);
#2077 = DIRECTION('',(0.,1.));
#2078 = ( GEOMETRIC_REPRESENTATION_CONTEXT(2) 
PARAMETRIC_REPRESENTATION_CONTEXT() REPRESENTATION_CONTEXT('2D SPACE',''
  ) );
#2079 = PCURVE('',#2080,#2085);
#2080 = PLANE('',#2081);
#2081 = AXIS2_PLACEMENT_3D('',#2082,#2083,#2084);
#2082 = CARTESIAN_POINT('',(12.5,15.,9.5));
#2083 = DIRECTION('',(0.,0.,-1.));
#2084 = DIRECTION('',(0.,-1.,0.));
#2085 = DEFINITIONAL_REPRESENTATION('',(#2086),#2090);
#2086 = LINE('',#2087,#2088);
#2087 = CARTESIAN_POINT('',(0.,-6.));
#2088 = VECTOR('',#2089,1.);
#2089 = DIRECTION('',(1.,0.));
#2090 = ( GEOMETRIC_REPRESENTATION_CONTEXT(2) 
PARAMETRIC_REPRESENTATION_CONTEXT() REPRESENTATION_CONTEXT('2D SPACE',''
  ) );
#2091 = ORIENTED_EDGE('',*,*,#2092,.T.);
#2092 = EDGE_CURVE('',#2065,#2093,#2095,.T.);
#2093 = VERTEX_POINT('',#2094);
#2094 = CARTESIAN_POINT('',(18.5,14.3,11.5));
#2095 = SURFACE_CURVE('',#2096,(#2100,#2107),.PCURVE_S1.);
#2096 = LINE('',#2097,#2098);
#2097 = CARTESIAN_POINT('',(18.5,14.3,9.5));
#2098 = VECTOR('',#2099,1.);
#2099 = DIRECTION('',(0.,0.,1.));
#2100 = PCURVE('',#1778,#2101);
#2101 = DEFINITIONAL_REPRESENTATION('',(#2102),#2106);
#2102 = LINE('',#2103,#2104);
#2103 = CARTESIAN_POINT('',(-3.167788432263,1.539475216591));
#2104 = VECTOR('',#2105,1.);
#2105 = DIRECTION('',(1.,0.));
#2106 = ( GEOMETRIC_REPRESENTATION_CONTEXT(2) 
PARAMETRIC_REPRESENTATION_CONTEXT() REPRESENTATION_CONTEXT('2D SPACE',''
  ) );
#2107 = PCURVE('',#2108,#2113);
#2108 = PLANE('',#2109);
#2109 = AXIS2_PLACEMENT_3D('',#2110,#2111,#2112);
#2110 = CARTESIAN_POINT('',(12.5,14.3,9.5));
#2111 = DIRECTION('',(0.,-1.,0.));
#2112 = DIRECTION('',(0.,0.,1.));
#2113 = DEFINITIONAL_REPRESENTATION('',(#2114),#2118);
#2114 = LINE('',#2115,#2116);
#2115 = CARTESIAN_POINT('',(0.,-6.));
#2116 = VECTOR('',#2117,1.);
#2117 = DIRECTION('',(1.,0.));
#2118 = ( GEOMETRIC_REPRESENTATION_CONTEXT(2) 
PARAMETRIC_REPRESENTATION_CONTEXT() REPRESENTATION_CONTEXT('2D SPACE',''
  ) );
#2119 = ORIENTED_EDGE('',*,*,#2120,.T.);
#2120 = EDGE_CURVE('',#2093,#1709,#2121,.T.);
#2121 = SURFACE_CURVE('',#2122,(#2126,#2133),.PCURVE_S1.);
#2122 = LINE('',#2123,#2124);
#2123 = CARTESIAN_POINT('',(18.5,14.3,11.5));
#2124 = VECTOR('',#2125,1.);
#2125 = DIRECTION('',(0.,1.,0.));
#2126 = PCURVE('',#1778,#2127);
#2127 = DEFINITIONAL_REPRESENTATION('',(#2128),#2132);
#2128 = LINE('',#2129,#2130);
#2129 = CARTESIAN_POINT('',(-1.167788432263,1.539475216591));
#2130 = VECTOR('',#2131,1.);
#2131 = DIRECTION('',(0.,-1.));
#2132 = ( GEOMETRIC_REPRESENTATION_CONTEXT(2) 
PARAMETRIC_REPRESENTATION_CONTEXT() REPRESENTATION_CONTEXT('2D SPACE',''
  ) );
#2133 = PCURVE('',#91,#2134);
#2134 = DEFINITIONAL_REPRESENTATION('',(#2135),#2139);
#2135 = LINE('',#2136,#2137);
#2136 = CARTESIAN_POINT('',(-3.668,-18.5));
#2137 = VECTOR('',#2138,1.);
#2138 = DIRECTION('',(1.,0.));
#2139 = ( GEOMETRIC_REPRESENTATION_CONTEXT(2) 
PARAMETRIC_REPRESENTATION_CONTEXT() REPRESENTATION_CONTEXT('2D SPACE',''
  ) );
#2140 = ORIENTED_EDGE('',*,*,#1708,.T.);
#2141 = ADVANCED_FACE('',(#2142),#1968,.F.);
#2142 = FACE_BOUND('',#2143,.F.);
#2143 = EDGE_LOOP('',(#2144,#2169,#2192,#2218,#2244,#2270,#2293,#2319,
    #2345,#2371,#2392,#2393));
#2144 = ORIENTED_EDGE('',*,*,#2145,.F.);
#2145 = EDGE_CURVE('',#2146,#2148,#2150,.T.);
#2146 = VERTEX_POINT('',#2147);
#2147 = CARTESIAN_POINT('',(12.5,13.,13.1));
#2148 = VERTEX_POINT('',#2149);
#2149 = CARTESIAN_POINT('',(12.5,13.,5.5));
#2150 = SURFACE_CURVE('',#2151,(#2155,#2162),.PCURVE_S1.);
#2151 = LINE('',#2152,#2153);
#2152 = CARTESIAN_POINT('',(12.5,13.,13.1));
#2153 = VECTOR('',#2154,1.);
#2154 = DIRECTION('',(0.,0.,-1.));
#2155 = PCURVE('',#1968,#2156);
#2156 = DEFINITIONAL_REPRESENTATION('',(#2157),#2161);
#2157 = LINE('',#2158,#2159);
#2158 = CARTESIAN_POINT('',(0.,0.));
#2159 = VECTOR('',#2160,1.);
#2160 = DIRECTION('',(1.,0.));
#2161 = ( GEOMETRIC_REPRESENTATION_CONTEXT(2) 
PARAMETRIC_REPRESENTATION_CONTEXT() REPRESENTATION_CONTEXT('2D SPACE',''
  ) );
#2162 = PCURVE('',#1098,#2163);
#2163 = DEFINITIONAL_REPRESENTATION('',(#2164),#2168);
#2164 = LINE('',#2165,#2166);
#2165 = CARTESIAN_POINT('',(0.432211567737,2.839475216591));
#2166 = VECTOR('',#2167,1.);
#2167 = DIRECTION('',(-1.,0.));
#2168 = ( GEOMETRIC_REPRESENTATION_CONTEXT(2) 
PARAMETRIC_REPRESENTATION_CONTEXT() REPRESENTATION_CONTEXT('2D SPACE',''
  ) );
#2169 = ORIENTED_EDGE('',*,*,#2170,.T.);
#2170 = EDGE_CURVE('',#2146,#2171,#2173,.T.);
#2171 = VERTEX_POINT('',#2172);
#2172 = CARTESIAN_POINT('',(13.5,13.,13.1));
#2173 = SURFACE_CURVE('',#2174,(#2178,#2185),.PCURVE_S1.);
#2174 = LINE('',#2175,#2176);
#2175 = CARTESIAN_POINT('',(12.5,13.,13.1));
#2176 = VECTOR('',#2177,1.);
#2177 = DIRECTION('',(1.,0.,0.));
#2178 = PCURVE('',#1968,#2179);
#2179 = DEFINITIONAL_REPRESENTATION('',(#2180),#2184);
#2180 = LINE('',#2181,#2182);
#2181 = CARTESIAN_POINT('',(0.,0.));
#2182 = VECTOR('',#2183,1.);
#2183 = DIRECTION('',(0.,-1.));
#2184 = ( GEOMETRIC_REPRESENTATION_CONTEXT(2) 
PARAMETRIC_REPRESENTATION_CONTEXT() REPRESENTATION_CONTEXT('2D SPACE',''
  ) );
#2185 = PCURVE('',#1211,#2186);
#2186 = DEFINITIONAL_REPRESENTATION('',(#2187),#2191);
#2187 = LINE('',#2188,#2189);
#2188 = CARTESIAN_POINT('',(9.372299611088,0.));
#2189 = VECTOR('',#2190,1.);
#2190 = DIRECTION('',(0.,-1.));
#2191 = ( GEOMETRIC_REPRESENTATION_CONTEXT(2) 
PARAMETRIC_REPRESENTATION_CONTEXT() REPRESENTATION_CONTEXT('2D SPACE',''
  ) );
#2192 = ORIENTED_EDGE('',*,*,#2193,.T.);
#2193 = EDGE_CURVE('',#2171,#2194,#2196,.T.);
#2194 = VERTEX_POINT('',#2195);
#2195 = CARTESIAN_POINT('',(13.5,13.,12.5));
#2196 = SURFACE_CURVE('',#2197,(#2201,#2207),.PCURVE_S1.);
#2197 = LINE('',#2198,#2199);
#2198 = CARTESIAN_POINT('',(13.5,13.,12.8));
#2199 = VECTOR('',#2200,1.);
#2200 = DIRECTION('',(0.,0.,-1.));
#2201 = PCURVE('',#1968,#2202);
#2202 = DEFINITIONAL_REPRESENTATION('',(#2203),#2206);
#2203 = B_SPLINE_CURVE_WITH_KNOTS('',1,(#2204,#2205),.UNSPECIFIED.,.F.,
  .F.,(2,2),(-0.3,0.3),.PIECEWISE_BEZIER_KNOTS.);
#2204 = CARTESIAN_POINT('',(0.,-1.));
#2205 = CARTESIAN_POINT('',(0.6,-1.));
#2206 = ( GEOMETRIC_REPRESENTATION_CONTEXT(2) 
PARAMETRIC_REPRESENTATION_CONTEXT() REPRESENTATION_CONTEXT('2D SPACE',''
  ) );
#2207 = PCURVE('',#2208,#2213);
#2208 = PLANE('',#2209);
#2209 = AXIS2_PLACEMENT_3D('',#2210,#2211,#2212);
#2210 = CARTESIAN_POINT('',(13.5,12.,12.5));
#2211 = DIRECTION('',(1.,0.,0.));
#2212 = DIRECTION('',(0.,0.,1.));
#2213 = DEFINITIONAL_REPRESENTATION('',(#2214),#2217);
#2214 = B_SPLINE_CURVE_WITH_KNOTS('',1,(#2215,#2216),.UNSPECIFIED.,.F.,
  .F.,(2,2),(-0.3,0.3),.PIECEWISE_BEZIER_KNOTS.);
#2215 = CARTESIAN_POINT('',(0.6,-1.));
#2216 = CARTESIAN_POINT('',(0.,-1.));
#2217 = ( GEOMETRIC_REPRESENTATION_CONTEXT(2) 
PARAMETRIC_REPRESENTATION_CONTEXT() REPRESENTATION_CONTEXT('2D SPACE',''
  ) );
#2218 = ORIENTED_EDGE('',*,*,#2219,.T.);
#2219 = EDGE_CURVE('',#2194,#2220,#2222,.T.);
#2220 = VERTEX_POINT('',#2221);
#2221 = CARTESIAN_POINT('',(15.,13.,12.5));
#2222 = SURFACE_CURVE('',#2223,(#2227,#2233),.PCURVE_S1.);
#2223 = LINE('',#2224,#2225);
#2224 = CARTESIAN_POINT('',(13.,13.,12.5));
#2225 = VECTOR('',#2226,1.);
#2226 = DIRECTION('',(1.,0.,0.));
#2227 = PCURVE('',#1968,#2228);
#2228 = DEFINITIONAL_REPRESENTATION('',(#2229),#2232);
#2229 = B_SPLINE_CURVE_WITH_KNOTS('',1,(#2230,#2231),.UNSPECIFIED.,.F.,
  .F.,(2,2),(0.5,2.),.PIECEWISE_BEZIER_KNOTS.);
#2230 = CARTESIAN_POINT('',(0.6,-1.));
#2231 = CARTESIAN_POINT('',(0.6,-2.5));
#2232 = ( GEOMETRIC_REPRESENTATION_CONTEXT(2) 
PARAMETRIC_REPRESENTATION_CONTEXT() REPRESENTATION_CONTEXT('2D SPACE',''
  ) );
#2233 = PCURVE('',#2234,#2239);
#2234 = PLANE('',#2235);
#2235 = AXIS2_PLACEMENT_3D('',#2236,#2237,#2238);
#2236 = CARTESIAN_POINT('',(13.5,12.,12.5));
#2237 = DIRECTION('',(0.,0.,1.));
#2238 = DIRECTION('',(1.,0.,0.));
#2239 = DEFINITIONAL_REPRESENTATION('',(#2240),#2243);
#2240 = B_SPLINE_CURVE_WITH_KNOTS('',1,(#2241,#2242),.UNSPECIFIED.,.F.,
  .F.,(2,2),(0.5,2.),.PIECEWISE_BEZIER_KNOTS.);
#2241 = CARTESIAN_POINT('',(0.,1.));
#2242 = CARTESIAN_POINT('',(1.5,1.));
#2243 = ( GEOMETRIC_REPRESENTATION_CONTEXT(2) 
PARAMETRIC_REPRESENTATION_CONTEXT() REPRESENTATION_CONTEXT('2D SPACE',''
  ) );
#2244 = ORIENTED_EDGE('',*,*,#2245,.F.);
#2245 = EDGE_CURVE('',#2246,#2220,#2248,.T.);
#2246 = VERTEX_POINT('',#2247);
#2247 = CARTESIAN_POINT('',(15.,13.,13.1));
#2248 = SURFACE_CURVE('',#2249,(#2253,#2259),.PCURVE_S1.);
#2249 = LINE('',#2250,#2251);
#2250 = CARTESIAN_POINT('',(15.,13.,12.8));
#2251 = VECTOR('',#2252,1.);
#2252 = DIRECTION('',(0.,0.,-1.));
#2253 = PCURVE('',#1968,#2254);
#2254 = DEFINITIONAL_REPRESENTATION('',(#2255),#2258);
#2255 = B_SPLINE_CURVE_WITH_KNOTS('',1,(#2256,#2257),.UNSPECIFIED.,.F.,
  .F.,(2,2),(-0.3,0.3),.PIECEWISE_BEZIER_KNOTS.);
#2256 = CARTESIAN_POINT('',(0.,-2.5));
#2257 = CARTESIAN_POINT('',(0.6,-2.5));
#2258 = ( GEOMETRIC_REPRESENTATION_CONTEXT(2) 
PARAMETRIC_REPRESENTATION_CONTEXT() REPRESENTATION_CONTEXT('2D SPACE',''
  ) );
#2259 = PCURVE('',#2260,#2265);
#2260 = PLANE('',#2261);
#2261 = AXIS2_PLACEMENT_3D('',#2262,#2263,#2264);
#2262 = CARTESIAN_POINT('',(15.,12.,12.5));
#2263 = DIRECTION('',(1.,0.,0.));
#2264 = DIRECTION('',(0.,0.,1.));
#2265 = DEFINITIONAL_REPRESENTATION('',(#2266),#2269);
#2266 = B_SPLINE_CURVE_WITH_KNOTS('',1,(#2267,#2268),.UNSPECIFIED.,.F.,
  .F.,(2,2),(-0.3,0.3),.PIECEWISE_BEZIER_KNOTS.);
#2267 = CARTESIAN_POINT('',(0.6,-1.));
#2268 = CARTESIAN_POINT('',(0.,-1.));
#2269 = ( GEOMETRIC_REPRESENTATION_CONTEXT(2) 
PARAMETRIC_REPRESENTATION_CONTEXT() REPRESENTATION_CONTEXT('2D SPACE',''
  ) );
#2270 = ORIENTED_EDGE('',*,*,#2271,.T.);
#2271 = EDGE_CURVE('',#2246,#2272,#2274,.T.);
#2272 = VERTEX_POINT('',#2273);
#2273 = CARTESIAN_POINT('',(16.,13.,13.1));
#2274 = SURFACE_CURVE('',#2275,(#2279,#2286),.PCURVE_S1.);
#2275 = LINE('',#2276,#2277);
#2276 = CARTESIAN_POINT('',(12.5,13.,13.1));
#2277 = VECTOR('',#2278,1.);
#2278 = DIRECTION('',(1.,0.,0.));
#2279 = PCURVE('',#1968,#2280);
#2280 = DEFINITIONAL_REPRESENTATION('',(#2281),#2285);
#2281 = LINE('',#2282,#2283);
#2282 = CARTESIAN_POINT('',(0.,0.));
#2283 = VECTOR('',#2284,1.);
#2284 = DIRECTION('',(0.,-1.));
#2285 = ( GEOMETRIC_REPRESENTATION_CONTEXT(2) 
PARAMETRIC_REPRESENTATION_CONTEXT() REPRESENTATION_CONTEXT('2D SPACE',''
  ) );
#2286 = PCURVE('',#1439,#2287);
#2287 = DEFINITIONAL_REPRESENTATION('',(#2288),#2292);
#2288 = LINE('',#2289,#2290);
#2289 = CARTESIAN_POINT('',(9.372299611088,0.));
#2290 = VECTOR('',#2291,1.);
#2291 = DIRECTION('',(0.,-1.));
#2292 = ( GEOMETRIC_REPRESENTATION_CONTEXT(2) 
PARAMETRIC_REPRESENTATION_CONTEXT() REPRESENTATION_CONTEXT('2D SPACE',''
  ) );
#2293 = ORIENTED_EDGE('',*,*,#2294,.T.);
#2294 = EDGE_CURVE('',#2272,#2295,#2297,.T.);
#2295 = VERTEX_POINT('',#2296);
#2296 = CARTESIAN_POINT('',(16.,13.,12.5));
#2297 = SURFACE_CURVE('',#2298,(#2302,#2308),.PCURVE_S1.);
#2298 = LINE('',#2299,#2300);
#2299 = CARTESIAN_POINT('',(16.,13.,12.8));
#2300 = VECTOR('',#2301,1.);
#2301 = DIRECTION('',(0.,0.,-1.));
#2302 = PCURVE('',#1968,#2303);
#2303 = DEFINITIONAL_REPRESENTATION('',(#2304),#2307);
#2304 = B_SPLINE_CURVE_WITH_KNOTS('',1,(#2305,#2306),.UNSPECIFIED.,.F.,
  .F.,(2,2),(-0.3,0.3),.PIECEWISE_BEZIER_KNOTS.);
#2305 = CARTESIAN_POINT('',(0.,-3.5));
#2306 = CARTESIAN_POINT('',(0.6,-3.5));
#2307 = ( GEOMETRIC_REPRESENTATION_CONTEXT(2) 
PARAMETRIC_REPRESENTATION_CONTEXT() REPRESENTATION_CONTEXT('2D SPACE',''
  ) );
#2308 = PCURVE('',#2309,#2314);
#2309 = PLANE('',#2310);
#2310 = AXIS2_PLACEMENT_3D('',#2311,#2312,#2313);
#2311 = CARTESIAN_POINT('',(16.,12.,12.5));
#2312 = DIRECTION('',(1.,0.,0.));
#2313 = DIRECTION('',(0.,0.,1.));
#2314 = DEFINITIONAL_REPRESENTATION('',(#2315),#2318);
#2315 = B_SPLINE_CURVE_WITH_KNOTS('',1,(#2316,#2317),.UNSPECIFIED.,.F.,
  .F.,(2,2),(-0.3,0.3),.PIECEWISE_BEZIER_KNOTS.);
#2316 = CARTESIAN_POINT('',(0.6,-1.));
#2317 = CARTESIAN_POINT('',(0.,-1.));
#2318 = ( GEOMETRIC_REPRESENTATION_CONTEXT(2) 
PARAMETRIC_REPRESENTATION_CONTEXT() REPRESENTATION_CONTEXT('2D SPACE',''
  ) );
#2319 = ORIENTED_EDGE('',*,*,#2320,.T.);
#2320 = EDGE_CURVE('',#2295,#2321,#2323,.T.);
#2321 = VERTEX_POINT('',#2322);
#2322 = CARTESIAN_POINT('',(17.5,13.,12.5));
#2323 = SURFACE_CURVE('',#2324,(#2328,#2334),.PCURVE_S1.);
#2324 = LINE('',#2325,#2326);
#2325 = CARTESIAN_POINT('',(14.25,13.,12.5));
#2326 = VECTOR('',#2327,1.);
#2327 = DIRECTION('',(1.,0.,0.));
#2328 = PCURVE('',#1968,#2329);
#2329 = DEFINITIONAL_REPRESENTATION('',(#2330),#2333);
#2330 = B_SPLINE_CURVE_WITH_KNOTS('',1,(#2331,#2332),.UNSPECIFIED.,.F.,
  .F.,(2,2),(1.75,3.25),.PIECEWISE_BEZIER_KNOTS.);
#2331 = CARTESIAN_POINT('',(0.6,-3.5));
#2332 = CARTESIAN_POINT('',(0.6,-5.));
#2333 = ( GEOMETRIC_REPRESENTATION_CONTEXT(2) 
PARAMETRIC_REPRESENTATION_CONTEXT() REPRESENTATION_CONTEXT('2D SPACE',''
  ) );
#2334 = PCURVE('',#2335,#2340);
#2335 = PLANE('',#2336);
#2336 = AXIS2_PLACEMENT_3D('',#2337,#2338,#2339);
#2337 = CARTESIAN_POINT('',(16.,12.,12.5));
#2338 = DIRECTION('',(0.,0.,1.));
#2339 = DIRECTION('',(1.,0.,0.));
#2340 = DEFINITIONAL_REPRESENTATION('',(#2341),#2344);
#2341 = B_SPLINE_CURVE_WITH_KNOTS('',1,(#2342,#2343),.UNSPECIFIED.,.F.,
  .F.,(2,2),(1.75,3.25),.PIECEWISE_BEZIER_KNOTS.);
#2342 = CARTESIAN_POINT('',(0.,1.));
#2343 = CARTESIAN_POINT('',(1.5,1.));
#2344 = ( GEOMETRIC_REPRESENTATION_CONTEXT(2) 
PARAMETRIC_REPRESENTATION_CONTEXT() REPRESENTATION_CONTEXT('2D SPACE',''
  ) );
#2345 = ORIENTED_EDGE('',*,*,#2346,.F.);
#2346 = EDGE_CURVE('',#2347,#2321,#2349,.T.);
#2347 = VERTEX_POINT('',#2348);
#2348 = CARTESIAN_POINT('',(17.5,13.,13.1));
#2349 = SURFACE_CURVE('',#2350,(#2354,#2360),.PCURVE_S1.);
#2350 = LINE('',#2351,#2352);
#2351 = CARTESIAN_POINT('',(17.5,13.,12.8));
#2352 = VECTOR('',#2353,1.);
#2353 = DIRECTION('',(0.,0.,-1.));
#2354 = PCURVE('',#1968,#2355);
#2355 = DEFINITIONAL_REPRESENTATION('',(#2356),#2359);
#2356 = B_SPLINE_CURVE_WITH_KNOTS('',1,(#2357,#2358),.UNSPECIFIED.,.F.,
  .F.,(2,2),(-0.3,0.3),.PIECEWISE_BEZIER_KNOTS.);
#2357 = CARTESIAN_POINT('',(0.,-5.));
#2358 = CARTESIAN_POINT('',(0.6,-5.));
#2359 = ( GEOMETRIC_REPRESENTATION_CONTEXT(2) 
PARAMETRIC_REPRESENTATION_CONTEXT() REPRESENTATION_CONTEXT('2D SPACE',''
  ) );
#2360 = PCURVE('',#2361,#2366);
#2361 = PLANE('',#2362);
#2362 = AXIS2_PLACEMENT_3D('',#2363,#2364,#2365);
#2363 = CARTESIAN_POINT('',(17.5,12.,12.5));
#2364 = DIRECTION('',(1.,0.,0.));
#2365 = DIRECTION('',(0.,0.,1.));
#2366 = DEFINITIONAL_REPRESENTATION('',(#2367),#2370);
#2367 = B_SPLINE_CURVE_WITH_KNOTS('',1,(#2368,#2369),.UNSPECIFIED.,.F.,
  .F.,(2,2),(-0.3,0.3),.PIECEWISE_BEZIER_KNOTS.);
#2368 = CARTESIAN_POINT('',(0.6,-1.));
#2369 = CARTESIAN_POINT('',(0.,-1.));
#2370 = ( GEOMETRIC_REPRESENTATION_CONTEXT(2) 
PARAMETRIC_REPRESENTATION_CONTEXT() REPRESENTATION_CONTEXT('2D SPACE',''
  ) );
#2371 = ORIENTED_EDGE('',*,*,#2372,.T.);
#2372 = EDGE_CURVE('',#2347,#1930,#2373,.T.);
#2373 = SURFACE_CURVE('',#2374,(#2378,#2385),.PCURVE_S1.);
#2374 = LINE('',#2375,#2376);
#2375 = CARTESIAN_POINT('',(12.5,13.,13.1));
#2376 = VECTOR('',#2377,1.);
#2377 = DIRECTION('',(1.,0.,0.));
#2378 = PCURVE('',#1968,#2379);
#2379 = DEFINITIONAL_REPRESENTATION('',(#2380),#2384);
#2380 = LINE('',#2381,#2382);
#2381 = CARTESIAN_POINT('',(0.,0.));
#2382 = VECTOR('',#2383,1.);
#2383 = DIRECTION('',(0.,-1.));
#2384 = ( GEOMETRIC_REPRESENTATION_CONTEXT(2) 
PARAMETRIC_REPRESENTATION_CONTEXT() REPRESENTATION_CONTEXT('2D SPACE',''
  ) );
#2385 = PCURVE('',#1667,#2386);
#2386 = DEFINITIONAL_REPRESENTATION('',(#2387),#2391);
#2387 = LINE('',#2388,#2389);
#2388 = CARTESIAN_POINT('',(9.372299611088,0.));
#2389 = VECTOR('',#2390,1.);
#2390 = DIRECTION('',(0.,-1.));
#2391 = ( GEOMETRIC_REPRESENTATION_CONTEXT(2) 
PARAMETRIC_REPRESENTATION_CONTEXT() REPRESENTATION_CONTEXT('2D SPACE',''
  ) );
#2392 = ORIENTED_EDGE('',*,*,#1952,.T.);
#2393 = ORIENTED_EDGE('',*,*,#2394,.F.);
#2394 = EDGE_CURVE('',#2148,#1953,#2395,.T.);
#2395 = SURFACE_CURVE('',#2396,(#2400,#2407),.PCURVE_S1.);
#2396 = LINE('',#2397,#2398);
#2397 = CARTESIAN_POINT('',(12.5,13.,5.5));
#2398 = VECTOR('',#2399,1.);
#2399 = DIRECTION('',(1.,0.,0.));
#2400 = PCURVE('',#1968,#2401);
#2401 = DEFINITIONAL_REPRESENTATION('',(#2402),#2406);
#2402 = LINE('',#2403,#2404);
#2403 = CARTESIAN_POINT('',(7.6,0.));
#2404 = VECTOR('',#2405,1.);
#2405 = DIRECTION('',(0.,-1.));
#2406 = ( GEOMETRIC_REPRESENTATION_CONTEXT(2) 
PARAMETRIC_REPRESENTATION_CONTEXT() REPRESENTATION_CONTEXT('2D SPACE',''
  ) );
#2407 = PCURVE('',#1996,#2408);
#2408 = DEFINITIONAL_REPRESENTATION('',(#2409),#2413);
#2409 = LINE('',#2410,#2411);
#2410 = CARTESIAN_POINT('',(0.,0.));
#2411 = VECTOR('',#2412,1.);
#2412 = DIRECTION('',(0.,-1.));
#2413 = ( GEOMETRIC_REPRESENTATION_CONTEXT(2) 
PARAMETRIC_REPRESENTATION_CONTEXT() REPRESENTATION_CONTEXT('2D SPACE',''
  ) );
#2414 = ADVANCED_FACE('',(#2415),#2208,.T.);
#2415 = FACE_BOUND('',#2416,.T.);
#2416 = EDGE_LOOP('',(#2417,#2418,#2441,#2467,#2560));
#2417 = ORIENTED_EDGE('',*,*,#2193,.T.);
#2418 = ORIENTED_EDGE('',*,*,#2419,.T.);
#2419 = EDGE_CURVE('',#2194,#2420,#2422,.T.);
#2420 = VERTEX_POINT('',#2421);
#2421 = CARTESIAN_POINT('',(13.5,15.943016729677,12.5));
#2422 = SURFACE_CURVE('',#2423,(#2427,#2434),.PCURVE_S1.);
#2423 = LINE('',#2424,#2425);
#2424 = CARTESIAN_POINT('',(13.5,12.,12.5));
#2425 = VECTOR('',#2426,1.);
#2426 = DIRECTION('',(0.,1.,0.));
#2427 = PCURVE('',#2208,#2428);
#2428 = DEFINITIONAL_REPRESENTATION('',(#2429),#2433);
#2429 = LINE('',#2430,#2431);
#2430 = CARTESIAN_POINT('',(0.,0.));
#2431 = VECTOR('',#2432,1.);
#2432 = DIRECTION('',(0.,-1.));
#2433 = ( GEOMETRIC_REPRESENTATION_CONTEXT(2) 
PARAMETRIC_REPRESENTATION_CONTEXT() REPRESENTATION_CONTEXT('2D SPACE',''
  ) );
#2434 = PCURVE('',#2234,#2435);
#2435 = DEFINITIONAL_REPRESENTATION('',(#2436),#2440);
#2436 = LINE('',#2437,#2438);
#2437 = CARTESIAN_POINT('',(0.,0.));
#2438 = VECTOR('',#2439,1.);
#2439 = DIRECTION('',(0.,1.));
#2440 = ( GEOMETRIC_REPRESENTATION_CONTEXT(2) 
PARAMETRIC_REPRESENTATION_CONTEXT() REPRESENTATION_CONTEXT('2D SPACE',''
  ) );
#2441 = ORIENTED_EDGE('',*,*,#2442,.F.);
#2442 = EDGE_CURVE('',#2443,#2420,#2445,.T.);
#2443 = VERTEX_POINT('',#2444);
#2444 = CARTESIAN_POINT('',(13.5,15.93142458698,12.986122113086));
#2445 = SURFACE_CURVE('',#2446,(#2450,#2456),.PCURVE_S1.);
#2446 = LINE('',#2447,#2448);
#2447 = CARTESIAN_POINT('',(13.5,15.954956321969,11.999307419985));
#2448 = VECTOR('',#2449,1.);
#2449 = DIRECTION('',(0.,2.383937680911E-02,-0.999715801672));
#2450 = PCURVE('',#2208,#2451);
#2451 = DEFINITIONAL_REPRESENTATION('',(#2452),#2455);
#2452 = B_SPLINE_CURVE_WITH_KNOTS('',1,(#2453,#2454),.UNSPECIFIED.,.F.,
  .F.,(2,2),(-1.955166021956,-0.50083491646),.PIECEWISE_BEZIER_KNOTS.);
#2453 = CARTESIAN_POINT('',(1.453917787028,-3.908346382447));
#2454 = CARTESIAN_POINT('',(1.110223024625E-16,-3.943016729677));
#2455 = ( GEOMETRIC_REPRESENTATION_CONTEXT(2) 
PARAMETRIC_REPRESENTATION_CONTEXT() REPRESENTATION_CONTEXT('2D SPACE',''
  ) );
#2456 = PCURVE('',#2457,#2462);
#2457 = PLANE('',#2458);
#2458 = AXIS2_PLACEMENT_3D('',#2459,#2460,#2461);
#2459 = CARTESIAN_POINT('',(15.5,15.969136793311,11.404642492764));
#2460 = DIRECTION('',(0.,0.999715801672,2.383937680911E-02));
#2461 = DIRECTION('',(1.,0.,0.));
#2462 = DEFINITIONAL_REPRESENTATION('',(#2463),#2466);
#2463 = B_SPLINE_CURVE_WITH_KNOTS('',1,(#2464,#2465),.UNSPECIFIED.,.F.,
  .F.,(2,2),(-1.955166021956,-0.50083491646),.PIECEWISE_BEZIER_KNOTS.);
#2464 = CARTESIAN_POINT('',(-2.,-2.55));
#2465 = CARTESIAN_POINT('',(-2.,-1.095668894504));
#2466 = ( GEOMETRIC_REPRESENTATION_CONTEXT(2) 
PARAMETRIC_REPRESENTATION_CONTEXT() REPRESENTATION_CONTEXT('2D SPACE',''
  ) );
#2467 = ORIENTED_EDGE('',*,*,#2468,.T.);
#2468 = EDGE_CURVE('',#2443,#1138,#2469,.T.);
#2469 = SURFACE_CURVE('',#2470,(#2498,#2529),.PCURVE_S1.);
#2470 = B_SPLINE_CURVE_WITH_KNOTS('',6,(#2471,#2472,#2473,#2474,#2475,
    #2476,#2477,#2478,#2479,#2480,#2481,#2482,#2483,#2484,#2485,#2486,
    #2487,#2488,#2489,#2490,#2491,#2492,#2493,#2494,#2495,#2496,#2497),
  .UNSPECIFIED.,.F.,.F.,(7,5,5,5,5,7),(0.,0.105177877374,0.165775730809,
    0.372646135892,0.692294197761,1.),.UNSPECIFIED.);
#2471 = CARTESIAN_POINT('',(13.5,15.93142458698,12.986122113086));
#2472 = CARTESIAN_POINT('',(13.5,15.928660407135,13.102039332376));
#2473 = CARTESIAN_POINT('',(13.5,15.926562682078,13.218621845034));
#2474 = CARTESIAN_POINT('',(13.5,15.925286991398,13.335789421974));
#2475 = CARTESIAN_POINT('',(13.5,15.924972668069,13.453454801516));
#2476 = CARTESIAN_POINT('',(13.5,15.925740808522,13.571531176603));
#2477 = CARTESIAN_POINT('',(13.5,15.928816617521,13.758160313944));
#2478 = CARTESIAN_POINT('',(13.5,15.930333845515,13.826491427672));
#2479 = CARTESIAN_POINT('',(13.5,15.932263294609,13.894918061192));
#2480 = CARTESIAN_POINT('',(13.5,15.934622464833,13.963425997319));
#2481 = CARTESIAN_POINT('',(13.5,15.937427028351,14.032001763711));
#2482 = CARTESIAN_POINT('',(13.5,15.951832871929,14.334926339631));
#2483 = CARTESIAN_POINT('',(13.5,15.9683267837,14.569849971434));
#2484 = CARTESIAN_POINT('',(13.5,15.990728675064,14.804922882679));
#2485 = CARTESIAN_POINT('',(13.5,16.01937367769,15.039722517175));
#2486 = CARTESIAN_POINT('',(13.5,16.05447745099,15.27388341816));
#2487 = CARTESIAN_POINT('',(13.5,16.160622259541,15.867405679773));
#2488 = CARTESIAN_POINT('',(13.5,16.24081968023,16.22541283955));
#2489 = CARTESIAN_POINT('',(13.5,16.337284477599,16.579862050563));
#2490 = CARTESIAN_POINT('',(13.5,16.450092458298,16.929637657536));
#2491 = CARTESIAN_POINT('',(13.5,16.579154032914,17.273654683316));
#2492 = CARTESIAN_POINT('',(13.5,16.863831632686,17.935459324929));
#2493 = CARTESIAN_POINT('',(13.5,17.01828106154,18.253758629204));
#2494 = CARTESIAN_POINT('',(13.5,17.187318482817,18.564813378458));
#2495 = CARTESIAN_POINT('',(13.5,17.370587912264,18.867736789987));
#2496 = CARTESIAN_POINT('',(13.5,17.567645770755,19.161675043577));
#2497 = CARTESIAN_POINT('',(13.5,17.777954415012,19.445810799158));
#2498 = PCURVE('',#2208,#2499);
#2499 = DEFINITIONAL_REPRESENTATION('',(#2500),#2528);
#2500 = B_SPLINE_CURVE_WITH_KNOTS('',6,(#2501,#2502,#2503,#2504,#2505,
    #2506,#2507,#2508,#2509,#2510,#2511,#2512,#2513,#2514,#2515,#2516,
    #2517,#2518,#2519,#2520,#2521,#2522,#2523,#2524,#2525,#2526,#2527),
  .UNSPECIFIED.,.F.,.F.,(7,5,5,5,5,7),(0.,0.105177877374,0.165775730809,
    0.372646135892,0.692294197761,1.),.UNSPECIFIED.);
#2501 = CARTESIAN_POINT('',(0.486122113086,-3.93142458698));
#2502 = CARTESIAN_POINT('',(0.602039332376,-3.928660407135));
#2503 = CARTESIAN_POINT('',(0.718621845034,-3.926562682078));
#2504 = CARTESIAN_POINT('',(0.835789421974,-3.925286991398));
#2505 = CARTESIAN_POINT('',(0.953454801516,-3.924972668069));
#2506 = CARTESIAN_POINT('',(1.071531176603,-3.925740808522));
#2507 = CARTESIAN_POINT('',(1.258160313944,-3.928816617521));
#2508 = CARTESIAN_POINT('',(1.326491427672,-3.930333845515));
#2509 = CARTESIAN_POINT('',(1.394918061192,-3.932263294609));
#2510 = CARTESIAN_POINT('',(1.463425997319,-3.934622464833));
#2511 = CARTESIAN_POINT('',(1.532001763711,-3.937427028351));
#2512 = CARTESIAN_POINT('',(1.834926339631,-3.951832871929));
#2513 = CARTESIAN_POINT('',(2.069849971434,-3.9683267837));
#2514 = CARTESIAN_POINT('',(2.304922882679,-3.990728675064));
#2515 = CARTESIAN_POINT('',(2.539722517175,-4.01937367769));
#2516 = CARTESIAN_POINT('',(2.77388341816,-4.05447745099));
#2517 = CARTESIAN_POINT('',(3.367405679773,-4.160622259541));
#2518 = CARTESIAN_POINT('',(3.72541283955,-4.24081968023));
#2519 = CARTESIAN_POINT('',(4.079862050563,-4.337284477599));
#2520 = CARTESIAN_POINT('',(4.429637657536,-4.450092458298));
#2521 = CARTESIAN_POINT('',(4.773654683316,-4.579154032914));
#2522 = CARTESIAN_POINT('',(5.435459324929,-4.863831632686));
#2523 = CARTESIAN_POINT('',(5.753758629204,-5.01828106154));
#2524 = CARTESIAN_POINT('',(6.064813378458,-5.187318482817));
#2525 = CARTESIAN_POINT('',(6.367736789987,-5.370587912264));
#2526 = CARTESIAN_POINT('',(6.661675043577,-5.567645770755));
#2527 = CARTESIAN_POINT('',(6.945810799158,-5.777954415012));
#2528 = ( GEOMETRIC_REPRESENTATION_CONTEXT(2) 
PARAMETRIC_REPRESENTATION_CONTEXT() REPRESENTATION_CONTEXT('2D SPACE',''
  ) );
#2529 = PCURVE('',#1326,#2530);
#2530 = DEFINITIONAL_REPRESENTATION('',(#2531),#2559);
#2531 = B_SPLINE_CURVE_WITH_KNOTS('',6,(#2532,#2533,#2534,#2535,#2536,
    #2537,#2538,#2539,#2540,#2541,#2542,#2543,#2544,#2545,#2546,#2547,
    #2548,#2549,#2550,#2551,#2552,#2553,#2554,#2555,#2556,#2557,#2558),
  .UNSPECIFIED.,.F.,.F.,(7,5,5,5,5,7),(0.,0.105177877374,0.165775730809,
    0.372646135892,0.692294197761,1.),.UNSPECIFIED.);
#2532 = CARTESIAN_POINT('',(3.810799872452,0.));
#2533 = CARTESIAN_POINT('',(3.846463131855,7.904544851228E-03));
#2534 = CARTESIAN_POINT('',(3.879911211321,1.628108053852E-02));
#2535 = CARTESIAN_POINT('',(3.91121295499,2.507922296296E-02));
#2536 = CARTESIAN_POINT('',(3.940489469534,3.425175712526E-02));
#2537 = CARTESIAN_POINT('',(3.967885690207,4.375611628934E-02));
#2538 = CARTESIAN_POINT('',(4.008323706363,5.920194868192E-02));
#2539 = CARTESIAN_POINT('',(4.022527951803,6.494608649831E-02));
#2540 = CARTESIAN_POINT('',(4.036182367273,7.078130081044E-02));
#2541 = CARTESIAN_POINT('',(4.049313973993,7.670119471899E-02));
#2542 = CARTESIAN_POINT('',(4.061949130358,8.269994820987E-02));
#2543 = CARTESIAN_POINT('',(4.115640657734,0.109502320275));
#2544 = CARTESIAN_POINT('',(4.151677354389,0.131089100199));
#2545 = CARTESIAN_POINT('',(4.183243298907,0.153325054646));
#2546 = CARTESIAN_POINT('',(4.211166446113,0.176072539731));
#2547 = CARTESIAN_POINT('',(4.236050543302,0.199234505297));
#2548 = CARTESIAN_POINT('',(4.292872500772,0.259060758052));
#2549 = CARTESIAN_POINT('',(4.321257936005,0.29620048491));
#2550 = CARTESIAN_POINT('',(4.345288348237,0.333896557085));
#2551 = CARTESIAN_POINT('',(4.365944918709,0.37202079515));
#2552 = CARTESIAN_POINT('',(4.38392132443,0.410480002501));
#2553 = CARTESIAN_POINT('',(4.414902947804,0.486491184958));
#2554 = CARTESIAN_POINT('',(4.428069836114,0.524024600187));
#2555 = CARTESIAN_POINT('',(4.439645863838,0.56175097135));
#2556 = CARTESIAN_POINT('',(4.449909549774,0.599635663743));
#2557 = CARTESIAN_POINT('',(4.459070316714,0.637652256483));
#2558 = CARTESIAN_POINT('',(4.467285606106,0.675779222332));
#2559 = ( GEOMETRIC_REPRESENTATION_CONTEXT(2) 
PARAMETRIC_REPRESENTATION_CONTEXT() REPRESENTATION_CONTEXT('2D SPACE',''
  ) );
#2560 = ORIENTED_EDGE('',*,*,#2561,.T.);
#2561 = EDGE_CURVE('',#1138,#2171,#2562,.T.);
#2562 = SURFACE_CURVE('',#2563,(#2567,#2573),.PCURVE_S1.);
#2563 = LINE('',#2564,#2565);
#2564 = CARTESIAN_POINT('',(13.5,15.647540983607,16.277049180328));
#2565 = VECTOR('',#2566,1.);
#2566 = DIRECTION('',(0.,-0.640184399664,-0.768221279597));
#2567 = PCURVE('',#2208,#2568);
#2568 = DEFINITIONAL_REPRESENTATION('',(#2569),#2572);
#2569 = B_SPLINE_CURVE_WITH_KNOTS('',1,(#2570,#2571),.UNSPECIFIED.,.F.,
  .F.,(2,2),(-2.317731631625,4.135591221833),.PIECEWISE_BEZIER_KNOTS.);
#2570 = CARTESIAN_POINT('',(5.557579940138,-5.131316616782));
#2571 = CARTESIAN_POINT('',(0.6,-1.));
#2572 = ( GEOMETRIC_REPRESENTATION_CONTEXT(2) 
PARAMETRIC_REPRESENTATION_CONTEXT() REPRESENTATION_CONTEXT('2D SPACE',''
  ) );
#2573 = PCURVE('',#1211,#2574);
#2574 = DEFINITIONAL_REPRESENTATION('',(#2575),#2578);
#2575 = B_SPLINE_CURVE_WITH_KNOTS('',1,(#2576,#2577),.UNSPECIFIED.,.F.,
  .F.,(2,2),(-2.317731631625,4.135591221833),.PIECEWISE_BEZIER_KNOTS.);
#2576 = CARTESIAN_POINT('',(2.91897675763,-1.));
#2577 = CARTESIAN_POINT('',(9.372299611088,-1.));
#2578 = ( GEOMETRIC_REPRESENTATION_CONTEXT(2) 
PARAMETRIC_REPRESENTATION_CONTEXT() REPRESENTATION_CONTEXT('2D SPACE',''
  ) );
#2579 = ADVANCED_FACE('',(#2580),#2457,.F.);
#2580 = FACE_BOUND('',#2581,.T.);
#2581 = EDGE_LOOP('',(#2582,#2606,#2607,#2628));
#2582 = ORIENTED_EDGE('',*,*,#2583,.F.);
#2583 = EDGE_CURVE('',#2443,#2584,#2586,.T.);
#2584 = VERTEX_POINT('',#2585);
#2585 = CARTESIAN_POINT('',(15.,15.909526432791,13.904431804869));
#2586 = SURFACE_CURVE('',#2587,(#2592,#2599),.PCURVE_S1.);
#2587 = CIRCLE('',#2588,2.55);
#2588 = AXIS2_PLACEMENT_3D('',#2589,#2590,#2591);
#2589 = CARTESIAN_POINT('',(15.5,15.969136793311,11.404642492764));
#2590 = DIRECTION('',(0.,0.999715801672,2.383937680911E-02));
#2591 = DIRECTION('',(1.,0.,0.));
#2592 = PCURVE('',#2457,#2593);
#2593 = DEFINITIONAL_REPRESENTATION('',(#2594),#2598);
#2594 = CIRCLE('',#2595,2.55);
#2595 = AXIS2_PLACEMENT_2D('',#2596,#2597);
#2596 = CARTESIAN_POINT('',(0.,0.));
#2597 = DIRECTION('',(1.,0.));
#2598 = ( GEOMETRIC_REPRESENTATION_CONTEXT(2) 
PARAMETRIC_REPRESENTATION_CONTEXT() REPRESENTATION_CONTEXT('2D SPACE',''
  ) );
#2599 = PCURVE('',#1326,#2600);
#2600 = DEFINITIONAL_REPRESENTATION('',(#2601),#2605);
#2601 = LINE('',#2602,#2603);
#2602 = CARTESIAN_POINT('',(0.,0.));
#2603 = VECTOR('',#2604,1.);
#2604 = DIRECTION('',(1.,0.));
#2605 = ( GEOMETRIC_REPRESENTATION_CONTEXT(2) 
PARAMETRIC_REPRESENTATION_CONTEXT() REPRESENTATION_CONTEXT('2D SPACE',''
  ) );
#2606 = ORIENTED_EDGE('',*,*,#2442,.T.);
#2607 = ORIENTED_EDGE('',*,*,#2608,.T.);
#2608 = EDGE_CURVE('',#2420,#2609,#2611,.T.);
#2609 = VERTEX_POINT('',#2610);
#2610 = CARTESIAN_POINT('',(15.,15.943016729677,12.5));
#2611 = SURFACE_CURVE('',#2612,(#2616,#2622),.PCURVE_S1.);
#2612 = LINE('',#2613,#2614);
#2613 = CARTESIAN_POINT('',(14.5,15.943016729677,12.5));
#2614 = VECTOR('',#2615,1.);
#2615 = DIRECTION('',(1.,0.,0.));
#2616 = PCURVE('',#2457,#2617);
#2617 = DEFINITIONAL_REPRESENTATION('',(#2618),#2621);
#2618 = B_SPLINE_CURVE_WITH_KNOTS('',1,(#2619,#2620),.UNSPECIFIED.,.F.,
  .F.,(2,2),(-1.,0.5),.PIECEWISE_BEZIER_KNOTS.);
#2619 = CARTESIAN_POINT('',(-2.,-1.095668894504));
#2620 = CARTESIAN_POINT('',(-0.5,-1.095668894504));
#2621 = ( GEOMETRIC_REPRESENTATION_CONTEXT(2) 
PARAMETRIC_REPRESENTATION_CONTEXT() REPRESENTATION_CONTEXT('2D SPACE',''
  ) );
#2622 = PCURVE('',#2234,#2623);
#2623 = DEFINITIONAL_REPRESENTATION('',(#2624),#2627);
#2624 = B_SPLINE_CURVE_WITH_KNOTS('',1,(#2625,#2626),.UNSPECIFIED.,.F.,
  .F.,(2,2),(-1.,0.5),.PIECEWISE_BEZIER_KNOTS.);
#2625 = CARTESIAN_POINT('',(0.,3.943016729677));
#2626 = CARTESIAN_POINT('',(1.5,3.943016729677));
#2627 = ( GEOMETRIC_REPRESENTATION_CONTEXT(2) 
PARAMETRIC_REPRESENTATION_CONTEXT() REPRESENTATION_CONTEXT('2D SPACE',''
  ) );
#2628 = ORIENTED_EDGE('',*,*,#2629,.F.);
#2629 = EDGE_CURVE('',#2584,#2609,#2630,.T.);
#2630 = SURFACE_CURVE('',#2631,(#2635,#2641),.PCURVE_S1.);
#2631 = LINE('',#2632,#2633);
#2632 = CARTESIAN_POINT('',(15.,15.954956321969,11.999307419985));
#2633 = VECTOR('',#2634,1.);
#2634 = DIRECTION('',(0.,2.383937680911E-02,-0.999715801672));
#2635 = PCURVE('',#2457,#2636);
#2636 = DEFINITIONAL_REPRESENTATION('',(#2637),#2640);
#2637 = B_SPLINE_CURVE_WITH_KNOTS('',1,(#2638,#2639),.UNSPECIFIED.,.F.,
  .F.,(2,2),(-1.955166021956,-0.50083491646),.PIECEWISE_BEZIER_KNOTS.);
#2638 = CARTESIAN_POINT('',(-0.5,-2.55));
#2639 = CARTESIAN_POINT('',(-0.5,-1.095668894504));
#2640 = ( GEOMETRIC_REPRESENTATION_CONTEXT(2) 
PARAMETRIC_REPRESENTATION_CONTEXT() REPRESENTATION_CONTEXT('2D SPACE',''
  ) );
#2641 = PCURVE('',#2260,#2642);
#2642 = DEFINITIONAL_REPRESENTATION('',(#2643),#2646);
#2643 = B_SPLINE_CURVE_WITH_KNOTS('',1,(#2644,#2645),.UNSPECIFIED.,.F.,
  .F.,(2,2),(-1.955166021956,-0.50083491646),.PIECEWISE_BEZIER_KNOTS.);
#2644 = CARTESIAN_POINT('',(1.453917787028,-3.908346382447));
#2645 = CARTESIAN_POINT('',(1.110223024625E-16,-3.943016729677));
#2646 = ( GEOMETRIC_REPRESENTATION_CONTEXT(2) 
PARAMETRIC_REPRESENTATION_CONTEXT() REPRESENTATION_CONTEXT('2D SPACE',''
  ) );
#2647 = ADVANCED_FACE('',(#2648),#2234,.T.);
#2648 = FACE_BOUND('',#2649,.T.);
#2649 = EDGE_LOOP('',(#2650,#2651,#2652,#2673));
#2650 = ORIENTED_EDGE('',*,*,#2419,.F.);
#2651 = ORIENTED_EDGE('',*,*,#2219,.T.);
#2652 = ORIENTED_EDGE('',*,*,#2653,.T.);
#2653 = EDGE_CURVE('',#2220,#2609,#2654,.T.);
#2654 = SURFACE_CURVE('',#2655,(#2659,#2666),.PCURVE_S1.);
#2655 = LINE('',#2656,#2657);
#2656 = CARTESIAN_POINT('',(15.,12.,12.5));
#2657 = VECTOR('',#2658,1.);
#2658 = DIRECTION('',(0.,1.,0.));
#2659 = PCURVE('',#2234,#2660);
#2660 = DEFINITIONAL_REPRESENTATION('',(#2661),#2665);
#2661 = LINE('',#2662,#2663);
#2662 = CARTESIAN_POINT('',(1.5,0.));
#2663 = VECTOR('',#2664,1.);
#2664 = DIRECTION('',(0.,1.));
#2665 = ( GEOMETRIC_REPRESENTATION_CONTEXT(2) 
PARAMETRIC_REPRESENTATION_CONTEXT() REPRESENTATION_CONTEXT('2D SPACE',''
  ) );
#2666 = PCURVE('',#2260,#2667);
#2667 = DEFINITIONAL_REPRESENTATION('',(#2668),#2672);
#2668 = LINE('',#2669,#2670);
#2669 = CARTESIAN_POINT('',(0.,0.));
#2670 = VECTOR('',#2671,1.);
#2671 = DIRECTION('',(0.,-1.));
#2672 = ( GEOMETRIC_REPRESENTATION_CONTEXT(2) 
PARAMETRIC_REPRESENTATION_CONTEXT() REPRESENTATION_CONTEXT('2D SPACE',''
  ) );
#2673 = ORIENTED_EDGE('',*,*,#2608,.F.);
#2674 = ADVANCED_FACE('',(#2675),#2260,.F.);
#2675 = FACE_BOUND('',#2676,.F.);
#2676 = EDGE_LOOP('',(#2677,#2678,#2679,#2680,#2788));
#2677 = ORIENTED_EDGE('',*,*,#2245,.T.);
#2678 = ORIENTED_EDGE('',*,*,#2653,.T.);
#2679 = ORIENTED_EDGE('',*,*,#2629,.F.);
#2680 = ORIENTED_EDGE('',*,*,#2681,.T.);
#2681 = EDGE_CURVE('',#2584,#1253,#2682,.T.);
#2682 = SURFACE_CURVE('',#2683,(#2716,#2752),.PCURVE_S1.);
#2683 = B_SPLINE_CURVE_WITH_KNOTS('',7,(#2684,#2685,#2686,#2687,#2688,
    #2689,#2690,#2691,#2692,#2693,#2694,#2695,#2696,#2697,#2698,#2699,
    #2700,#2701,#2702,#2703,#2704,#2705,#2706,#2707,#2708,#2709,#2710,
    #2711,#2712,#2713,#2714,#2715),.UNSPECIFIED.,.F.,.F.,(8,6,6,6,6,8),(
    0.,4.5671001181E-02,9.115140975225E-02,0.379044024174,0.689365124757
    ,1.),.UNSPECIFIED.);
#2684 = CARTESIAN_POINT('',(15.,15.909526432791,13.904431804869));
#2685 = CARTESIAN_POINT('',(15.,15.908567046371,13.944664138619));
#2686 = CARTESIAN_POINT('',(15.,15.907807069099,13.984909329223));
#2687 = CARTESIAN_POINT('',(15.,15.907247198464,14.025165359262));
#2688 = CARTESIAN_POINT('',(15.,15.906888060842,14.06543029729));
#2689 = CARTESIAN_POINT('',(15.,15.906730211496,14.105702297841));
#2690 = CARTESIAN_POINT('',(15.,15.906774134578,14.145979601424));
#2691 = CARTESIAN_POINT('',(15.,15.907265324623,14.226373368652));
#2692 = CARTESIAN_POINT('',(15.,15.907710916167,14.266489782049));
#2693 = CARTESIAN_POINT('',(15.,15.908357430478,14.30660811016));
#2694 = CARTESIAN_POINT('',(15.,15.909205235405,14.346726731515));
#2695 = CARTESIAN_POINT('',(15.,15.910254653928,14.386844067726));
#2696 = CARTESIAN_POINT('',(15.,15.911505964156,14.426958583487));
#2697 = CARTESIAN_POINT('',(15.,15.922159696026,14.72096780802));
#2698 = CARTESIAN_POINT('',(15.,15.939458970464,14.97468864793));
#2699 = CARTESIAN_POINT('',(15.,15.964917653511,15.227862933382));
#2700 = CARTESIAN_POINT('',(15.,15.998539686921,15.480146482857));
#2701 = CARTESIAN_POINT('',(15.,16.040304911877,15.731205228595));
#2702 = CARTESIAN_POINT('',(15.,16.090169522749,15.980715554738));
#2703 = CARTESIAN_POINT('',(15.,16.210486455098,16.495300661761));
#2704 = CARTESIAN_POINT('',(15.,16.282239365916,16.760070854716));
#2705 = CARTESIAN_POINT('',(15.,16.363252501553,17.022269790481));
#2706 = CARTESIAN_POINT('',(15.,16.453421211844,17.281504214497));
#2707 = CARTESIAN_POINT('',(15.,16.552618301886,17.537388555691));
#2708 = CARTESIAN_POINT('',(15.,16.660695300478,17.789544364246));
#2709 = CARTESIAN_POINT('',(15.,16.894386034128,18.28590769772));
#2710 = CARTESIAN_POINT('',(15.,17.020018480972,18.530109033336));
#2711 = CARTESIAN_POINT('',(15.,17.154207982008,18.769832557662));
#2712 = CARTESIAN_POINT('',(15.,17.296764196503,19.004717541623));
#2713 = CARTESIAN_POINT('',(15.,17.447477635879,19.234414543572));
#2714 = CARTESIAN_POINT('',(15.,17.606119873801,19.45858535407));
#2715 = CARTESIAN_POINT('',(15.,17.772443756253,19.676902940655));
#2716 = PCURVE('',#2260,#2717);
#2717 = DEFINITIONAL_REPRESENTATION('',(#2718),#2751);
#2718 = B_SPLINE_CURVE_WITH_KNOTS('',7,(#2719,#2720,#2721,#2722,#2723,
    #2724,#2725,#2726,#2727,#2728,#2729,#2730,#2731,#2732,#2733,#2734,
    #2735,#2736,#2737,#2738,#2739,#2740,#2741,#2742,#2743,#2744,#2745,
    #2746,#2747,#2748,#2749,#2750),.UNSPECIFIED.,.F.,.F.,(8,6,6,6,6,8),(
    0.,4.5671001181E-02,9.115140975225E-02,0.379044024174,0.689365124757
    ,1.),.UNSPECIFIED.);
#2719 = CARTESIAN_POINT('',(1.404431804869,-3.909526432791));
#2720 = CARTESIAN_POINT('',(1.444664138619,-3.908567046371));
#2721 = CARTESIAN_POINT('',(1.484909329223,-3.907807069099));
#2722 = CARTESIAN_POINT('',(1.525165359262,-3.907247198464));
#2723 = CARTESIAN_POINT('',(1.56543029729,-3.906888060842));
#2724 = CARTESIAN_POINT('',(1.605702297841,-3.906730211496));
#2725 = CARTESIAN_POINT('',(1.645979601424,-3.906774134578));
#2726 = CARTESIAN_POINT('',(1.726373368652,-3.907265324623));
#2727 = CARTESIAN_POINT('',(1.766489782049,-3.907710916167));
#2728 = CARTESIAN_POINT('',(1.80660811016,-3.908357430478));
#2729 = CARTESIAN_POINT('',(1.846726731515,-3.909205235405));
#2730 = CARTESIAN_POINT('',(1.886844067726,-3.910254653928));
#2731 = CARTESIAN_POINT('',(1.926958583487,-3.911505964156));
#2732 = CARTESIAN_POINT('',(2.22096780802,-3.922159696026));
#2733 = CARTESIAN_POINT('',(2.47468864793,-3.939458970464));
#2734 = CARTESIAN_POINT('',(2.727862933382,-3.964917653511));
#2735 = CARTESIAN_POINT('',(2.980146482857,-3.998539686921));
#2736 = CARTESIAN_POINT('',(3.231205228595,-4.040304911877));
#2737 = CARTESIAN_POINT('',(3.480715554738,-4.090169522749));
#2738 = CARTESIAN_POINT('',(3.995300661761,-4.210486455098));
#2739 = CARTESIAN_POINT('',(4.260070854716,-4.282239365916));
#2740 = CARTESIAN_POINT('',(4.522269790481,-4.363252501553));
#2741 = CARTESIAN_POINT('',(4.781504214497,-4.453421211844));
#2742 = CARTESIAN_POINT('',(5.037388555691,-4.552618301886));
#2743 = CARTESIAN_POINT('',(5.289544364246,-4.660695300478));
#2744 = CARTESIAN_POINT('',(5.78590769772,-4.894386034128));
#2745 = CARTESIAN_POINT('',(6.030109033336,-5.020018480972));
#2746 = CARTESIAN_POINT('',(6.269832557662,-5.154207982008));
#2747 = CARTESIAN_POINT('',(6.504717541623,-5.296764196503));
#2748 = CARTESIAN_POINT('',(6.734414543572,-5.447477635879));
#2749 = CARTESIAN_POINT('',(6.95858535407,-5.606119873801));
#2750 = CARTESIAN_POINT('',(7.176902940655,-5.772443756253));
#2751 = ( GEOMETRIC_REPRESENTATION_CONTEXT(2) 
PARAMETRIC_REPRESENTATION_CONTEXT() REPRESENTATION_CONTEXT('2D SPACE',''
  ) );
#2752 = PCURVE('',#1326,#2753);
#2753 = DEFINITIONAL_REPRESENTATION('',(#2754),#2787);
#2754 = B_SPLINE_CURVE_WITH_KNOTS('',7,(#2755,#2756,#2757,#2758,#2759,
    #2760,#2761,#2762,#2763,#2764,#2765,#2766,#2767,#2768,#2769,#2770,
    #2771,#2772,#2773,#2774,#2775,#2776,#2777,#2778,#2779,#2780,#2781,
    #2782,#2783,#2784,#2785,#2786),.UNSPECIFIED.,.F.,.F.,(8,6,6,6,6,8),(
    0.,4.5671001181E-02,9.115140975225E-02,0.379044024174,0.689365124757
    ,1.),.UNSPECIFIED.);
#2755 = CARTESIAN_POINT('',(4.515031870834,0.));
#2756 = CARTESIAN_POINT('',(4.518126355337,4.336545885769E-03));
#2757 = CARTESIAN_POINT('',(4.521109768038,8.677093663719E-03));
#2758 = CARTESIAN_POINT('',(4.523988924762,1.302135974706E-02));
#2759 = CARTESIAN_POINT('',(4.526770088522,1.736908692186E-02));
#2760 = CARTESIAN_POINT('',(4.529458969518,2.172004434705E-02));
#2761 = CARTESIAN_POINT('',(4.532060725135,2.607402755442E-02));
#2762 = CARTESIAN_POINT('',(4.537088681582,3.476950756999E-02));
#2763 = CARTESIAN_POINT('',(4.539515636529,3.91109763552E-02));
#2764 = CARTESIAN_POINT('',(4.541865403768,4.345508658767E-02));
#2765 = CARTESIAN_POINT('',(4.544142216347,4.780167521188E-02));
#2766 = CARTESIAN_POINT('',(4.546349961386,5.21505943334E-02));
#2767 = CARTESIAN_POINT('',(4.548492180073,5.650171121889E-02));
#2768 = CARTESIAN_POINT('',(4.563737830578,8.841080163612E-02));
#2769 = CARTESIAN_POINT('',(4.574407100018,0.116049421371));
#2770 = CARTESIAN_POINT('',(4.583402576358,0.143741678989));
#2771 = CARTESIAN_POINT('',(4.591112770306,0.171474105158));
#2772 = CARTESIAN_POINT('',(4.597828527967,0.199236950239));
#2773 = CARTESIAN_POINT('',(4.60373714893,0.227024399303));
#2774 = CARTESIAN_POINT('',(4.614638366797,0.28480670748));
#2775 = CARTESIAN_POINT('',(4.619523551392,0.314804576185));
#2776 = CARTESIAN_POINT('',(4.623816625273,0.344820166145));
#2777 = CARTESIAN_POINT('',(4.62763023248,0.374850043003));
#2778 = CARTESIAN_POINT('',(4.631044175148,0.404891893215));
#2779 = CARTESIAN_POINT('',(4.634121759043,0.434943816639));
#2780 = CARTESIAN_POINT('',(4.639701661293,0.495094878826));
#2781 = CARTESIAN_POINT('',(4.642203748165,0.525194283379));
#2782 = CARTESIAN_POINT('',(4.644464039606,0.555300704351));
#2783 = CARTESIAN_POINT('',(4.646518250694,0.585413092158));
#2784 = CARTESIAN_POINT('',(4.648393307144,0.615530745869));
#2785 = CARTESIAN_POINT('',(4.650110319477,0.645653051837));
#2786 = CARTESIAN_POINT('',(4.651687557188,0.675779222332));
#2787 = ( GEOMETRIC_REPRESENTATION_CONTEXT(2) 
PARAMETRIC_REPRESENTATION_CONTEXT() REPRESENTATION_CONTEXT('2D SPACE',''
  ) );
#2788 = ORIENTED_EDGE('',*,*,#2789,.T.);
#2789 = EDGE_CURVE('',#1253,#2246,#2790,.T.);
#2790 = SURFACE_CURVE('',#2791,(#2795,#2801),.PCURVE_S1.);
#2791 = LINE('',#2792,#2793);
#2792 = CARTESIAN_POINT('',(15.,15.647540983607,16.277049180328));
#2793 = VECTOR('',#2794,1.);
#2794 = DIRECTION('',(0.,-0.640184399664,-0.768221279597));
#2795 = PCURVE('',#2260,#2796);
#2796 = DEFINITIONAL_REPRESENTATION('',(#2797),#2800);
#2797 = B_SPLINE_CURVE_WITH_KNOTS('',1,(#2798,#2799),.UNSPECIFIED.,.F.,
  .F.,(2,2),(-2.317731631625,4.135591221833),.PIECEWISE_BEZIER_KNOTS.);
#2798 = CARTESIAN_POINT('',(5.557579940138,-5.131316616782));
#2799 = CARTESIAN_POINT('',(0.6,-1.));
#2800 = ( GEOMETRIC_REPRESENTATION_CONTEXT(2) 
PARAMETRIC_REPRESENTATION_CONTEXT() REPRESENTATION_CONTEXT('2D SPACE',''
  ) );
#2801 = PCURVE('',#1439,#2802);
#2802 = DEFINITIONAL_REPRESENTATION('',(#2803),#2806);
#2803 = B_SPLINE_CURVE_WITH_KNOTS('',1,(#2804,#2805),.UNSPECIFIED.,.F.,
  .F.,(2,2),(-2.317731631625,4.135591221833),.PIECEWISE_BEZIER_KNOTS.);
#2804 = CARTESIAN_POINT('',(2.91897675763,-2.5));
#2805 = CARTESIAN_POINT('',(9.372299611088,-2.5));
#2806 = ( GEOMETRIC_REPRESENTATION_CONTEXT(2) 
PARAMETRIC_REPRESENTATION_CONTEXT() REPRESENTATION_CONTEXT('2D SPACE',''
  ) );
#2807 = ADVANCED_FACE('',(#2808),#2309,.T.);
#2808 = FACE_BOUND('',#2809,.T.);
#2809 = EDGE_LOOP('',(#2810,#2811,#2834,#2860,#2968));
#2810 = ORIENTED_EDGE('',*,*,#2294,.T.);
#2811 = ORIENTED_EDGE('',*,*,#2812,.T.);
#2812 = EDGE_CURVE('',#2295,#2813,#2815,.T.);
#2813 = VERTEX_POINT('',#2814);
#2814 = CARTESIAN_POINT('',(16.,15.943016729677,12.5));
#2815 = SURFACE_CURVE('',#2816,(#2820,#2827),.PCURVE_S1.);
#2816 = LINE('',#2817,#2818);
#2817 = CARTESIAN_POINT('',(16.,12.,12.5));
#2818 = VECTOR('',#2819,1.);
#2819 = DIRECTION('',(0.,1.,0.));
#2820 = PCURVE('',#2309,#2821);
#2821 = DEFINITIONAL_REPRESENTATION('',(#2822),#2826);
#2822 = LINE('',#2823,#2824);
#2823 = CARTESIAN_POINT('',(0.,0.));
#2824 = VECTOR('',#2825,1.);
#2825 = DIRECTION('',(0.,-1.));
#2826 = ( GEOMETRIC_REPRESENTATION_CONTEXT(2) 
PARAMETRIC_REPRESENTATION_CONTEXT() REPRESENTATION_CONTEXT('2D SPACE',''
  ) );
#2827 = PCURVE('',#2335,#2828);
#2828 = DEFINITIONAL_REPRESENTATION('',(#2829),#2833);
#2829 = LINE('',#2830,#2831);
#2830 = CARTESIAN_POINT('',(0.,0.));
#2831 = VECTOR('',#2832,1.);
#2832 = DIRECTION('',(0.,1.));
#2833 = ( GEOMETRIC_REPRESENTATION_CONTEXT(2) 
PARAMETRIC_REPRESENTATION_CONTEXT() REPRESENTATION_CONTEXT('2D SPACE',''
  ) );
#2834 = ORIENTED_EDGE('',*,*,#2835,.F.);
#2835 = EDGE_CURVE('',#2836,#2813,#2838,.T.);
#2836 = VERTEX_POINT('',#2837);
#2837 = CARTESIAN_POINT('',(16.,15.909526432791,13.904431804869));
#2838 = SURFACE_CURVE('',#2839,(#2843,#2849),.PCURVE_S1.);
#2839 = LINE('',#2840,#2841);
#2840 = CARTESIAN_POINT('',(16.,15.954956321969,11.999307419985));
#2841 = VECTOR('',#2842,1.);
#2842 = DIRECTION('',(0.,2.383937680911E-02,-0.999715801672));
#2843 = PCURVE('',#2309,#2844);
#2844 = DEFINITIONAL_REPRESENTATION('',(#2845),#2848);
#2845 = B_SPLINE_CURVE_WITH_KNOTS('',1,(#2846,#2847),.UNSPECIFIED.,.F.,
  .F.,(2,2),(-1.955166021956,-0.50083491646),.PIECEWISE_BEZIER_KNOTS.);
#2846 = CARTESIAN_POINT('',(1.453917787028,-3.908346382447));
#2847 = CARTESIAN_POINT('',(1.110223024625E-16,-3.943016729677));
#2848 = ( GEOMETRIC_REPRESENTATION_CONTEXT(2) 
PARAMETRIC_REPRESENTATION_CONTEXT() REPRESENTATION_CONTEXT('2D SPACE',''
  ) );
#2849 = PCURVE('',#2850,#2855);
#2850 = PLANE('',#2851);
#2851 = AXIS2_PLACEMENT_3D('',#2852,#2853,#2854);
#2852 = CARTESIAN_POINT('',(15.5,15.969136793311,11.404642492764));
#2853 = DIRECTION('',(0.,0.999715801672,2.383937680911E-02));
#2854 = DIRECTION('',(1.,0.,0.));
#2855 = DEFINITIONAL_REPRESENTATION('',(#2856),#2859);
#2856 = B_SPLINE_CURVE_WITH_KNOTS('',1,(#2857,#2858),.UNSPECIFIED.,.F.,
  .F.,(2,2),(-1.955166021956,-0.50083491646),.PIECEWISE_BEZIER_KNOTS.);
#2857 = CARTESIAN_POINT('',(0.5,-2.55));
#2858 = CARTESIAN_POINT('',(0.5,-1.095668894504));
#2859 = ( GEOMETRIC_REPRESENTATION_CONTEXT(2) 
PARAMETRIC_REPRESENTATION_CONTEXT() REPRESENTATION_CONTEXT('2D SPACE',''
  ) );
#2860 = ORIENTED_EDGE('',*,*,#2861,.T.);
#2861 = EDGE_CURVE('',#2836,#1366,#2862,.T.);
#2862 = SURFACE_CURVE('',#2863,(#2896,#2932),.PCURVE_S1.);
#2863 = B_SPLINE_CURVE_WITH_KNOTS('',7,(#2864,#2865,#2866,#2867,#2868,
    #2869,#2870,#2871,#2872,#2873,#2874,#2875,#2876,#2877,#2878,#2879,
    #2880,#2881,#2882,#2883,#2884,#2885,#2886,#2887,#2888,#2889,#2890,
    #2891,#2892,#2893,#2894,#2895),.UNSPECIFIED.,.F.,.F.,(8,6,6,6,6,8),(
    0.,4.56710011811E-02,9.115140975243E-02,0.379044024174,
    0.689365124758,1.),.UNSPECIFIED.);
#2864 = CARTESIAN_POINT('',(16.,15.909526432791,13.904431804869));
#2865 = CARTESIAN_POINT('',(16.,15.908567046371,13.944664138619));
#2866 = CARTESIAN_POINT('',(16.,15.907807069099,13.984909329223));
#2867 = CARTESIAN_POINT('',(16.,15.907247198464,14.025165359262));
#2868 = CARTESIAN_POINT('',(16.,15.906888060842,14.06543029729));
#2869 = CARTESIAN_POINT('',(16.,15.906730211496,14.105702297841));
#2870 = CARTESIAN_POINT('',(16.,15.906774134578,14.145979601424));
#2871 = CARTESIAN_POINT('',(16.,15.907265324623,14.226373368652));
#2872 = CARTESIAN_POINT('',(16.,15.907710916167,14.266489782049));
#2873 = CARTESIAN_POINT('',(16.,15.908357430478,14.30660811016));
#2874 = CARTESIAN_POINT('',(16.,15.909205235405,14.346726731515));
#2875 = CARTESIAN_POINT('',(16.,15.910254653928,14.386844067726));
#2876 = CARTESIAN_POINT('',(16.,15.911505964156,14.426958583487));
#2877 = CARTESIAN_POINT('',(16.,15.922159696026,14.720967808019));
#2878 = CARTESIAN_POINT('',(16.,15.939458970464,14.974688647932));
#2879 = CARTESIAN_POINT('',(16.,15.964917653511,15.227862933378));
#2880 = CARTESIAN_POINT('',(16.,15.998539686921,15.480146482859));
#2881 = CARTESIAN_POINT('',(16.,16.040304911877,15.731205228594));
#2882 = CARTESIAN_POINT('',(16.,16.090169522749,15.980715554739));
#2883 = CARTESIAN_POINT('',(16.,16.210486455098,16.495300661761));
#2884 = CARTESIAN_POINT('',(16.,16.282239365916,16.760070854716));
#2885 = CARTESIAN_POINT('',(16.,16.363252501553,17.02226979048));
#2886 = CARTESIAN_POINT('',(16.,16.453421211844,17.281504214497));
#2887 = CARTESIAN_POINT('',(16.,16.552618301886,17.537388555692));
#2888 = CARTESIAN_POINT('',(16.,16.660695300478,17.789544364246));
#2889 = CARTESIAN_POINT('',(16.,16.894386034128,18.28590769772));
#2890 = CARTESIAN_POINT('',(16.,17.020018480972,18.530109033336));
#2891 = CARTESIAN_POINT('',(16.,17.154207982008,18.769832557662));
#2892 = CARTESIAN_POINT('',(16.,17.296764196503,19.004717541623));
#2893 = CARTESIAN_POINT('',(16.,17.447477635879,19.234414543572));
#2894 = CARTESIAN_POINT('',(16.,17.606119873801,19.45858535407));
#2895 = CARTESIAN_POINT('',(16.,17.772443756253,19.676902940655));
#2896 = PCURVE('',#2309,#2897);
#2897 = DEFINITIONAL_REPRESENTATION('',(#2898),#2931);
#2898 = B_SPLINE_CURVE_WITH_KNOTS('',7,(#2899,#2900,#2901,#2902,#2903,
    #2904,#2905,#2906,#2907,#2908,#2909,#2910,#2911,#2912,#2913,#2914,
    #2915,#2916,#2917,#2918,#2919,#2920,#2921,#2922,#2923,#2924,#2925,
    #2926,#2927,#2928,#2929,#2930),.UNSPECIFIED.,.F.,.F.,(8,6,6,6,6,8),(
    0.,4.56710011811E-02,9.115140975243E-02,0.379044024174,
    0.689365124758,1.),.UNSPECIFIED.);
#2899 = CARTESIAN_POINT('',(1.404431804869,-3.909526432791));
#2900 = CARTESIAN_POINT('',(1.444664138619,-3.908567046371));
#2901 = CARTESIAN_POINT('',(1.484909329223,-3.907807069099));
#2902 = CARTESIAN_POINT('',(1.525165359262,-3.907247198464));
#2903 = CARTESIAN_POINT('',(1.56543029729,-3.906888060842));
#2904 = CARTESIAN_POINT('',(1.605702297841,-3.906730211496));
#2905 = CARTESIAN_POINT('',(1.645979601424,-3.906774134578));
#2906 = CARTESIAN_POINT('',(1.726373368652,-3.907265324623));
#2907 = CARTESIAN_POINT('',(1.766489782049,-3.907710916167));
#2908 = CARTESIAN_POINT('',(1.80660811016,-3.908357430478));
#2909 = CARTESIAN_POINT('',(1.846726731515,-3.909205235405));
#2910 = CARTESIAN_POINT('',(1.886844067726,-3.910254653928));
#2911 = CARTESIAN_POINT('',(1.926958583487,-3.911505964156));
#2912 = CARTESIAN_POINT('',(2.220967808019,-3.922159696026));
#2913 = CARTESIAN_POINT('',(2.474688647932,-3.939458970464));
#2914 = CARTESIAN_POINT('',(2.727862933378,-3.96491765351));
#2915 = CARTESIAN_POINT('',(2.980146482859,-3.998539686921));
#2916 = CARTESIAN_POINT('',(3.231205228594,-4.040304911877));
#2917 = CARTESIAN_POINT('',(3.480715554739,-4.090169522749));
#2918 = CARTESIAN_POINT('',(3.995300661761,-4.210486455098));
#2919 = CARTESIAN_POINT('',(4.260070854716,-4.282239365916));
#2920 = CARTESIAN_POINT('',(4.52226979048,-4.363252501553));
#2921 = CARTESIAN_POINT('',(4.781504214497,-4.453421211844));
#2922 = CARTESIAN_POINT('',(5.037388555692,-4.552618301886));
#2923 = CARTESIAN_POINT('',(5.289544364246,-4.660695300478));
#2924 = CARTESIAN_POINT('',(5.78590769772,-4.894386034128));
#2925 = CARTESIAN_POINT('',(6.030109033336,-5.020018480972));
#2926 = CARTESIAN_POINT('',(6.269832557662,-5.154207982008));
#2927 = CARTESIAN_POINT('',(6.504717541623,-5.296764196503));
#2928 = CARTESIAN_POINT('',(6.734414543572,-5.447477635879));
#2929 = CARTESIAN_POINT('',(6.95858535407,-5.606119873801));
#2930 = CARTESIAN_POINT('',(7.176902940655,-5.772443756253));
#2931 = ( GEOMETRIC_REPRESENTATION_CONTEXT(2) 
PARAMETRIC_REPRESENTATION_CONTEXT() REPRESENTATION_CONTEXT('2D SPACE',''
  ) );
#2932 = PCURVE('',#1554,#2933);
#2933 = DEFINITIONAL_REPRESENTATION('',(#2934),#2967);
#2934 = B_SPLINE_CURVE_WITH_KNOTS('',7,(#2935,#2936,#2937,#2938,#2939,
    #2940,#2941,#2942,#2943,#2944,#2945,#2946,#2947,#2948,#2949,#2950,
    #2951,#2952,#2953,#2954,#2955,#2956,#2957,#2958,#2959,#2960,#2961,
    #2962,#2963,#2964,#2965,#2966),.UNSPECIFIED.,.F.,.F.,(8,6,6,6,6,8),(
    0.,4.56710011811E-02,9.115140975243E-02,0.379044024174,
    0.689365124758,1.),.UNSPECIFIED.);
#2935 = CARTESIAN_POINT('',(4.909746089935,0.));
#2936 = CARTESIAN_POINT('',(4.906651605432,4.336545885769E-03));
#2937 = CARTESIAN_POINT('',(4.903668192731,8.67709366372E-03));
#2938 = CARTESIAN_POINT('',(4.900789036007,1.302135974706E-02));
#2939 = CARTESIAN_POINT('',(4.898007872247,1.736908692186E-02));
#2940 = CARTESIAN_POINT('',(4.895318991252,2.172004434705E-02));
#2941 = CARTESIAN_POINT('',(4.892717235634,2.607402755442E-02));
#2942 = CARTESIAN_POINT('',(4.887689279187,3.476950756999E-02));
#2943 = CARTESIAN_POINT('',(4.885262324241,3.91109763552E-02));
#2944 = CARTESIAN_POINT('',(4.882912557002,4.345508658767E-02));
#2945 = CARTESIAN_POINT('',(4.880635744422,4.780167521188E-02));
#2946 = CARTESIAN_POINT('',(4.878427999383,5.21505943334E-02));
#2947 = CARTESIAN_POINT('',(4.876285780697,5.650171121889E-02));
#2948 = CARTESIAN_POINT('',(4.861040130192,8.841080163606E-02));
#2949 = CARTESIAN_POINT('',(4.850370860752,0.116049421371));
#2950 = CARTESIAN_POINT('',(4.841375384412,0.143741678989));
#2951 = CARTESIAN_POINT('',(4.833665190464,0.171474105158));
#2952 = CARTESIAN_POINT('',(4.826949432802,0.199236950239));
#2953 = CARTESIAN_POINT('',(4.821040811839,0.227024399303));
#2954 = CARTESIAN_POINT('',(4.810139593973,0.28480670748));
#2955 = CARTESIAN_POINT('',(4.805254409378,0.314804576185));
#2956 = CARTESIAN_POINT('',(4.800961335496,0.344820166145));
#2957 = CARTESIAN_POINT('',(4.797147728289,0.374850043003));
#2958 = CARTESIAN_POINT('',(4.793733785622,0.404891893215));
#2959 = CARTESIAN_POINT('',(4.790656201726,0.434943816639));
#2960 = CARTESIAN_POINT('',(4.785076299476,0.495094878826));
#2961 = CARTESIAN_POINT('',(4.782574212605,0.525194283379));
#2962 = CARTESIAN_POINT('',(4.780313921164,0.555300704351));
#2963 = CARTESIAN_POINT('',(4.778259710075,0.585413092158));
#2964 = CARTESIAN_POINT('',(4.776384653625,0.615530745869));
#2965 = CARTESIAN_POINT('',(4.774667641292,0.645653051837));
#2966 = CARTESIAN_POINT('',(4.773090403581,0.675779222332));
#2967 = ( GEOMETRIC_REPRESENTATION_CONTEXT(2) 
PARAMETRIC_REPRESENTATION_CONTEXT() REPRESENTATION_CONTEXT('2D SPACE',''
  ) );
#2968 = ORIENTED_EDGE('',*,*,#2969,.T.);
#2969 = EDGE_CURVE('',#1366,#2272,#2970,.T.);
#2970 = SURFACE_CURVE('',#2971,(#2975,#2981),.PCURVE_S1.);
#2971 = LINE('',#2972,#2973);
#2972 = CARTESIAN_POINT('',(16.,15.647540983607,16.277049180328));
#2973 = VECTOR('',#2974,1.);
#2974 = DIRECTION('',(0.,-0.640184399664,-0.768221279597));
#2975 = PCURVE('',#2309,#2976);
#2976 = DEFINITIONAL_REPRESENTATION('',(#2977),#2980);
#2977 = B_SPLINE_CURVE_WITH_KNOTS('',1,(#2978,#2979),.UNSPECIFIED.,.F.,
  .F.,(2,2),(-2.317731631625,4.135591221833),.PIECEWISE_BEZIER_KNOTS.);
#2978 = CARTESIAN_POINT('',(5.557579940138,-5.131316616782));
#2979 = CARTESIAN_POINT('',(0.6,-1.));
#2980 = ( GEOMETRIC_REPRESENTATION_CONTEXT(2) 
PARAMETRIC_REPRESENTATION_CONTEXT() REPRESENTATION_CONTEXT('2D SPACE',''
  ) );
#2981 = PCURVE('',#1439,#2982);
#2982 = DEFINITIONAL_REPRESENTATION('',(#2983),#2986);
#2983 = B_SPLINE_CURVE_WITH_KNOTS('',1,(#2984,#2985),.UNSPECIFIED.,.F.,
  .F.,(2,2),(-2.317731631625,4.135591221833),.PIECEWISE_BEZIER_KNOTS.);
#2984 = CARTESIAN_POINT('',(2.91897675763,-3.5));
#2985 = CARTESIAN_POINT('',(9.372299611088,-3.5));
#2986 = ( GEOMETRIC_REPRESENTATION_CONTEXT(2) 
PARAMETRIC_REPRESENTATION_CONTEXT() REPRESENTATION_CONTEXT('2D SPACE',''
  ) );
#2987 = ADVANCED_FACE('',(#2988),#2850,.F.);
#2988 = FACE_BOUND('',#2989,.T.);
#2989 = EDGE_LOOP('',(#2990,#3014,#3015,#3036));
#2990 = ORIENTED_EDGE('',*,*,#2991,.F.);
#2991 = EDGE_CURVE('',#2836,#2992,#2994,.T.);
#2992 = VERTEX_POINT('',#2993);
#2993 = CARTESIAN_POINT('',(17.5,15.93142458698,12.986122113086));
#2994 = SURFACE_CURVE('',#2995,(#3000,#3007),.PCURVE_S1.);
#2995 = CIRCLE('',#2996,2.55);
#2996 = AXIS2_PLACEMENT_3D('',#2997,#2998,#2999);
#2997 = CARTESIAN_POINT('',(15.5,15.969136793311,11.404642492764));
#2998 = DIRECTION('',(0.,0.999715801672,2.383937680911E-02));
#2999 = DIRECTION('',(1.,0.,0.));
#3000 = PCURVE('',#2850,#3001);
#3001 = DEFINITIONAL_REPRESENTATION('',(#3002),#3006);
#3002 = CIRCLE('',#3003,2.55);
#3003 = AXIS2_PLACEMENT_2D('',#3004,#3005);
#3004 = CARTESIAN_POINT('',(0.,0.));
#3005 = DIRECTION('',(1.,0.));
#3006 = ( GEOMETRIC_REPRESENTATION_CONTEXT(2) 
PARAMETRIC_REPRESENTATION_CONTEXT() REPRESENTATION_CONTEXT('2D SPACE',''
  ) );
#3007 = PCURVE('',#1554,#3008);
#3008 = DEFINITIONAL_REPRESENTATION('',(#3009),#3013);
#3009 = LINE('',#3010,#3011);
#3010 = CARTESIAN_POINT('',(0.,0.));
#3011 = VECTOR('',#3012,1.);
#3012 = DIRECTION('',(1.,0.));
#3013 = ( GEOMETRIC_REPRESENTATION_CONTEXT(2) 
PARAMETRIC_REPRESENTATION_CONTEXT() REPRESENTATION_CONTEXT('2D SPACE',''
  ) );
#3014 = ORIENTED_EDGE('',*,*,#2835,.T.);
#3015 = ORIENTED_EDGE('',*,*,#3016,.T.);
#3016 = EDGE_CURVE('',#2813,#3017,#3019,.T.);
#3017 = VERTEX_POINT('',#3018);
#3018 = CARTESIAN_POINT('',(17.5,15.943016729677,12.5));
#3019 = SURFACE_CURVE('',#3020,(#3024,#3030),.PCURVE_S1.);
#3020 = LINE('',#3021,#3022);
#3021 = CARTESIAN_POINT('',(15.75,15.943016729677,12.5));
#3022 = VECTOR('',#3023,1.);
#3023 = DIRECTION('',(1.,0.,0.));
#3024 = PCURVE('',#2850,#3025);
#3025 = DEFINITIONAL_REPRESENTATION('',(#3026),#3029);
#3026 = B_SPLINE_CURVE_WITH_KNOTS('',1,(#3027,#3028),.UNSPECIFIED.,.F.,
  .F.,(2,2),(0.25,1.75),.PIECEWISE_BEZIER_KNOTS.);
#3027 = CARTESIAN_POINT('',(0.5,-1.095668894504));
#3028 = CARTESIAN_POINT('',(2.,-1.095668894504));
#3029 = ( GEOMETRIC_REPRESENTATION_CONTEXT(2) 
PARAMETRIC_REPRESENTATION_CONTEXT() REPRESENTATION_CONTEXT('2D SPACE',''
  ) );
#3030 = PCURVE('',#2335,#3031);
#3031 = DEFINITIONAL_REPRESENTATION('',(#3032),#3035);
#3032 = B_SPLINE_CURVE_WITH_KNOTS('',1,(#3033,#3034),.UNSPECIFIED.,.F.,
  .F.,(2,2),(0.25,1.75),.PIECEWISE_BEZIER_KNOTS.);
#3033 = CARTESIAN_POINT('',(0.,3.943016729677));
#3034 = CARTESIAN_POINT('',(1.5,3.943016729677));
#3035 = ( GEOMETRIC_REPRESENTATION_CONTEXT(2) 
PARAMETRIC_REPRESENTATION_CONTEXT() REPRESENTATION_CONTEXT('2D SPACE',''
  ) );
#3036 = ORIENTED_EDGE('',*,*,#3037,.F.);
#3037 = EDGE_CURVE('',#2992,#3017,#3038,.T.);
#3038 = SURFACE_CURVE('',#3039,(#3043,#3049),.PCURVE_S1.);
#3039 = LINE('',#3040,#3041);
#3040 = CARTESIAN_POINT('',(17.5,15.954956321969,11.999307419985));
#3041 = VECTOR('',#3042,1.);
#3042 = DIRECTION('',(0.,2.383937680911E-02,-0.999715801672));
#3043 = PCURVE('',#2850,#3044);
#3044 = DEFINITIONAL_REPRESENTATION('',(#3045),#3048);
#3045 = B_SPLINE_CURVE_WITH_KNOTS('',1,(#3046,#3047),.UNSPECIFIED.,.F.,
  .F.,(2,2),(-1.955166021956,-0.50083491646),.PIECEWISE_BEZIER_KNOTS.);
#3046 = CARTESIAN_POINT('',(2.,-2.55));
#3047 = CARTESIAN_POINT('',(2.,-1.095668894504));
#3048 = ( GEOMETRIC_REPRESENTATION_CONTEXT(2) 
PARAMETRIC_REPRESENTATION_CONTEXT() REPRESENTATION_CONTEXT('2D SPACE',''
  ) );
#3049 = PCURVE('',#2361,#3050);
#3050 = DEFINITIONAL_REPRESENTATION('',(#3051),#3054);
#3051 = B_SPLINE_CURVE_WITH_KNOTS('',1,(#3052,#3053),.UNSPECIFIED.,.F.,
  .F.,(2,2),(-1.955166021956,-0.50083491646),.PIECEWISE_BEZIER_KNOTS.);
#3052 = CARTESIAN_POINT('',(1.453917787028,-3.908346382447));
#3053 = CARTESIAN_POINT('',(1.110223024625E-16,-3.943016729677));
#3054 = ( GEOMETRIC_REPRESENTATION_CONTEXT(2) 
PARAMETRIC_REPRESENTATION_CONTEXT() REPRESENTATION_CONTEXT('2D SPACE',''
  ) );
#3055 = ADVANCED_FACE('',(#3056),#2335,.T.);
#3056 = FACE_BOUND('',#3057,.T.);
#3057 = EDGE_LOOP('',(#3058,#3059,#3060,#3081));
#3058 = ORIENTED_EDGE('',*,*,#2812,.F.);
#3059 = ORIENTED_EDGE('',*,*,#2320,.T.);
#3060 = ORIENTED_EDGE('',*,*,#3061,.T.);
#3061 = EDGE_CURVE('',#2321,#3017,#3062,.T.);
#3062 = SURFACE_CURVE('',#3063,(#3067,#3074),.PCURVE_S1.);
#3063 = LINE('',#3064,#3065);
#3064 = CARTESIAN_POINT('',(17.5,12.,12.5));
#3065 = VECTOR('',#3066,1.);
#3066 = DIRECTION('',(0.,1.,0.));
#3067 = PCURVE('',#2335,#3068);
#3068 = DEFINITIONAL_REPRESENTATION('',(#3069),#3073);
#3069 = LINE('',#3070,#3071);
#3070 = CARTESIAN_POINT('',(1.5,0.));
#3071 = VECTOR('',#3072,1.);
#3072 = DIRECTION('',(0.,1.));
#3073 = ( GEOMETRIC_REPRESENTATION_CONTEXT(2) 
PARAMETRIC_REPRESENTATION_CONTEXT() REPRESENTATION_CONTEXT('2D SPACE',''
  ) );
#3074 = PCURVE('',#2361,#3075);
#3075 = DEFINITIONAL_REPRESENTATION('',(#3076),#3080);
#3076 = LINE('',#3077,#3078);
#3077 = CARTESIAN_POINT('',(0.,0.));
#3078 = VECTOR('',#3079,1.);
#3079 = DIRECTION('',(0.,-1.));
#3080 = ( GEOMETRIC_REPRESENTATION_CONTEXT(2) 
PARAMETRIC_REPRESENTATION_CONTEXT() REPRESENTATION_CONTEXT('2D SPACE',''
  ) );
#3081 = ORIENTED_EDGE('',*,*,#3016,.F.);
#3082 = ADVANCED_FACE('',(#3083),#2361,.F.);
#3083 = FACE_BOUND('',#3084,.F.);
#3084 = EDGE_LOOP('',(#3085,#3086,#3087,#3088,#3181));
#3085 = ORIENTED_EDGE('',*,*,#2346,.T.);
#3086 = ORIENTED_EDGE('',*,*,#3061,.T.);
#3087 = ORIENTED_EDGE('',*,*,#3037,.F.);
#3088 = ORIENTED_EDGE('',*,*,#3089,.T.);
#3089 = EDGE_CURVE('',#2992,#1481,#3090,.T.);
#3090 = SURFACE_CURVE('',#3091,(#3119,#3150),.PCURVE_S1.);
#3091 = B_SPLINE_CURVE_WITH_KNOTS('',6,(#3092,#3093,#3094,#3095,#3096,
    #3097,#3098,#3099,#3100,#3101,#3102,#3103,#3104,#3105,#3106,#3107,
    #3108,#3109,#3110,#3111,#3112,#3113,#3114,#3115,#3116,#3117,#3118),
  .UNSPECIFIED.,.F.,.F.,(7,5,5,5,5,7),(0.,0.105177877374,0.165775730809,
    0.372646135891,0.69229419776,1.),.UNSPECIFIED.);
#3092 = CARTESIAN_POINT('',(17.5,15.93142458698,12.986122113086));
#3093 = CARTESIAN_POINT('',(17.5,15.928660407135,13.102039332376));
#3094 = CARTESIAN_POINT('',(17.5,15.926562682078,13.218621845034));
#3095 = CARTESIAN_POINT('',(17.5,15.925286991398,13.335789421974));
#3096 = CARTESIAN_POINT('',(17.5,15.924972668069,13.453454801516));
#3097 = CARTESIAN_POINT('',(17.5,15.925740808522,13.571531176603));
#3098 = CARTESIAN_POINT('',(17.5,15.928816617521,13.758160313944));
#3099 = CARTESIAN_POINT('',(17.5,15.930333845515,13.826491427672));
#3100 = CARTESIAN_POINT('',(17.5,15.932263294609,13.894918061192));
#3101 = CARTESIAN_POINT('',(17.5,15.934622464833,13.963425997319));
#3102 = CARTESIAN_POINT('',(17.5,15.937427028351,14.032001763711));
#3103 = CARTESIAN_POINT('',(17.5,15.951832871929,14.334926339631));
#3104 = CARTESIAN_POINT('',(17.5,15.9683267837,14.569849971434));
#3105 = CARTESIAN_POINT('',(17.5,15.990728675064,14.804922882679));
#3106 = CARTESIAN_POINT('',(17.5,16.01937367769,15.039722517176));
#3107 = CARTESIAN_POINT('',(17.5,16.05447745099,15.27388341816));
#3108 = CARTESIAN_POINT('',(17.5,16.160622259541,15.867405679773));
#3109 = CARTESIAN_POINT('',(17.5,16.24081968023,16.225412839549));
#3110 = CARTESIAN_POINT('',(17.5,16.337284477599,16.579862050564));
#3111 = CARTESIAN_POINT('',(17.5,16.450092458297,16.929637657535));
#3112 = CARTESIAN_POINT('',(17.5,16.579154032914,17.273654683316));
#3113 = CARTESIAN_POINT('',(17.5,16.863831632686,17.935459324928));
#3114 = CARTESIAN_POINT('',(17.5,17.01828106154,18.253758629204));
#3115 = CARTESIAN_POINT('',(17.5,17.187318482816,18.564813378458));
#3116 = CARTESIAN_POINT('',(17.5,17.370587912264,18.867736789988));
#3117 = CARTESIAN_POINT('',(17.5,17.567645770755,19.161675043577));
#3118 = CARTESIAN_POINT('',(17.5,17.777954415012,19.445810799158));
#3119 = PCURVE('',#2361,#3120);
#3120 = DEFINITIONAL_REPRESENTATION('',(#3121),#3149);
#3121 = B_SPLINE_CURVE_WITH_KNOTS('',6,(#3122,#3123,#3124,#3125,#3126,
    #3127,#3128,#3129,#3130,#3131,#3132,#3133,#3134,#3135,#3136,#3137,
    #3138,#3139,#3140,#3141,#3142,#3143,#3144,#3145,#3146,#3147,#3148),
  .UNSPECIFIED.,.F.,.F.,(7,5,5,5,5,7),(0.,0.105177877374,0.165775730809,
    0.372646135891,0.69229419776,1.),.UNSPECIFIED.);
#3122 = CARTESIAN_POINT('',(0.486122113086,-3.93142458698));
#3123 = CARTESIAN_POINT('',(0.602039332376,-3.928660407135));
#3124 = CARTESIAN_POINT('',(0.718621845034,-3.926562682078));
#3125 = CARTESIAN_POINT('',(0.835789421974,-3.925286991398));
#3126 = CARTESIAN_POINT('',(0.953454801516,-3.924972668069));
#3127 = CARTESIAN_POINT('',(1.071531176603,-3.925740808522));
#3128 = CARTESIAN_POINT('',(1.258160313944,-3.928816617521));
#3129 = CARTESIAN_POINT('',(1.326491427672,-3.930333845515));
#3130 = CARTESIAN_POINT('',(1.394918061192,-3.932263294609));
#3131 = CARTESIAN_POINT('',(1.463425997319,-3.934622464833));
#3132 = CARTESIAN_POINT('',(1.532001763711,-3.937427028351));
#3133 = CARTESIAN_POINT('',(1.834926339631,-3.951832871929));
#3134 = CARTESIAN_POINT('',(2.069849971434,-3.9683267837));
#3135 = CARTESIAN_POINT('',(2.304922882679,-3.990728675064));
#3136 = CARTESIAN_POINT('',(2.539722517176,-4.01937367769));
#3137 = CARTESIAN_POINT('',(2.77388341816,-4.05447745099));
#3138 = CARTESIAN_POINT('',(3.367405679773,-4.160622259541));
#3139 = CARTESIAN_POINT('',(3.725412839549,-4.24081968023));
#3140 = CARTESIAN_POINT('',(4.079862050564,-4.337284477599));
#3141 = CARTESIAN_POINT('',(4.429637657535,-4.450092458297));
#3142 = CARTESIAN_POINT('',(4.773654683316,-4.579154032914));
#3143 = CARTESIAN_POINT('',(5.435459324928,-4.863831632686));
#3144 = CARTESIAN_POINT('',(5.753758629204,-5.01828106154));
#3145 = CARTESIAN_POINT('',(6.064813378458,-5.187318482816));
#3146 = CARTESIAN_POINT('',(6.367736789988,-5.370587912264));
#3147 = CARTESIAN_POINT('',(6.661675043577,-5.567645770755));
#3148 = CARTESIAN_POINT('',(6.945810799158,-5.777954415012));
#3149 = ( GEOMETRIC_REPRESENTATION_CONTEXT(2) 
PARAMETRIC_REPRESENTATION_CONTEXT() REPRESENTATION_CONTEXT('2D SPACE',''
  ) );
#3150 = PCURVE('',#1554,#3151);
#3151 = DEFINITIONAL_REPRESENTATION('',(#3152),#3180);
#3152 = B_SPLINE_CURVE_WITH_KNOTS('',6,(#3153,#3154,#3155,#3156,#3157,
    #3158,#3159,#3160,#3161,#3162,#3163,#3164,#3165,#3166,#3167,#3168,
    #3169,#3170,#3171,#3172,#3173,#3174,#3175,#3176,#3177,#3178,#3179),
  .UNSPECIFIED.,.F.,.F.,(7,5,5,5,5,7),(0.,0.105177877374,0.165775730809,
    0.372646135891,0.69229419776,1.),.UNSPECIFIED.);
#3153 = CARTESIAN_POINT('',(5.613978088318,0.));
#3154 = CARTESIAN_POINT('',(5.578314828914,7.904544851228E-03));
#3155 = CARTESIAN_POINT('',(5.544866749448,1.628108053852E-02));
#3156 = CARTESIAN_POINT('',(5.513565005779,2.507922296296E-02));
#3157 = CARTESIAN_POINT('',(5.484288491236,3.425175712526E-02));
#3158 = CARTESIAN_POINT('',(5.456892270562,4.375611628934E-02));
#3159 = CARTESIAN_POINT('',(5.416454254407,5.920194868192E-02));
#3160 = CARTESIAN_POINT('',(5.402250008967,6.494608649831E-02));
#3161 = CARTESIAN_POINT('',(5.388595593497,7.078130081044E-02));
#3162 = CARTESIAN_POINT('',(5.375463986776,7.670119471899E-02));
#3163 = CARTESIAN_POINT('',(5.362828830411,8.269994820987E-02));
#3164 = CARTESIAN_POINT('',(5.309137303035,0.109502320275));
#3165 = CARTESIAN_POINT('',(5.273100606381,0.131089100199));
#3166 = CARTESIAN_POINT('',(5.241534661862,0.153325054646));
#3167 = CARTESIAN_POINT('',(5.213611514656,0.176072539731));
#3168 = CARTESIAN_POINT('',(5.188727417467,0.199234505297));
#3169 = CARTESIAN_POINT('',(5.131905459998,0.259060758052));
#3170 = CARTESIAN_POINT('',(5.103520024765,0.29620048491));
#3171 = CARTESIAN_POINT('',(5.079489612533,0.333896557085));
#3172 = CARTESIAN_POINT('',(5.058833042061,0.372020795149));
#3173 = CARTESIAN_POINT('',(5.040856636339,0.410480002501));
#3174 = CARTESIAN_POINT('',(5.009875012965,0.486491184958));
#3175 = CARTESIAN_POINT('',(4.996708124655,0.524024600187));
#3176 = CARTESIAN_POINT('',(4.985132096932,0.56175097135));
#3177 = CARTESIAN_POINT('',(4.974868410995,0.599635663743));
#3178 = CARTESIAN_POINT('',(4.965707644055,0.637652256483));
#3179 = CARTESIAN_POINT('',(4.957492354664,0.675779222332));
#3180 = ( GEOMETRIC_REPRESENTATION_CONTEXT(2) 
PARAMETRIC_REPRESENTATION_CONTEXT() REPRESENTATION_CONTEXT('2D SPACE',''
  ) );
#3181 = ORIENTED_EDGE('',*,*,#3182,.T.);
#3182 = EDGE_CURVE('',#1481,#2347,#3183,.T.);
#3183 = SURFACE_CURVE('',#3184,(#3188,#3194),.PCURVE_S1.);
#3184 = LINE('',#3185,#3186);
#3185 = CARTESIAN_POINT('',(17.5,15.647540983607,16.277049180328));
#3186 = VECTOR('',#3187,1.);
#3187 = DIRECTION('',(0.,-0.640184399664,-0.768221279597));
#3188 = PCURVE('',#2361,#3189);
#3189 = DEFINITIONAL_REPRESENTATION('',(#3190),#3193);
#3190 = B_SPLINE_CURVE_WITH_KNOTS('',1,(#3191,#3192),.UNSPECIFIED.,.F.,
  .F.,(2,2),(-2.317731631625,4.135591221833),.PIECEWISE_BEZIER_KNOTS.);
#3191 = CARTESIAN_POINT('',(5.557579940138,-5.131316616782));
#3192 = CARTESIAN_POINT('',(0.6,-1.));
#3193 = ( GEOMETRIC_REPRESENTATION_CONTEXT(2) 
PARAMETRIC_REPRESENTATION_CONTEXT() REPRESENTATION_CONTEXT('2D SPACE',''
  ) );
#3194 = PCURVE('',#1667,#3195);
#3195 = DEFINITIONAL_REPRESENTATION('',(#3196),#3199);
#3196 = B_SPLINE_CURVE_WITH_KNOTS('',1,(#3197,#3198),.UNSPECIFIED.,.F.,
  .F.,(2,2),(-2.317731631625,4.135591221833),.PIECEWISE_BEZIER_KNOTS.);
#3197 = CARTESIAN_POINT('',(2.91897675763,-5.));
#3198 = CARTESIAN_POINT('',(9.372299611088,-5.));
#3199 = ( GEOMETRIC_REPRESENTATION_CONTEXT(2) 
PARAMETRIC_REPRESENTATION_CONTEXT() REPRESENTATION_CONTEXT('2D SPACE',''
  ) );
#3200 = ADVANCED_FACE('',(#3201),#1996,.F.);
#3201 = FACE_BOUND('',#3202,.F.);
#3202 = EDGE_LOOP('',(#3203,#3204,#3205,#3228));
#3203 = ORIENTED_EDGE('',*,*,#2394,.T.);
#3204 = ORIENTED_EDGE('',*,*,#1980,.T.);
#3205 = ORIENTED_EDGE('',*,*,#3206,.F.);
#3206 = EDGE_CURVE('',#3207,#1981,#3209,.T.);
#3207 = VERTEX_POINT('',#3208);
#3208 = CARTESIAN_POINT('',(12.5,14.,5.5));
#3209 = SURFACE_CURVE('',#3210,(#3214,#3221),.PCURVE_S1.);
#3210 = LINE('',#3211,#3212);
#3211 = CARTESIAN_POINT('',(12.5,14.,5.5));
#3212 = VECTOR('',#3213,1.);
#3213 = DIRECTION('',(1.,0.,0.));
#3214 = PCURVE('',#1996,#3215);
#3215 = DEFINITIONAL_REPRESENTATION('',(#3216),#3220);
#3216 = LINE('',#3217,#3218);
#3217 = CARTESIAN_POINT('',(1.,0.));
#3218 = VECTOR('',#3219,1.);
#3219 = DIRECTION('',(0.,-1.));
#3220 = ( GEOMETRIC_REPRESENTATION_CONTEXT(2) 
PARAMETRIC_REPRESENTATION_CONTEXT() REPRESENTATION_CONTEXT('2D SPACE',''
  ) );
#3221 = PCURVE('',#2024,#3222);
#3222 = DEFINITIONAL_REPRESENTATION('',(#3223),#3227);
#3223 = LINE('',#3224,#3225);
#3224 = CARTESIAN_POINT('',(0.,0.));
#3225 = VECTOR('',#3226,1.);
#3226 = DIRECTION('',(0.,-1.));
#3227 = ( GEOMETRIC_REPRESENTATION_CONTEXT(2) 
PARAMETRIC_REPRESENTATION_CONTEXT() REPRESENTATION_CONTEXT('2D SPACE',''
  ) );
#3228 = ORIENTED_EDGE('',*,*,#3229,.F.);
#3229 = EDGE_CURVE('',#2148,#3207,#3230,.T.);
#3230 = SURFACE_CURVE('',#3231,(#3235,#3242),.PCURVE_S1.);
#3231 = LINE('',#3232,#3233);
#3232 = CARTESIAN_POINT('',(12.5,13.,5.5));
#3233 = VECTOR('',#3234,1.);
#3234 = DIRECTION('',(0.,1.,0.));
#3235 = PCURVE('',#1996,#3236);
#3236 = DEFINITIONAL_REPRESENTATION('',(#3237),#3241);
#3237 = LINE('',#3238,#3239);
#3238 = CARTESIAN_POINT('',(0.,0.));
#3239 = VECTOR('',#3240,1.);
#3240 = DIRECTION('',(1.,0.));
#3241 = ( GEOMETRIC_REPRESENTATION_CONTEXT(2) 
PARAMETRIC_REPRESENTATION_CONTEXT() REPRESENTATION_CONTEXT('2D SPACE',''
  ) );
#3242 = PCURVE('',#1098,#3243);
#3243 = DEFINITIONAL_REPRESENTATION('',(#3244),#3248);
#3244 = LINE('',#3245,#3246);
#3245 = CARTESIAN_POINT('',(-7.167788432263,2.839475216591));
#3246 = VECTOR('',#3247,1.);
#3247 = DIRECTION('',(0.,-1.));
#3248 = ( GEOMETRIC_REPRESENTATION_CONTEXT(2) 
PARAMETRIC_REPRESENTATION_CONTEXT() REPRESENTATION_CONTEXT('2D SPACE',''
  ) );
#3249 = ADVANCED_FACE('',(#3250),#2024,.F.);
#3250 = FACE_BOUND('',#3251,.F.);
#3251 = EDGE_LOOP('',(#3252,#3253,#3254,#3277));
#3252 = ORIENTED_EDGE('',*,*,#3206,.T.);
#3253 = ORIENTED_EDGE('',*,*,#2008,.T.);
#3254 = ORIENTED_EDGE('',*,*,#3255,.F.);
#3255 = EDGE_CURVE('',#3256,#2009,#3258,.T.);
#3256 = VERTEX_POINT('',#3257);
#3257 = CARTESIAN_POINT('',(12.5,15.,9.));
#3258 = SURFACE_CURVE('',#3259,(#3263,#3270),.PCURVE_S1.);
#3259 = LINE('',#3260,#3261);
#3260 = CARTESIAN_POINT('',(12.5,15.,9.));
#3261 = VECTOR('',#3262,1.);
#3262 = DIRECTION('',(1.,0.,0.));
#3263 = PCURVE('',#2024,#3264);
#3264 = DEFINITIONAL_REPRESENTATION('',(#3265),#3269);
#3265 = LINE('',#3266,#3267);
#3266 = CARTESIAN_POINT('',(3.64005494464,0.));
#3267 = VECTOR('',#3268,1.);
#3268 = DIRECTION('',(0.,-1.));
#3269 = ( GEOMETRIC_REPRESENTATION_CONTEXT(2) 
PARAMETRIC_REPRESENTATION_CONTEXT() REPRESENTATION_CONTEXT('2D SPACE',''
  ) );
#3270 = PCURVE('',#2052,#3271);
#3271 = DEFINITIONAL_REPRESENTATION('',(#3272),#3276);
#3272 = LINE('',#3273,#3274);
#3273 = CARTESIAN_POINT('',(0.,0.));
#3274 = VECTOR('',#3275,1.);
#3275 = DIRECTION('',(0.,-1.));
#3276 = ( GEOMETRIC_REPRESENTATION_CONTEXT(2) 
PARAMETRIC_REPRESENTATION_CONTEXT() REPRESENTATION_CONTEXT('2D SPACE',''
  ) );
#3277 = ORIENTED_EDGE('',*,*,#3278,.F.);
#3278 = EDGE_CURVE('',#3207,#3256,#3279,.T.);
#3279 = SURFACE_CURVE('',#3280,(#3284,#3291),.PCURVE_S1.);
#3280 = LINE('',#3281,#3282);
#3281 = CARTESIAN_POINT('',(12.5,14.,5.5));
#3282 = VECTOR('',#3283,1.);
#3283 = DIRECTION('',(0.,0.274721127897,0.961523947641));
#3284 = PCURVE('',#2024,#3285);
#3285 = DEFINITIONAL_REPRESENTATION('',(#3286),#3290);
#3286 = LINE('',#3287,#3288);
#3287 = CARTESIAN_POINT('',(0.,0.));
#3288 = VECTOR('',#3289,1.);
#3289 = DIRECTION('',(1.,0.));
#3290 = ( GEOMETRIC_REPRESENTATION_CONTEXT(2) 
PARAMETRIC_REPRESENTATION_CONTEXT() REPRESENTATION_CONTEXT('2D SPACE',''
  ) );
#3291 = PCURVE('',#1098,#3292);
#3292 = DEFINITIONAL_REPRESENTATION('',(#3293),#3297);
#3293 = LINE('',#3294,#3295);
#3294 = CARTESIAN_POINT('',(-7.167788432263,1.839475216591));
#3295 = VECTOR('',#3296,1.);
#3296 = DIRECTION('',(0.961523947641,-0.274721127897));
#3297 = ( GEOMETRIC_REPRESENTATION_CONTEXT(2) 
PARAMETRIC_REPRESENTATION_CONTEXT() REPRESENTATION_CONTEXT('2D SPACE',''
  ) );
#3298 = ADVANCED_FACE('',(#3299),#2052,.F.);
#3299 = FACE_BOUND('',#3300,.F.);
#3300 = EDGE_LOOP('',(#3301,#3302,#3303,#3326));
#3301 = ORIENTED_EDGE('',*,*,#3255,.T.);
#3302 = ORIENTED_EDGE('',*,*,#2036,.T.);
#3303 = ORIENTED_EDGE('',*,*,#3304,.F.);
#3304 = EDGE_CURVE('',#3305,#2037,#3307,.T.);
#3305 = VERTEX_POINT('',#3306);
#3306 = CARTESIAN_POINT('',(12.5,15.,9.5));
#3307 = SURFACE_CURVE('',#3308,(#3312,#3319),.PCURVE_S1.);
#3308 = LINE('',#3309,#3310);
#3309 = CARTESIAN_POINT('',(12.5,15.,9.5));
#3310 = VECTOR('',#3311,1.);
#3311 = DIRECTION('',(1.,0.,0.));
#3312 = PCURVE('',#2052,#3313);
#3313 = DEFINITIONAL_REPRESENTATION('',(#3314),#3318);
#3314 = LINE('',#3315,#3316);
#3315 = CARTESIAN_POINT('',(0.5,0.));
#3316 = VECTOR('',#3317,1.);
#3317 = DIRECTION('',(0.,-1.));
#3318 = ( GEOMETRIC_REPRESENTATION_CONTEXT(2) 
PARAMETRIC_REPRESENTATION_CONTEXT() REPRESENTATION_CONTEXT('2D SPACE',''
  ) );
#3319 = PCURVE('',#2080,#3320);
#3320 = DEFINITIONAL_REPRESENTATION('',(#3321),#3325);
#3321 = LINE('',#3322,#3323);
#3322 = CARTESIAN_POINT('',(0.,0.));
#3323 = VECTOR('',#3324,1.);
#3324 = DIRECTION('',(0.,-1.));
#3325 = ( GEOMETRIC_REPRESENTATION_CONTEXT(2) 
PARAMETRIC_REPRESENTATION_CONTEXT() REPRESENTATION_CONTEXT('2D SPACE',''
  ) );
#3326 = ORIENTED_EDGE('',*,*,#3327,.F.);
#3327 = EDGE_CURVE('',#3256,#3305,#3328,.T.);
#3328 = SURFACE_CURVE('',#3329,(#3333,#3340),.PCURVE_S1.);
#3329 = LINE('',#3330,#3331);
#3330 = CARTESIAN_POINT('',(12.5,15.,9.));
#3331 = VECTOR('',#3332,1.);
#3332 = DIRECTION('',(0.,0.,1.));
#3333 = PCURVE('',#2052,#3334);
#3334 = DEFINITIONAL_REPRESENTATION('',(#3335),#3339);
#3335 = LINE('',#3336,#3337);
#3336 = CARTESIAN_POINT('',(0.,0.));
#3337 = VECTOR('',#3338,1.);
#3338 = DIRECTION('',(1.,0.));
#3339 = ( GEOMETRIC_REPRESENTATION_CONTEXT(2) 
PARAMETRIC_REPRESENTATION_CONTEXT() REPRESENTATION_CONTEXT('2D SPACE',''
  ) );
#3340 = PCURVE('',#1098,#3341);
#3341 = DEFINITIONAL_REPRESENTATION('',(#3342),#3346);
#3342 = LINE('',#3343,#3344);
#3343 = CARTESIAN_POINT('',(-3.667788432263,0.839475216591));
#3344 = VECTOR('',#3345,1.);
#3345 = DIRECTION('',(1.,0.));
#3346 = ( GEOMETRIC_REPRESENTATION_CONTEXT(2) 
PARAMETRIC_REPRESENTATION_CONTEXT() REPRESENTATION_CONTEXT('2D SPACE',''
  ) );
#3347 = ADVANCED_FACE('',(#3348),#2080,.F.);
#3348 = FACE_BOUND('',#3349,.F.);
#3349 = EDGE_LOOP('',(#3350,#3351,#3352,#3375));
#3350 = ORIENTED_EDGE('',*,*,#3304,.T.);
#3351 = ORIENTED_EDGE('',*,*,#2064,.T.);
#3352 = ORIENTED_EDGE('',*,*,#3353,.F.);
#3353 = EDGE_CURVE('',#3354,#2065,#3356,.T.);
#3354 = VERTEX_POINT('',#3355);
#3355 = CARTESIAN_POINT('',(12.5,14.3,9.5));
#3356 = SURFACE_CURVE('',#3357,(#3361,#3368),.PCURVE_S1.);
#3357 = LINE('',#3358,#3359);
#3358 = CARTESIAN_POINT('',(12.5,14.3,9.5));
#3359 = VECTOR('',#3360,1.);
#3360 = DIRECTION('',(1.,0.,0.));
#3361 = PCURVE('',#2080,#3362);
#3362 = DEFINITIONAL_REPRESENTATION('',(#3363),#3367);
#3363 = LINE('',#3364,#3365);
#3364 = CARTESIAN_POINT('',(0.7,0.));
#3365 = VECTOR('',#3366,1.);
#3366 = DIRECTION('',(0.,-1.));
#3367 = ( GEOMETRIC_REPRESENTATION_CONTEXT(2) 
PARAMETRIC_REPRESENTATION_CONTEXT() REPRESENTATION_CONTEXT('2D SPACE',''
  ) );
#3368 = PCURVE('',#2108,#3369);
#3369 = DEFINITIONAL_REPRESENTATION('',(#3370),#3374);
#3370 = LINE('',#3371,#3372);
#3371 = CARTESIAN_POINT('',(0.,0.));
#3372 = VECTOR('',#3373,1.);
#3373 = DIRECTION('',(0.,-1.));
#3374 = ( GEOMETRIC_REPRESENTATION_CONTEXT(2) 
PARAMETRIC_REPRESENTATION_CONTEXT() REPRESENTATION_CONTEXT('2D SPACE',''
  ) );
#3375 = ORIENTED_EDGE('',*,*,#3376,.F.);
#3376 = EDGE_CURVE('',#3305,#3354,#3377,.T.);
#3377 = SURFACE_CURVE('',#3378,(#3382,#3389),.PCURVE_S1.);
#3378 = LINE('',#3379,#3380);
#3379 = CARTESIAN_POINT('',(12.5,15.,9.5));
#3380 = VECTOR('',#3381,1.);
#3381 = DIRECTION('',(0.,-1.,0.));
#3382 = PCURVE('',#2080,#3383);
#3383 = DEFINITIONAL_REPRESENTATION('',(#3384),#3388);
#3384 = LINE('',#3385,#3386);
#3385 = CARTESIAN_POINT('',(0.,0.));
#3386 = VECTOR('',#3387,1.);
#3387 = DIRECTION('',(1.,0.));
#3388 = ( GEOMETRIC_REPRESENTATION_CONTEXT(2) 
PARAMETRIC_REPRESENTATION_CONTEXT() REPRESENTATION_CONTEXT('2D SPACE',''
  ) );
#3389 = PCURVE('',#1098,#3390);
#3390 = DEFINITIONAL_REPRESENTATION('',(#3391),#3395);
#3391 = LINE('',#3392,#3393);
#3392 = CARTESIAN_POINT('',(-3.167788432263,0.839475216591));
#3393 = VECTOR('',#3394,1.);
#3394 = DIRECTION('',(0.,1.));
#3395 = ( GEOMETRIC_REPRESENTATION_CONTEXT(2) 
PARAMETRIC_REPRESENTATION_CONTEXT() REPRESENTATION_CONTEXT('2D SPACE',''
  ) );
#3396 = ADVANCED_FACE('',(#3397),#2108,.F.);
#3397 = FACE_BOUND('',#3398,.F.);
#3398 = EDGE_LOOP('',(#3399,#3400,#3401,#3424));
#3399 = ORIENTED_EDGE('',*,*,#3353,.T.);
#3400 = ORIENTED_EDGE('',*,*,#2092,.T.);
#3401 = ORIENTED_EDGE('',*,*,#3402,.F.);
#3402 = EDGE_CURVE('',#3403,#2093,#3405,.T.);
#3403 = VERTEX_POINT('',#3404);
#3404 = CARTESIAN_POINT('',(12.5,14.3,11.5));
#3405 = SURFACE_CURVE('',#3406,(#3410,#3417),.PCURVE_S1.);
#3406 = LINE('',#3407,#3408);
#3407 = CARTESIAN_POINT('',(12.5,14.3,11.5));
#3408 = VECTOR('',#3409,1.);
#3409 = DIRECTION('',(1.,0.,0.));
#3410 = PCURVE('',#2108,#3411);
#3411 = DEFINITIONAL_REPRESENTATION('',(#3412),#3416);
#3412 = LINE('',#3413,#3414);
#3413 = CARTESIAN_POINT('',(2.,0.));
#3414 = VECTOR('',#3415,1.);
#3415 = DIRECTION('',(0.,-1.));
#3416 = ( GEOMETRIC_REPRESENTATION_CONTEXT(2) 
PARAMETRIC_REPRESENTATION_CONTEXT() REPRESENTATION_CONTEXT('2D SPACE',''
  ) );
#3417 = PCURVE('',#91,#3418);
#3418 = DEFINITIONAL_REPRESENTATION('',(#3419),#3423);
#3419 = LINE('',#3420,#3421);
#3420 = CARTESIAN_POINT('',(-3.668,-12.5));
#3421 = VECTOR('',#3422,1.);
#3422 = DIRECTION('',(0.,-1.));
#3423 = ( GEOMETRIC_REPRESENTATION_CONTEXT(2) 
PARAMETRIC_REPRESENTATION_CONTEXT() REPRESENTATION_CONTEXT('2D SPACE',''
  ) );
#3424 = ORIENTED_EDGE('',*,*,#3425,.F.);
#3425 = EDGE_CURVE('',#3354,#3403,#3426,.T.);
#3426 = SURFACE_CURVE('',#3427,(#3431,#3438),.PCURVE_S1.);
#3427 = LINE('',#3428,#3429);
#3428 = CARTESIAN_POINT('',(12.5,14.3,9.5));
#3429 = VECTOR('',#3430,1.);
#3430 = DIRECTION('',(0.,0.,1.));
#3431 = PCURVE('',#2108,#3432);
#3432 = DEFINITIONAL_REPRESENTATION('',(#3433),#3437);
#3433 = LINE('',#3434,#3435);
#3434 = CARTESIAN_POINT('',(0.,0.));
#3435 = VECTOR('',#3436,1.);
#3436 = DIRECTION('',(1.,0.));
#3437 = ( GEOMETRIC_REPRESENTATION_CONTEXT(2) 
PARAMETRIC_REPRESENTATION_CONTEXT() REPRESENTATION_CONTEXT('2D SPACE',''
  ) );
#3438 = PCURVE('',#1098,#3439);
#3439 = DEFINITIONAL_REPRESENTATION('',(#3440),#3444);
#3440 = LINE('',#3441,#3442);
#3441 = CARTESIAN_POINT('',(-3.167788432263,1.539475216591));
#3442 = VECTOR('',#3443,1.);
#3443 = DIRECTION('',(1.,0.));
#3444 = ( GEOMETRIC_REPRESENTATION_CONTEXT(2) 
PARAMETRIC_REPRESENTATION_CONTEXT() REPRESENTATION_CONTEXT('2D SPACE',''
  ) );
#3445 = ADVANCED_FACE('',(#3446),#1667,.F.);
#3446 = FACE_BOUND('',#3447,.F.);
#3447 = EDGE_LOOP('',(#3448,#3449,#3450,#3451));
#3448 = ORIENTED_EDGE('',*,*,#3182,.F.);
#3449 = ORIENTED_EDGE('',*,*,#1593,.F.);
#3450 = ORIENTED_EDGE('',*,*,#1929,.T.);
#3451 = ORIENTED_EDGE('',*,*,#2372,.F.);
#3452 = ADVANCED_FACE('',(#3453),#1554,.T.);
#3453 = FACE_BOUND('',#3454,.T.);
#3454 = EDGE_LOOP('',(#3455,#3456,#3457,#3458));
#3455 = ORIENTED_EDGE('',*,*,#2861,.F.);
#3456 = ORIENTED_EDGE('',*,*,#2991,.T.);
#3457 = ORIENTED_EDGE('',*,*,#3089,.T.);
#3458 = ORIENTED_EDGE('',*,*,#1480,.T.);
#3459 = ADVANCED_FACE('',(#3460),#1439,.F.);
#3460 = FACE_BOUND('',#3461,.F.);
#3461 = EDGE_LOOP('',(#3462,#3463,#3464,#3465));
#3462 = ORIENTED_EDGE('',*,*,#2789,.F.);
#3463 = ORIENTED_EDGE('',*,*,#1365,.F.);
#3464 = ORIENTED_EDGE('',*,*,#2969,.T.);
#3465 = ORIENTED_EDGE('',*,*,#2271,.F.);
#3466 = ADVANCED_FACE('',(#3467),#1326,.T.);
#3467 = FACE_BOUND('',#3468,.T.);
#3468 = EDGE_LOOP('',(#3469,#3470,#3471,#3472));
#3469 = ORIENTED_EDGE('',*,*,#2468,.F.);
#3470 = ORIENTED_EDGE('',*,*,#2583,.T.);
#3471 = ORIENTED_EDGE('',*,*,#2681,.T.);
#3472 = ORIENTED_EDGE('',*,*,#1252,.T.);
#3473 = ADVANCED_FACE('',(#3474),#1211,.F.);
#3474 = FACE_BOUND('',#3475,.F.);
#3475 = EDGE_LOOP('',(#3476,#3497,#3498,#3499));
#3476 = ORIENTED_EDGE('',*,*,#3477,.F.);
#3477 = EDGE_CURVE('',#1029,#2146,#3478,.T.);
#3478 = SURFACE_CURVE('',#3479,(#3483,#3490),.PCURVE_S1.);
#3479 = LINE('',#3480,#3481);
#3480 = CARTESIAN_POINT('',(12.5,19.,20.3));
#3481 = VECTOR('',#3482,1.);
#3482 = DIRECTION('',(0.,-0.640184399664,-0.768221279597));
#3483 = PCURVE('',#1211,#3484);
#3484 = DEFINITIONAL_REPRESENTATION('',(#3485),#3489);
#3485 = LINE('',#3486,#3487);
#3486 = CARTESIAN_POINT('',(0.,0.));
#3487 = VECTOR('',#3488,1.);
#3488 = DIRECTION('',(1.,0.));
#3489 = ( GEOMETRIC_REPRESENTATION_CONTEXT(2) 
PARAMETRIC_REPRESENTATION_CONTEXT() REPRESENTATION_CONTEXT('2D SPACE',''
  ) );
#3490 = PCURVE('',#1098,#3491);
#3491 = DEFINITIONAL_REPRESENTATION('',(#3492),#3496);
#3492 = LINE('',#3493,#3494);
#3493 = CARTESIAN_POINT('',(7.632211567737,-3.160524783409));
#3494 = VECTOR('',#3495,1.);
#3495 = DIRECTION('',(-0.768221279597,0.640184399664));
#3496 = ( GEOMETRIC_REPRESENTATION_CONTEXT(2) 
PARAMETRIC_REPRESENTATION_CONTEXT() REPRESENTATION_CONTEXT('2D SPACE',''
  ) );
#3497 = ORIENTED_EDGE('',*,*,#1137,.F.);
#3498 = ORIENTED_EDGE('',*,*,#2561,.T.);
#3499 = ORIENTED_EDGE('',*,*,#2170,.F.);
#3500 = ADVANCED_FACE('',(#3501),#1098,.F.);
#3501 = FACE_BOUND('',#3502,.F.);
#3502 = EDGE_LOOP('',(#3503,#3504,#3505,#3506,#3507,#3508,#3509,#3510,
    #3531));
#3503 = ORIENTED_EDGE('',*,*,#3477,.T.);
#3504 = ORIENTED_EDGE('',*,*,#2145,.T.);
#3505 = ORIENTED_EDGE('',*,*,#3229,.T.);
#3506 = ORIENTED_EDGE('',*,*,#3278,.T.);
#3507 = ORIENTED_EDGE('',*,*,#3327,.T.);
#3508 = ORIENTED_EDGE('',*,*,#3376,.T.);
#3509 = ORIENTED_EDGE('',*,*,#3425,.T.);
#3510 = ORIENTED_EDGE('',*,*,#3511,.T.);
#3511 = EDGE_CURVE('',#3403,#919,#3512,.T.);
#3512 = SURFACE_CURVE('',#3513,(#3517,#3524),.PCURVE_S1.);
#3513 = LINE('',#3514,#3515);
#3514 = CARTESIAN_POINT('',(12.5,14.3,11.5));
#3515 = VECTOR('',#3516,1.);
#3516 = DIRECTION('',(0.,1.,0.));
#3517 = PCURVE('',#1098,#3518);
#3518 = DEFINITIONAL_REPRESENTATION('',(#3519),#3523);
#3519 = LINE('',#3520,#3521);
#3520 = CARTESIAN_POINT('',(-1.167788432263,1.539475216591));
#3521 = VECTOR('',#3522,1.);
#3522 = DIRECTION('',(0.,-1.));
#3523 = ( GEOMETRIC_REPRESENTATION_CONTEXT(2) 
PARAMETRIC_REPRESENTATION_CONTEXT() REPRESENTATION_CONTEXT('2D SPACE',''
  ) );
#3524 = PCURVE('',#91,#3525);
#3525 = DEFINITIONAL_REPRESENTATION('',(#3526),#3530);
#3526 = LINE('',#3527,#3528);
#3527 = CARTESIAN_POINT('',(-3.668,-12.5));
#3528 = VECTOR('',#3529,1.);
#3529 = DIRECTION('',(1.,0.));
#3530 = ( GEOMETRIC_REPRESENTATION_CONTEXT(2) 
PARAMETRIC_REPRESENTATION_CONTEXT() REPRESENTATION_CONTEXT('2D SPACE',''
  ) );
#3531 = ORIENTED_EDGE('',*,*,#1028,.F.);
#3532 = ADVANCED_FACE('',(#3533),#584,.F.);
#3533 = FACE_BOUND('',#3534,.F.);
#3534 = EDGE_LOOP('',(#3535,#3563,#3591,#3617,#3643,#3669,#3697,#3723,
    #3749,#3775,#3803,#3829,#3855,#3876,#3877,#3878,#3879,#3880));
#3535 = ORIENTED_EDGE('',*,*,#3536,.F.);
#3536 = EDGE_CURVE('',#3537,#3539,#3541,.T.);
#3537 = VERTEX_POINT('',#3538);
#3538 = CARTESIAN_POINT('',(1.,17.661,29.836));
#3539 = VERTEX_POINT('',#3540);
#3540 = CARTESIAN_POINT('',(1.,17.699312072893,26.5));
#3541 = SURFACE_CURVE('',#3542,(#3546,#3552),.PCURVE_S1.);
#3542 = LINE('',#3543,#3544);
#3543 = CARTESIAN_POINT('',(1.,17.680043988194,28.177756532135));
#3544 = VECTOR('',#3545,1.);
#3545 = DIRECTION('',(0.,1.14836770415E-02,-0.999934060407));
#3546 = PCURVE('',#584,#3547);
#3547 = DEFINITIONAL_REPRESENTATION('',(#3548),#3551);
#3548 = B_SPLINE_CURVE_WITH_KNOTS('',1,(#3549,#3550),.UNSPECIFIED.,.F.,
  .F.,(2,2),(-1.658352818976,1.677867170013),.PIECEWISE_BEZIER_KNOTS.);
#3549 = CARTESIAN_POINT('',(0.,-1.));
#3550 = CARTESIAN_POINT('',(3.336219988989,-1.));
#3551 = ( GEOMETRIC_REPRESENTATION_CONTEXT(2) 
PARAMETRIC_REPRESENTATION_CONTEXT() REPRESENTATION_CONTEXT('2D SPACE',''
  ) );
#3552 = PCURVE('',#3553,#3558);
#3553 = PLANE('',#3554);
#3554 = AXIS2_PLACEMENT_3D('',#3555,#3556,#3557);
#3555 = CARTESIAN_POINT('',(1.,16.,26.5));
#3556 = DIRECTION('',(1.,0.,0.));
#3557 = DIRECTION('',(0.,0.,1.));
#3558 = DEFINITIONAL_REPRESENTATION('',(#3559),#3562);
#3559 = B_SPLINE_CURVE_WITH_KNOTS('',1,(#3560,#3561),.UNSPECIFIED.,.F.,
  .F.,(2,2),(-1.658352818976,1.677867170013),.PIECEWISE_BEZIER_KNOTS.);
#3560 = CARTESIAN_POINT('',(3.336,-1.661));
#3561 = CARTESIAN_POINT('',(0.,-1.699312072893));
#3562 = ( GEOMETRIC_REPRESENTATION_CONTEXT(2) 
PARAMETRIC_REPRESENTATION_CONTEXT() REPRESENTATION_CONTEXT('2D SPACE',''
  ) );
#3563 = ORIENTED_EDGE('',*,*,#3564,.T.);
#3564 = EDGE_CURVE('',#3537,#3565,#3567,.T.);
#3565 = VERTEX_POINT('',#3566);
#3566 = CARTESIAN_POINT('',(6.6,17.661,29.836));
#3567 = SURFACE_CURVE('',#3568,(#3572,#3579),.PCURVE_S1.);
#3568 = LINE('',#3569,#3570);
#3569 = CARTESIAN_POINT('',(0.,17.661,29.836));
#3570 = VECTOR('',#3571,1.);
#3571 = DIRECTION('',(1.,0.,0.));
#3572 = PCURVE('',#584,#3573);
#3573 = DEFINITIONAL_REPRESENTATION('',(#3574),#3578);
#3574 = LINE('',#3575,#3576);
#3575 = CARTESIAN_POINT('',(0.,0.));
#3576 = VECTOR('',#3577,1.);
#3577 = DIRECTION('',(0.,-1.));
#3578 = ( GEOMETRIC_REPRESENTATION_CONTEXT(2) 
PARAMETRIC_REPRESENTATION_CONTEXT() REPRESENTATION_CONTEXT('2D SPACE',''
  ) );
#3579 = PCURVE('',#3580,#3585);
#3580 = PLANE('',#3581);
#3581 = AXIS2_PLACEMENT_3D('',#3582,#3583,#3584);
#3582 = CARTESIAN_POINT('',(0.,17.704,42.696));
#3583 = DIRECTION('',(0.,0.999994409877,-3.343682707988E-03));
#3584 = DIRECTION('',(0.,-3.343682707988E-03,-0.999994409877));
#3585 = DEFINITIONAL_REPRESENTATION('',(#3586),#3590);
#3586 = LINE('',#3587,#3588);
#3587 = CARTESIAN_POINT('',(12.860071889379,0.));
#3588 = VECTOR('',#3589,1.);
#3589 = DIRECTION('',(0.,-1.));
#3590 = ( GEOMETRIC_REPRESENTATION_CONTEXT(2) 
PARAMETRIC_REPRESENTATION_CONTEXT() REPRESENTATION_CONTEXT('2D SPACE',''
  ) );
#3591 = ORIENTED_EDGE('',*,*,#3592,.T.);
#3592 = EDGE_CURVE('',#3565,#3593,#3595,.T.);
#3593 = VERTEX_POINT('',#3594);
#3594 = CARTESIAN_POINT('',(6.6,17.699312072893,26.5));
#3595 = SURFACE_CURVE('',#3596,(#3600,#3606),.PCURVE_S1.);
#3596 = LINE('',#3597,#3598);
#3597 = CARTESIAN_POINT('',(6.6,17.680043988194,28.177756532135));
#3598 = VECTOR('',#3599,1.);
#3599 = DIRECTION('',(0.,1.14836770415E-02,-0.999934060407));
#3600 = PCURVE('',#584,#3601);
#3601 = DEFINITIONAL_REPRESENTATION('',(#3602),#3605);
#3602 = B_SPLINE_CURVE_WITH_KNOTS('',1,(#3603,#3604),.UNSPECIFIED.,.F.,
  .F.,(2,2),(-1.658352818976,1.677867170013),.PIECEWISE_BEZIER_KNOTS.);
#3603 = CARTESIAN_POINT('',(0.,-6.6));
#3604 = CARTESIAN_POINT('',(3.336219988989,-6.6));
#3605 = ( GEOMETRIC_REPRESENTATION_CONTEXT(2) 
PARAMETRIC_REPRESENTATION_CONTEXT() REPRESENTATION_CONTEXT('2D SPACE',''
  ) );
#3606 = PCURVE('',#3607,#3612);
#3607 = PLANE('',#3608);
#3608 = AXIS2_PLACEMENT_3D('',#3609,#3610,#3611);
#3609 = CARTESIAN_POINT('',(6.6,16.,26.5));
#3610 = DIRECTION('',(1.,0.,0.));
#3611 = DIRECTION('',(0.,0.,1.));
#3612 = DEFINITIONAL_REPRESENTATION('',(#3613),#3616);
#3613 = B_SPLINE_CURVE_WITH_KNOTS('',1,(#3614,#3615),.UNSPECIFIED.,.F.,
  .F.,(2,2),(-1.658352818976,1.677867170013),.PIECEWISE_BEZIER_KNOTS.);
#3614 = CARTESIAN_POINT('',(3.336,-1.661));
#3615 = CARTESIAN_POINT('',(0.,-1.699312072893));
#3616 = ( GEOMETRIC_REPRESENTATION_CONTEXT(2) 
PARAMETRIC_REPRESENTATION_CONTEXT() REPRESENTATION_CONTEXT('2D SPACE',''
  ) );
#3617 = ORIENTED_EDGE('',*,*,#3618,.T.);
#3618 = EDGE_CURVE('',#3593,#3619,#3621,.T.);
#3619 = VERTEX_POINT('',#3620);
#3620 = CARTESIAN_POINT('',(7.4,17.699312072893,26.5));
#3621 = SURFACE_CURVE('',#3622,(#3626,#3632),.PCURVE_S1.);
#3622 = LINE('',#3623,#3624);
#3623 = CARTESIAN_POINT('',(3.3,17.699312072893,26.5));
#3624 = VECTOR('',#3625,1.);
#3625 = DIRECTION('',(1.,0.,0.));
#3626 = PCURVE('',#584,#3627);
#3627 = DEFINITIONAL_REPRESENTATION('',(#3628),#3631);
#3628 = B_SPLINE_CURVE_WITH_KNOTS('',1,(#3629,#3630),.UNSPECIFIED.,.F.,
  .F.,(2,2),(3.3,4.1),.PIECEWISE_BEZIER_KNOTS.);
#3629 = CARTESIAN_POINT('',(3.336219988989,-6.6));
#3630 = CARTESIAN_POINT('',(3.336219988989,-7.4));
#3631 = ( GEOMETRIC_REPRESENTATION_CONTEXT(2) 
PARAMETRIC_REPRESENTATION_CONTEXT() REPRESENTATION_CONTEXT('2D SPACE',''
  ) );
#3632 = PCURVE('',#3633,#3638);
#3633 = PLANE('',#3634);
#3634 = AXIS2_PLACEMENT_3D('',#3635,#3636,#3637);
#3635 = CARTESIAN_POINT('',(6.6,16.,26.5));
#3636 = DIRECTION('',(0.,0.,1.));
#3637 = DIRECTION('',(1.,0.,0.));
#3638 = DEFINITIONAL_REPRESENTATION('',(#3639),#3642);
#3639 = B_SPLINE_CURVE_WITH_KNOTS('',1,(#3640,#3641),.UNSPECIFIED.,.F.,
  .F.,(2,2),(3.3,4.1),.PIECEWISE_BEZIER_KNOTS.);
#3640 = CARTESIAN_POINT('',(0.,1.699312072893));
#3641 = CARTESIAN_POINT('',(0.8,1.699312072893));
#3642 = ( GEOMETRIC_REPRESENTATION_CONTEXT(2) 
PARAMETRIC_REPRESENTATION_CONTEXT() REPRESENTATION_CONTEXT('2D SPACE',''
  ) );
#3643 = ORIENTED_EDGE('',*,*,#3644,.F.);
#3644 = EDGE_CURVE('',#3645,#3619,#3647,.T.);
#3645 = VERTEX_POINT('',#3646);
#3646 = CARTESIAN_POINT('',(7.4,17.661,29.836));
#3647 = SURFACE_CURVE('',#3648,(#3652,#3658),.PCURVE_S1.);
#3648 = LINE('',#3649,#3650);
#3649 = CARTESIAN_POINT('',(7.4,17.680043988194,28.177756532135));
#3650 = VECTOR('',#3651,1.);
#3651 = DIRECTION('',(0.,1.14836770415E-02,-0.999934060407));
#3652 = PCURVE('',#584,#3653);
#3653 = DEFINITIONAL_REPRESENTATION('',(#3654),#3657);
#3654 = B_SPLINE_CURVE_WITH_KNOTS('',1,(#3655,#3656),.UNSPECIFIED.,.F.,
  .F.,(2,2),(-1.658352818976,1.677867170013),.PIECEWISE_BEZIER_KNOTS.);
#3655 = CARTESIAN_POINT('',(0.,-7.4));
#3656 = CARTESIAN_POINT('',(3.336219988989,-7.4));
#3657 = ( GEOMETRIC_REPRESENTATION_CONTEXT(2) 
PARAMETRIC_REPRESENTATION_CONTEXT() REPRESENTATION_CONTEXT('2D SPACE',''
  ) );
#3658 = PCURVE('',#3659,#3664);
#3659 = PLANE('',#3660);
#3660 = AXIS2_PLACEMENT_3D('',#3661,#3662,#3663);
#3661 = CARTESIAN_POINT('',(7.4,16.,26.5));
#3662 = DIRECTION('',(1.,0.,0.));
#3663 = DIRECTION('',(0.,0.,1.));
#3664 = DEFINITIONAL_REPRESENTATION('',(#3665),#3668);
#3665 = B_SPLINE_CURVE_WITH_KNOTS('',1,(#3666,#3667),.UNSPECIFIED.,.F.,
  .F.,(2,2),(-1.658352818976,1.677867170013),.PIECEWISE_BEZIER_KNOTS.);
#3666 = CARTESIAN_POINT('',(3.336,-1.661));
#3667 = CARTESIAN_POINT('',(0.,-1.699312072893));
#3668 = ( GEOMETRIC_REPRESENTATION_CONTEXT(2) 
PARAMETRIC_REPRESENTATION_CONTEXT() REPRESENTATION_CONTEXT('2D SPACE',''
  ) );
#3669 = ORIENTED_EDGE('',*,*,#3670,.T.);
#3670 = EDGE_CURVE('',#3645,#3671,#3673,.T.);
#3671 = VERTEX_POINT('',#3672);
#3672 = CARTESIAN_POINT('',(23.6,17.661,29.836));
#3673 = SURFACE_CURVE('',#3674,(#3678,#3685),.PCURVE_S1.);
#3674 = LINE('',#3675,#3676);
#3675 = CARTESIAN_POINT('',(0.,17.661,29.836));
#3676 = VECTOR('',#3677,1.);
#3677 = DIRECTION('',(1.,0.,0.));
#3678 = PCURVE('',#584,#3679);
#3679 = DEFINITIONAL_REPRESENTATION('',(#3680),#3684);
#3680 = LINE('',#3681,#3682);
#3681 = CARTESIAN_POINT('',(0.,0.));
#3682 = VECTOR('',#3683,1.);
#3683 = DIRECTION('',(0.,-1.));
#3684 = ( GEOMETRIC_REPRESENTATION_CONTEXT(2) 
PARAMETRIC_REPRESENTATION_CONTEXT() REPRESENTATION_CONTEXT('2D SPACE',''
  ) );
#3685 = PCURVE('',#3686,#3691);
#3686 = PLANE('',#3687);
#3687 = AXIS2_PLACEMENT_3D('',#3688,#3689,#3690);
#3688 = CARTESIAN_POINT('',(0.,17.704,42.696));
#3689 = DIRECTION('',(0.,0.999994409877,-3.343682707988E-03));
#3690 = DIRECTION('',(0.,-3.343682707988E-03,-0.999994409877));
#3691 = DEFINITIONAL_REPRESENTATION('',(#3692),#3696);
#3692 = LINE('',#3693,#3694);
#3693 = CARTESIAN_POINT('',(12.860071889379,0.));
#3694 = VECTOR('',#3695,1.);
#3695 = DIRECTION('',(0.,-1.));
#3696 = ( GEOMETRIC_REPRESENTATION_CONTEXT(2) 
PARAMETRIC_REPRESENTATION_CONTEXT() REPRESENTATION_CONTEXT('2D SPACE',''
  ) );
#3697 = ORIENTED_EDGE('',*,*,#3698,.T.);
#3698 = EDGE_CURVE('',#3671,#3699,#3701,.T.);
#3699 = VERTEX_POINT('',#3700);
#3700 = CARTESIAN_POINT('',(23.6,17.699312072893,26.5));
#3701 = SURFACE_CURVE('',#3702,(#3706,#3712),.PCURVE_S1.);
#3702 = LINE('',#3703,#3704);
#3703 = CARTESIAN_POINT('',(23.6,17.680043988194,28.177756532135));
#3704 = VECTOR('',#3705,1.);
#3705 = DIRECTION('',(0.,1.14836770415E-02,-0.999934060407));
#3706 = PCURVE('',#584,#3707);
#3707 = DEFINITIONAL_REPRESENTATION('',(#3708),#3711);
#3708 = B_SPLINE_CURVE_WITH_KNOTS('',1,(#3709,#3710),.UNSPECIFIED.,.F.,
  .F.,(2,2),(-1.658352818976,1.677867170013),.PIECEWISE_BEZIER_KNOTS.);
#3709 = CARTESIAN_POINT('',(0.,-23.6));
#3710 = CARTESIAN_POINT('',(3.336219988989,-23.6));
#3711 = ( GEOMETRIC_REPRESENTATION_CONTEXT(2) 
PARAMETRIC_REPRESENTATION_CONTEXT() REPRESENTATION_CONTEXT('2D SPACE',''
  ) );
#3712 = PCURVE('',#3713,#3718);
#3713 = PLANE('',#3714);
#3714 = AXIS2_PLACEMENT_3D('',#3715,#3716,#3717);
#3715 = CARTESIAN_POINT('',(23.6,16.,26.5));
#3716 = DIRECTION('',(1.,0.,0.));
#3717 = DIRECTION('',(0.,0.,1.));
#3718 = DEFINITIONAL_REPRESENTATION('',(#3719),#3722);
#3719 = B_SPLINE_CURVE_WITH_KNOTS('',1,(#3720,#3721),.UNSPECIFIED.,.F.,
  .F.,(2,2),(-1.658352818976,1.677867170013),.PIECEWISE_BEZIER_KNOTS.);
#3720 = CARTESIAN_POINT('',(3.336,-1.661));
#3721 = CARTESIAN_POINT('',(0.,-1.699312072893));
#3722 = ( GEOMETRIC_REPRESENTATION_CONTEXT(2) 
PARAMETRIC_REPRESENTATION_CONTEXT() REPRESENTATION_CONTEXT('2D SPACE',''
  ) );
#3723 = ORIENTED_EDGE('',*,*,#3724,.T.);
#3724 = EDGE_CURVE('',#3699,#3725,#3727,.T.);
#3725 = VERTEX_POINT('',#3726);
#3726 = CARTESIAN_POINT('',(24.4,17.699312072893,26.5));
#3727 = SURFACE_CURVE('',#3728,(#3732,#3738),.PCURVE_S1.);
#3728 = LINE('',#3729,#3730);
#3729 = CARTESIAN_POINT('',(11.8,17.699312072893,26.5));
#3730 = VECTOR('',#3731,1.);
#3731 = DIRECTION('',(1.,0.,0.));
#3732 = PCURVE('',#584,#3733);
#3733 = DEFINITIONAL_REPRESENTATION('',(#3734),#3737);
#3734 = B_SPLINE_CURVE_WITH_KNOTS('',1,(#3735,#3736),.UNSPECIFIED.,.F.,
  .F.,(2,2),(11.8,12.6),.PIECEWISE_BEZIER_KNOTS.);
#3735 = CARTESIAN_POINT('',(3.336219988989,-23.6));
#3736 = CARTESIAN_POINT('',(3.336219988989,-24.4));
#3737 = ( GEOMETRIC_REPRESENTATION_CONTEXT(2) 
PARAMETRIC_REPRESENTATION_CONTEXT() REPRESENTATION_CONTEXT('2D SPACE',''
  ) );
#3738 = PCURVE('',#3739,#3744);
#3739 = PLANE('',#3740);
#3740 = AXIS2_PLACEMENT_3D('',#3741,#3742,#3743);
#3741 = CARTESIAN_POINT('',(23.6,16.,26.5));
#3742 = DIRECTION('',(0.,0.,1.));
#3743 = DIRECTION('',(1.,0.,0.));
#3744 = DEFINITIONAL_REPRESENTATION('',(#3745),#3748);
#3745 = B_SPLINE_CURVE_WITH_KNOTS('',1,(#3746,#3747),.UNSPECIFIED.,.F.,
  .F.,(2,2),(11.8,12.6),.PIECEWISE_BEZIER_KNOTS.);
#3746 = CARTESIAN_POINT('',(0.,1.699312072893));
#3747 = CARTESIAN_POINT('',(0.8,1.699312072893));
#3748 = ( GEOMETRIC_REPRESENTATION_CONTEXT(2) 
PARAMETRIC_REPRESENTATION_CONTEXT() REPRESENTATION_CONTEXT('2D SPACE',''
  ) );
#3749 = ORIENTED_EDGE('',*,*,#3750,.F.);
#3750 = EDGE_CURVE('',#3751,#3725,#3753,.T.);
#3751 = VERTEX_POINT('',#3752);
#3752 = CARTESIAN_POINT('',(24.4,17.661,29.836));
#3753 = SURFACE_CURVE('',#3754,(#3758,#3764),.PCURVE_S1.);
#3754 = LINE('',#3755,#3756);
#3755 = CARTESIAN_POINT('',(24.4,17.680043988194,28.177756532135));
#3756 = VECTOR('',#3757,1.);
#3757 = DIRECTION('',(0.,1.14836770415E-02,-0.999934060407));
#3758 = PCURVE('',#584,#3759);
#3759 = DEFINITIONAL_REPRESENTATION('',(#3760),#3763);
#3760 = B_SPLINE_CURVE_WITH_KNOTS('',1,(#3761,#3762),.UNSPECIFIED.,.F.,
  .F.,(2,2),(-1.658352818976,1.677867170013),.PIECEWISE_BEZIER_KNOTS.);
#3761 = CARTESIAN_POINT('',(0.,-24.4));
#3762 = CARTESIAN_POINT('',(3.336219988989,-24.4));
#3763 = ( GEOMETRIC_REPRESENTATION_CONTEXT(2) 
PARAMETRIC_REPRESENTATION_CONTEXT() REPRESENTATION_CONTEXT('2D SPACE',''
  ) );
#3764 = PCURVE('',#3765,#3770);
#3765 = PLANE('',#3766);
#3766 = AXIS2_PLACEMENT_3D('',#3767,#3768,#3769);
#3767 = CARTESIAN_POINT('',(24.4,16.,26.5));
#3768 = DIRECTION('',(1.,0.,0.));
#3769 = DIRECTION('',(0.,0.,1.));
#3770 = DEFINITIONAL_REPRESENTATION('',(#3771),#3774);
#3771 = B_SPLINE_CURVE_WITH_KNOTS('',1,(#3772,#3773),.UNSPECIFIED.,.F.,
  .F.,(2,2),(-1.658352818976,1.677867170013),.PIECEWISE_BEZIER_KNOTS.);
#3772 = CARTESIAN_POINT('',(3.336,-1.661));
#3773 = CARTESIAN_POINT('',(0.,-1.699312072893));
#3774 = ( GEOMETRIC_REPRESENTATION_CONTEXT(2) 
PARAMETRIC_REPRESENTATION_CONTEXT() REPRESENTATION_CONTEXT('2D SPACE',''
  ) );
#3775 = ORIENTED_EDGE('',*,*,#3776,.T.);
#3776 = EDGE_CURVE('',#3751,#3777,#3779,.T.);
#3777 = VERTEX_POINT('',#3778);
#3778 = CARTESIAN_POINT('',(30.,17.661,29.836));
#3779 = SURFACE_CURVE('',#3780,(#3784,#3791),.PCURVE_S1.);
#3780 = LINE('',#3781,#3782);
#3781 = CARTESIAN_POINT('',(0.,17.661,29.836));
#3782 = VECTOR('',#3783,1.);
#3783 = DIRECTION('',(1.,0.,0.));
#3784 = PCURVE('',#584,#3785);
#3785 = DEFINITIONAL_REPRESENTATION('',(#3786),#3790);
#3786 = LINE('',#3787,#3788);
#3787 = CARTESIAN_POINT('',(0.,0.));
#3788 = VECTOR('',#3789,1.);
#3789 = DIRECTION('',(0.,-1.));
#3790 = ( GEOMETRIC_REPRESENTATION_CONTEXT(2) 
PARAMETRIC_REPRESENTATION_CONTEXT() REPRESENTATION_CONTEXT('2D SPACE',''
  ) );
#3791 = PCURVE('',#3792,#3797);
#3792 = PLANE('',#3793);
#3793 = AXIS2_PLACEMENT_3D('',#3794,#3795,#3796);
#3794 = CARTESIAN_POINT('',(0.,17.704,42.696));
#3795 = DIRECTION('',(0.,0.999994409877,-3.343682707988E-03));
#3796 = DIRECTION('',(0.,-3.343682707988E-03,-0.999994409877));
#3797 = DEFINITIONAL_REPRESENTATION('',(#3798),#3802);
#3798 = LINE('',#3799,#3800);
#3799 = CARTESIAN_POINT('',(12.860071889379,0.));
#3800 = VECTOR('',#3801,1.);
#3801 = DIRECTION('',(0.,-1.));
#3802 = ( GEOMETRIC_REPRESENTATION_CONTEXT(2) 
PARAMETRIC_REPRESENTATION_CONTEXT() REPRESENTATION_CONTEXT('2D SPACE',''
  ) );
#3803 = ORIENTED_EDGE('',*,*,#3804,.T.);
#3804 = EDGE_CURVE('',#3777,#3805,#3807,.T.);
#3805 = VERTEX_POINT('',#3806);
#3806 = CARTESIAN_POINT('',(30.,17.699312072893,26.5));
#3807 = SURFACE_CURVE('',#3808,(#3812,#3818),.PCURVE_S1.);
#3808 = LINE('',#3809,#3810);
#3809 = CARTESIAN_POINT('',(30.,17.680043988194,28.177756532135));
#3810 = VECTOR('',#3811,1.);
#3811 = DIRECTION('',(0.,1.14836770415E-02,-0.999934060407));
#3812 = PCURVE('',#584,#3813);
#3813 = DEFINITIONAL_REPRESENTATION('',(#3814),#3817);
#3814 = B_SPLINE_CURVE_WITH_KNOTS('',1,(#3815,#3816),.UNSPECIFIED.,.F.,
  .F.,(2,2),(-1.658352818976,1.677867170013),.PIECEWISE_BEZIER_KNOTS.);
#3815 = CARTESIAN_POINT('',(0.,-30.));
#3816 = CARTESIAN_POINT('',(3.336219988989,-30.));
#3817 = ( GEOMETRIC_REPRESENTATION_CONTEXT(2) 
PARAMETRIC_REPRESENTATION_CONTEXT() REPRESENTATION_CONTEXT('2D SPACE',''
  ) );
#3818 = PCURVE('',#3819,#3824);
#3819 = PLANE('',#3820);
#3820 = AXIS2_PLACEMENT_3D('',#3821,#3822,#3823);
#3821 = CARTESIAN_POINT('',(30.,16.,26.5));
#3822 = DIRECTION('',(1.,0.,0.));
#3823 = DIRECTION('',(0.,0.,1.));
#3824 = DEFINITIONAL_REPRESENTATION('',(#3825),#3828);
#3825 = B_SPLINE_CURVE_WITH_KNOTS('',1,(#3826,#3827),.UNSPECIFIED.,.F.,
  .F.,(2,2),(-1.658352818976,1.677867170013),.PIECEWISE_BEZIER_KNOTS.);
#3826 = CARTESIAN_POINT('',(3.336,-1.661));
#3827 = CARTESIAN_POINT('',(0.,-1.699312072893));
#3828 = ( GEOMETRIC_REPRESENTATION_CONTEXT(2) 
PARAMETRIC_REPRESENTATION_CONTEXT() REPRESENTATION_CONTEXT('2D SPACE',''
  ) );
#3829 = ORIENTED_EDGE('',*,*,#3830,.T.);
#3830 = EDGE_CURVE('',#3805,#3831,#3833,.T.);
#3831 = VERTEX_POINT('',#3832);
#3832 = CARTESIAN_POINT('',(31.,17.699312072893,26.5));
#3833 = SURFACE_CURVE('',#3834,(#3838,#3844),.PCURVE_S1.);
#3834 = LINE('',#3835,#3836);
#3835 = CARTESIAN_POINT('',(15.,17.699312072893,26.5));
#3836 = VECTOR('',#3837,1.);
#3837 = DIRECTION('',(1.,0.,0.));
#3838 = PCURVE('',#584,#3839);
#3839 = DEFINITIONAL_REPRESENTATION('',(#3840),#3843);
#3840 = B_SPLINE_CURVE_WITH_KNOTS('',1,(#3841,#3842),.UNSPECIFIED.,.F.,
  .F.,(2,2),(15.,16.),.PIECEWISE_BEZIER_KNOTS.);
#3841 = CARTESIAN_POINT('',(3.336219988989,-30.));
#3842 = CARTESIAN_POINT('',(3.336219988989,-31.));
#3843 = ( GEOMETRIC_REPRESENTATION_CONTEXT(2) 
PARAMETRIC_REPRESENTATION_CONTEXT() REPRESENTATION_CONTEXT('2D SPACE',''
  ) );
#3844 = PCURVE('',#3845,#3850);
#3845 = PLANE('',#3846);
#3846 = AXIS2_PLACEMENT_3D('',#3847,#3848,#3849);
#3847 = CARTESIAN_POINT('',(30.,16.,26.5));
#3848 = DIRECTION('',(0.,0.,1.));
#3849 = DIRECTION('',(1.,0.,0.));
#3850 = DEFINITIONAL_REPRESENTATION('',(#3851),#3854);
#3851 = B_SPLINE_CURVE_WITH_KNOTS('',1,(#3852,#3853),.UNSPECIFIED.,.F.,
  .F.,(2,2),(15.,16.),.PIECEWISE_BEZIER_KNOTS.);
#3852 = CARTESIAN_POINT('',(0.,1.699312072893));
#3853 = CARTESIAN_POINT('',(1.,1.699312072893));
#3854 = ( GEOMETRIC_REPRESENTATION_CONTEXT(2) 
PARAMETRIC_REPRESENTATION_CONTEXT() REPRESENTATION_CONTEXT('2D SPACE',''
  ) );
#3855 = ORIENTED_EDGE('',*,*,#3856,.T.);
#3856 = EDGE_CURVE('',#3831,#849,#3857,.T.);
#3857 = SURFACE_CURVE('',#3858,(#3862,#3869),.PCURVE_S1.);
#3858 = LINE('',#3859,#3860);
#3859 = CARTESIAN_POINT('',(31.,17.661,29.836));
#3860 = VECTOR('',#3861,1.);
#3861 = DIRECTION('',(0.,1.14836770415E-02,-0.999934060407));
#3862 = PCURVE('',#584,#3863);
#3863 = DEFINITIONAL_REPRESENTATION('',(#3864),#3868);
#3864 = LINE('',#3865,#3866);
#3865 = CARTESIAN_POINT('',(0.,-31.));
#3866 = VECTOR('',#3867,1.);
#3867 = DIRECTION('',(1.,0.));
#3868 = ( GEOMETRIC_REPRESENTATION_CONTEXT(2) 
PARAMETRIC_REPRESENTATION_CONTEXT() REPRESENTATION_CONTEXT('2D SPACE',''
  ) );
#3869 = PCURVE('',#119,#3870);
#3870 = DEFINITIONAL_REPRESENTATION('',(#3871),#3875);
#3871 = LINE('',#3872,#3873);
#3872 = CARTESIAN_POINT('',(-14.30394971553,1.157176229406));
#3873 = VECTOR('',#3874,1.);
#3874 = DIRECTION('',(-0.999934060407,-1.14836770415E-02));
#3875 = ( GEOMETRIC_REPRESENTATION_CONTEXT(2) 
PARAMETRIC_REPRESENTATION_CONTEXT() REPRESENTATION_CONTEXT('2D SPACE',''
  ) );
#3876 = ORIENTED_EDGE('',*,*,#848,.F.);
#3877 = ORIENTED_EDGE('',*,*,#819,.F.);
#3878 = ORIENTED_EDGE('',*,*,#626,.F.);
#3879 = ORIENTED_EDGE('',*,*,#568,.F.);
#3880 = ORIENTED_EDGE('',*,*,#3881,.T.);
#3881 = EDGE_CURVE('',#541,#3539,#3882,.T.);
#3882 = SURFACE_CURVE('',#3883,(#3887,#3893),.PCURVE_S1.);
#3883 = LINE('',#3884,#3885);
#3884 = CARTESIAN_POINT('',(0.,17.699312072893,26.5));
#3885 = VECTOR('',#3886,1.);
#3886 = DIRECTION('',(1.,0.,0.));
#3887 = PCURVE('',#584,#3888);
#3888 = DEFINITIONAL_REPRESENTATION('',(#3889),#3892);
#3889 = B_SPLINE_CURVE_WITH_KNOTS('',1,(#3890,#3891),.UNSPECIFIED.,.F.,
  .F.,(2,2),(0.,1.),.PIECEWISE_BEZIER_KNOTS.);
#3890 = CARTESIAN_POINT('',(3.336219988989,0.));
#3891 = CARTESIAN_POINT('',(3.336219988989,-1.));
#3892 = ( GEOMETRIC_REPRESENTATION_CONTEXT(2) 
PARAMETRIC_REPRESENTATION_CONTEXT() REPRESENTATION_CONTEXT('2D SPACE',''
  ) );
#3893 = PCURVE('',#556,#3894);
#3894 = DEFINITIONAL_REPRESENTATION('',(#3895),#3898);
#3895 = B_SPLINE_CURVE_WITH_KNOTS('',1,(#3896,#3897),.UNSPECIFIED.,.F.,
  .F.,(2,2),(0.,1.),.PIECEWISE_BEZIER_KNOTS.);
#3896 = CARTESIAN_POINT('',(0.,1.699312072893));
#3897 = CARTESIAN_POINT('',(1.,1.699312072893));
#3898 = ( GEOMETRIC_REPRESENTATION_CONTEXT(2) 
PARAMETRIC_REPRESENTATION_CONTEXT() REPRESENTATION_CONTEXT('2D SPACE',''
  ) );
#3899 = ADVANCED_FACE('',(#3900),#3580,.F.);
#3900 = FACE_BOUND('',#3901,.F.);
#3901 = EDGE_LOOP('',(#3902,#3923,#3951,#3970));
#3902 = ORIENTED_EDGE('',*,*,#3903,.F.);
#3903 = EDGE_CURVE('',#3904,#3537,#3906,.T.);
#3904 = VERTEX_POINT('',#3905);
#3905 = CARTESIAN_POINT('',(1.,17.704,42.696));
#3906 = SURFACE_CURVE('',#3907,(#3911,#3917),.PCURVE_S1.);
#3907 = LINE('',#3908,#3909);
#3908 = CARTESIAN_POINT('',(1.,17.676913483253,34.595241735631));
#3909 = VECTOR('',#3910,1.);
#3910 = DIRECTION('',(0.,-3.343682707988E-03,-0.999994409877));
#3911 = PCURVE('',#3580,#3912);
#3912 = DEFINITIONAL_REPRESENTATION('',(#3913),#3916);
#3913 = B_SPLINE_CURVE_WITH_KNOTS('',1,(#3914,#3915),.UNSPECIFIED.,.F.,
  .F.,(2,2),(-8.100803548854,4.759268340525),.PIECEWISE_BEZIER_KNOTS.);
#3914 = CARTESIAN_POINT('',(0.,-1.));
#3915 = CARTESIAN_POINT('',(12.860071889379,-1.));
#3916 = ( GEOMETRIC_REPRESENTATION_CONTEXT(2) 
PARAMETRIC_REPRESENTATION_CONTEXT() REPRESENTATION_CONTEXT('2D SPACE',''
  ) );
#3917 = PCURVE('',#3553,#3918);
#3918 = DEFINITIONAL_REPRESENTATION('',(#3919),#3922);
#3919 = B_SPLINE_CURVE_WITH_KNOTS('',1,(#3920,#3921),.UNSPECIFIED.,.F.,
  .F.,(2,2),(-8.100803548854,4.759268340525),.PIECEWISE_BEZIER_KNOTS.);
#3920 = CARTESIAN_POINT('',(16.196,-1.704));
#3921 = CARTESIAN_POINT('',(3.336,-1.661));
#3922 = ( GEOMETRIC_REPRESENTATION_CONTEXT(2) 
PARAMETRIC_REPRESENTATION_CONTEXT() REPRESENTATION_CONTEXT('2D SPACE',''
  ) );
#3923 = ORIENTED_EDGE('',*,*,#3924,.T.);
#3924 = EDGE_CURVE('',#3904,#3925,#3927,.T.);
#3925 = VERTEX_POINT('',#3926);
#3926 = CARTESIAN_POINT('',(6.6,17.704,42.696));
#3927 = SURFACE_CURVE('',#3928,(#3932,#3939),.PCURVE_S1.);
#3928 = LINE('',#3929,#3930);
#3929 = CARTESIAN_POINT('',(0.,17.704,42.696));
#3930 = VECTOR('',#3931,1.);
#3931 = DIRECTION('',(1.,0.,0.));
#3932 = PCURVE('',#3580,#3933);
#3933 = DEFINITIONAL_REPRESENTATION('',(#3934),#3938);
#3934 = LINE('',#3935,#3936);
#3935 = CARTESIAN_POINT('',(0.,0.));
#3936 = VECTOR('',#3937,1.);
#3937 = DIRECTION('',(0.,-1.));
#3938 = ( GEOMETRIC_REPRESENTATION_CONTEXT(2) 
PARAMETRIC_REPRESENTATION_CONTEXT() REPRESENTATION_CONTEXT('2D SPACE',''
  ) );
#3939 = PCURVE('',#3940,#3945);
#3940 = PLANE('',#3941);
#3941 = AXIS2_PLACEMENT_3D('',#3942,#3943,#3944);
#3942 = CARTESIAN_POINT('',(0.,17.966,67.247));
#3943 = DIRECTION('',(0.,0.999943062667,-1.067105545268E-02));
#3944 = DIRECTION('',(0.,-1.067105545268E-02,-0.999943062667));
#3945 = DEFINITIONAL_REPRESENTATION('',(#3946),#3950);
#3946 = LINE('',#3947,#3948);
#3947 = CARTESIAN_POINT('',(24.552397948062,0.));
#3948 = VECTOR('',#3949,1.);
#3949 = DIRECTION('',(0.,-1.));
#3950 = ( GEOMETRIC_REPRESENTATION_CONTEXT(2) 
PARAMETRIC_REPRESENTATION_CONTEXT() REPRESENTATION_CONTEXT('2D SPACE',''
  ) );
#3951 = ORIENTED_EDGE('',*,*,#3952,.T.);
#3952 = EDGE_CURVE('',#3925,#3565,#3953,.T.);
#3953 = SURFACE_CURVE('',#3954,(#3958,#3964),.PCURVE_S1.);
#3954 = LINE('',#3955,#3956);
#3955 = CARTESIAN_POINT('',(6.6,17.676913483253,34.595241735631));
#3956 = VECTOR('',#3957,1.);
#3957 = DIRECTION('',(0.,-3.343682707988E-03,-0.999994409877));
#3958 = PCURVE('',#3580,#3959);
#3959 = DEFINITIONAL_REPRESENTATION('',(#3960),#3963);
#3960 = B_SPLINE_CURVE_WITH_KNOTS('',1,(#3961,#3962),.UNSPECIFIED.,.F.,
  .F.,(2,2),(-8.100803548854,4.759268340525),.PIECEWISE_BEZIER_KNOTS.);
#3961 = CARTESIAN_POINT('',(0.,-6.6));
#3962 = CARTESIAN_POINT('',(12.860071889379,-6.6));
#3963 = ( GEOMETRIC_REPRESENTATION_CONTEXT(2) 
PARAMETRIC_REPRESENTATION_CONTEXT() REPRESENTATION_CONTEXT('2D SPACE',''
  ) );
#3964 = PCURVE('',#3607,#3965);
#3965 = DEFINITIONAL_REPRESENTATION('',(#3966),#3969);
#3966 = B_SPLINE_CURVE_WITH_KNOTS('',1,(#3967,#3968),.UNSPECIFIED.,.F.,
  .F.,(2,2),(-8.100803548854,4.759268340525),.PIECEWISE_BEZIER_KNOTS.);
#3967 = CARTESIAN_POINT('',(16.196,-1.704));
#3968 = CARTESIAN_POINT('',(3.336,-1.661));
#3969 = ( GEOMETRIC_REPRESENTATION_CONTEXT(2) 
PARAMETRIC_REPRESENTATION_CONTEXT() REPRESENTATION_CONTEXT('2D SPACE',''
  ) );
#3970 = ORIENTED_EDGE('',*,*,#3564,.F.);
#3971 = ADVANCED_FACE('',(#3972),#3940,.F.);
#3972 = FACE_BOUND('',#3973,.F.);
#3973 = EDGE_LOOP('',(#3974,#3995,#4023,#4044,#4067,#4088,#4114,#4135,
    #4158,#4179,#4205,#4224));
#3974 = ORIENTED_EDGE('',*,*,#3975,.F.);
#3975 = EDGE_CURVE('',#3976,#3904,#3978,.T.);
#3976 = VERTEX_POINT('',#3977);
#3977 = CARTESIAN_POINT('',(1.,17.966,67.247));
#3978 = SURFACE_CURVE('',#3979,(#3983,#3989),.PCURVE_S1.);
#3979 = LINE('',#3980,#3981);
#3980 = CARTESIAN_POINT('',(1.,17.748493694685,46.865330909209));
#3981 = VECTOR('',#3982,1.);
#3982 = DIRECTION('',(0.,-1.067105545268E-02,-0.999943062667));
#3983 = PCURVE('',#3940,#3984);
#3984 = DEFINITIONAL_REPRESENTATION('',(#3985),#3988);
#3985 = B_SPLINE_CURVE_WITH_KNOTS('',1,(#3986,#3987),.UNSPECIFIED.,.F.,
  .F.,(2,2),(-20.38282963475,4.169568313309),.PIECEWISE_BEZIER_KNOTS.);
#3986 = CARTESIAN_POINT('',(0.,-1.));
#3987 = CARTESIAN_POINT('',(24.552397948062,-1.));
#3988 = ( GEOMETRIC_REPRESENTATION_CONTEXT(2) 
PARAMETRIC_REPRESENTATION_CONTEXT() REPRESENTATION_CONTEXT('2D SPACE',''
  ) );
#3989 = PCURVE('',#3553,#3990);
#3990 = DEFINITIONAL_REPRESENTATION('',(#3991),#3994);
#3991 = B_SPLINE_CURVE_WITH_KNOTS('',1,(#3992,#3993),.UNSPECIFIED.,.F.,
  .F.,(2,2),(-20.38282963475,4.169568313309),.PIECEWISE_BEZIER_KNOTS.);
#3992 = CARTESIAN_POINT('',(40.747,-1.966));
#3993 = CARTESIAN_POINT('',(16.196,-1.704));
#3994 = ( GEOMETRIC_REPRESENTATION_CONTEXT(2) 
PARAMETRIC_REPRESENTATION_CONTEXT() REPRESENTATION_CONTEXT('2D SPACE',''
  ) );
#3995 = ORIENTED_EDGE('',*,*,#3996,.T.);
#3996 = EDGE_CURVE('',#3976,#3997,#3999,.T.);
#3997 = VERTEX_POINT('',#3998);
#3998 = CARTESIAN_POINT('',(30.,17.966,67.247));
#3999 = SURFACE_CURVE('',#4000,(#4004,#4011),.PCURVE_S1.);
#4000 = LINE('',#4001,#4002);
#4001 = CARTESIAN_POINT('',(0.,17.966,67.247));
#4002 = VECTOR('',#4003,1.);
#4003 = DIRECTION('',(1.,0.,0.));
#4004 = PCURVE('',#3940,#4005);
#4005 = DEFINITIONAL_REPRESENTATION('',(#4006),#4010);
#4006 = LINE('',#4007,#4008);
#4007 = CARTESIAN_POINT('',(0.,0.));
#4008 = VECTOR('',#4009,1.);
#4009 = DIRECTION('',(0.,-1.));
#4010 = ( GEOMETRIC_REPRESENTATION_CONTEXT(2) 
PARAMETRIC_REPRESENTATION_CONTEXT() REPRESENTATION_CONTEXT('2D SPACE',''
  ) );
#4011 = PCURVE('',#4012,#4017);
#4012 = PLANE('',#4013);
#4013 = AXIS2_PLACEMENT_3D('',#4014,#4015,#4016);
#4014 = CARTESIAN_POINT('',(0.,18.,76.5));
#4015 = DIRECTION('',(0.,0.999993249152,-3.674459145269E-03));
#4016 = DIRECTION('',(0.,-3.674459145269E-03,-0.999993249152));
#4017 = DEFINITIONAL_REPRESENTATION('',(#4018),#4022);
#4018 = LINE('',#4019,#4020);
#4019 = CARTESIAN_POINT('',(9.253062466016,0.));
#4020 = VECTOR('',#4021,1.);
#4021 = DIRECTION('',(0.,-1.));
#4022 = ( GEOMETRIC_REPRESENTATION_CONTEXT(2) 
PARAMETRIC_REPRESENTATION_CONTEXT() REPRESENTATION_CONTEXT('2D SPACE',''
  ) );
#4023 = ORIENTED_EDGE('',*,*,#4024,.T.);
#4024 = EDGE_CURVE('',#3997,#4025,#4027,.T.);
#4025 = VERTEX_POINT('',#4026);
#4026 = CARTESIAN_POINT('',(30.,17.704,42.696));
#4027 = SURFACE_CURVE('',#4028,(#4032,#4038),.PCURVE_S1.);
#4028 = LINE('',#4029,#4030);
#4029 = CARTESIAN_POINT('',(30.,17.748493694685,46.865330909209));
#4030 = VECTOR('',#4031,1.);
#4031 = DIRECTION('',(0.,-1.067105545268E-02,-0.999943062667));
#4032 = PCURVE('',#3940,#4033);
#4033 = DEFINITIONAL_REPRESENTATION('',(#4034),#4037);
#4034 = B_SPLINE_CURVE_WITH_KNOTS('',1,(#4035,#4036),.UNSPECIFIED.,.F.,
  .F.,(2,2),(-20.38282963475,4.169568313309),.PIECEWISE_BEZIER_KNOTS.);
#4035 = CARTESIAN_POINT('',(0.,-30.));
#4036 = CARTESIAN_POINT('',(24.552397948062,-30.));
#4037 = ( GEOMETRIC_REPRESENTATION_CONTEXT(2) 
PARAMETRIC_REPRESENTATION_CONTEXT() REPRESENTATION_CONTEXT('2D SPACE',''
  ) );
#4038 = PCURVE('',#3819,#4039);
#4039 = DEFINITIONAL_REPRESENTATION('',(#4040),#4043);
#4040 = B_SPLINE_CURVE_WITH_KNOTS('',1,(#4041,#4042),.UNSPECIFIED.,.F.,
  .F.,(2,2),(-20.38282963475,4.169568313309),.PIECEWISE_BEZIER_KNOTS.);
#4041 = CARTESIAN_POINT('',(40.747,-1.966));
#4042 = CARTESIAN_POINT('',(16.196,-1.704));
#4043 = ( GEOMETRIC_REPRESENTATION_CONTEXT(2) 
PARAMETRIC_REPRESENTATION_CONTEXT() REPRESENTATION_CONTEXT('2D SPACE',''
  ) );
#4044 = ORIENTED_EDGE('',*,*,#4045,.F.);
#4045 = EDGE_CURVE('',#4046,#4025,#4048,.T.);
#4046 = VERTEX_POINT('',#4047);
#4047 = CARTESIAN_POINT('',(24.4,17.704,42.696));
#4048 = SURFACE_CURVE('',#4049,(#4053,#4060),.PCURVE_S1.);
#4049 = LINE('',#4050,#4051);
#4050 = CARTESIAN_POINT('',(0.,17.704,42.696));
#4051 = VECTOR('',#4052,1.);
#4052 = DIRECTION('',(1.,0.,0.));
#4053 = PCURVE('',#3940,#4054);
#4054 = DEFINITIONAL_REPRESENTATION('',(#4055),#4059);
#4055 = LINE('',#4056,#4057);
#4056 = CARTESIAN_POINT('',(24.552397948062,0.));
#4057 = VECTOR('',#4058,1.);
#4058 = DIRECTION('',(0.,-1.));
#4059 = ( GEOMETRIC_REPRESENTATION_CONTEXT(2) 
PARAMETRIC_REPRESENTATION_CONTEXT() REPRESENTATION_CONTEXT('2D SPACE',''
  ) );
#4060 = PCURVE('',#3792,#4061);
#4061 = DEFINITIONAL_REPRESENTATION('',(#4062),#4066);
#4062 = LINE('',#4063,#4064);
#4063 = CARTESIAN_POINT('',(0.,0.));
#4064 = VECTOR('',#4065,1.);
#4065 = DIRECTION('',(0.,-1.));
#4066 = ( GEOMETRIC_REPRESENTATION_CONTEXT(2) 
PARAMETRIC_REPRESENTATION_CONTEXT() REPRESENTATION_CONTEXT('2D SPACE',''
  ) );
#4067 = ORIENTED_EDGE('',*,*,#4068,.F.);
#4068 = EDGE_CURVE('',#4069,#4046,#4071,.T.);
#4069 = VERTEX_POINT('',#4070);
#4070 = CARTESIAN_POINT('',(24.4,17.851311637001,56.5));
#4071 = SURFACE_CURVE('',#4072,(#4076,#4082),.PCURVE_S1.);
#4072 = LINE('',#4073,#4074);
#4073 = CARTESIAN_POINT('',(24.4,17.748493694685,46.865330909209));
#4074 = VECTOR('',#4075,1.);
#4075 = DIRECTION('',(0.,-1.067105545268E-02,-0.999943062667));
#4076 = PCURVE('',#3940,#4077);
#4077 = DEFINITIONAL_REPRESENTATION('',(#4078),#4081);
#4078 = B_SPLINE_CURVE_WITH_KNOTS('',1,(#4079,#4080),.UNSPECIFIED.,.F.,
  .F.,(2,2),(-9.635217694391,4.169568313309),.PIECEWISE_BEZIER_KNOTS.);
#4079 = CARTESIAN_POINT('',(10.747611940362,-24.4));
#4080 = CARTESIAN_POINT('',(24.552397948062,-24.4));
#4081 = ( GEOMETRIC_REPRESENTATION_CONTEXT(2) 
PARAMETRIC_REPRESENTATION_CONTEXT() REPRESENTATION_CONTEXT('2D SPACE',''
  ) );
#4082 = PCURVE('',#3765,#4083);
#4083 = DEFINITIONAL_REPRESENTATION('',(#4084),#4087);
#4084 = B_SPLINE_CURVE_WITH_KNOTS('',1,(#4085,#4086),.UNSPECIFIED.,.F.,
  .F.,(2,2),(-9.635217694391,4.169568313309),.PIECEWISE_BEZIER_KNOTS.);
#4085 = CARTESIAN_POINT('',(30.,-1.851311637001));
#4086 = CARTESIAN_POINT('',(16.196,-1.704));
#4087 = ( GEOMETRIC_REPRESENTATION_CONTEXT(2) 
PARAMETRIC_REPRESENTATION_CONTEXT() REPRESENTATION_CONTEXT('2D SPACE',''
  ) );
#4088 = ORIENTED_EDGE('',*,*,#4089,.F.);
#4089 = EDGE_CURVE('',#4090,#4069,#4092,.T.);
#4090 = VERTEX_POINT('',#4091);
#4091 = CARTESIAN_POINT('',(23.6,17.851311637001,56.5));
#4092 = SURFACE_CURVE('',#4093,(#4097,#4103),.PCURVE_S1.);
#4093 = LINE('',#4094,#4095);
#4094 = CARTESIAN_POINT('',(11.8,17.851311637001,56.5));
#4095 = VECTOR('',#4096,1.);
#4096 = DIRECTION('',(1.,0.,0.));
#4097 = PCURVE('',#3940,#4098);
#4098 = DEFINITIONAL_REPRESENTATION('',(#4099),#4102);
#4099 = B_SPLINE_CURVE_WITH_KNOTS('',1,(#4100,#4101),.UNSPECIFIED.,.F.,
  .F.,(2,2),(11.8,12.6),.PIECEWISE_BEZIER_KNOTS.);
#4100 = CARTESIAN_POINT('',(10.747611940362,-23.6));
#4101 = CARTESIAN_POINT('',(10.747611940362,-24.4));
#4102 = ( GEOMETRIC_REPRESENTATION_CONTEXT(2) 
PARAMETRIC_REPRESENTATION_CONTEXT() REPRESENTATION_CONTEXT('2D SPACE',''
  ) );
#4103 = PCURVE('',#4104,#4109);
#4104 = PLANE('',#4105);
#4105 = AXIS2_PLACEMENT_3D('',#4106,#4107,#4108);
#4106 = CARTESIAN_POINT('',(23.6,16.,56.5));
#4107 = DIRECTION('',(0.,0.,1.));
#4108 = DIRECTION('',(1.,0.,0.));
#4109 = DEFINITIONAL_REPRESENTATION('',(#4110),#4113);
#4110 = B_SPLINE_CURVE_WITH_KNOTS('',1,(#4111,#4112),.UNSPECIFIED.,.F.,
  .F.,(2,2),(11.8,12.6),.PIECEWISE_BEZIER_KNOTS.);
#4111 = CARTESIAN_POINT('',(0.,1.851311637001));
#4112 = CARTESIAN_POINT('',(0.8,1.851311637001));
#4113 = ( GEOMETRIC_REPRESENTATION_CONTEXT(2) 
PARAMETRIC_REPRESENTATION_CONTEXT() REPRESENTATION_CONTEXT('2D SPACE',''
  ) );
#4114 = ORIENTED_EDGE('',*,*,#4115,.T.);
#4115 = EDGE_CURVE('',#4090,#4116,#4118,.T.);
#4116 = VERTEX_POINT('',#4117);
#4117 = CARTESIAN_POINT('',(23.6,17.704,42.696));
#4118 = SURFACE_CURVE('',#4119,(#4123,#4129),.PCURVE_S1.);
#4119 = LINE('',#4120,#4121);
#4120 = CARTESIAN_POINT('',(23.6,17.748493694685,46.865330909209));
#4121 = VECTOR('',#4122,1.);
#4122 = DIRECTION('',(0.,-1.067105545268E-02,-0.999943062667));
#4123 = PCURVE('',#3940,#4124);
#4124 = DEFINITIONAL_REPRESENTATION('',(#4125),#4128);
#4125 = B_SPLINE_CURVE_WITH_KNOTS('',1,(#4126,#4127),.UNSPECIFIED.,.F.,
  .F.,(2,2),(-9.635217694391,4.169568313309),.PIECEWISE_BEZIER_KNOTS.);
#4126 = CARTESIAN_POINT('',(10.747611940362,-23.6));
#4127 = CARTESIAN_POINT('',(24.552397948062,-23.6));
#4128 = ( GEOMETRIC_REPRESENTATION_CONTEXT(2) 
PARAMETRIC_REPRESENTATION_CONTEXT() REPRESENTATION_CONTEXT('2D SPACE',''
  ) );
#4129 = PCURVE('',#3713,#4130);
#4130 = DEFINITIONAL_REPRESENTATION('',(#4131),#4134);
#4131 = B_SPLINE_CURVE_WITH_KNOTS('',1,(#4132,#4133),.UNSPECIFIED.,.F.,
  .F.,(2,2),(-9.635217694391,4.169568313309),.PIECEWISE_BEZIER_KNOTS.);
#4132 = CARTESIAN_POINT('',(30.,-1.851311637001));
#4133 = CARTESIAN_POINT('',(16.196,-1.704));
#4134 = ( GEOMETRIC_REPRESENTATION_CONTEXT(2) 
PARAMETRIC_REPRESENTATION_CONTEXT() REPRESENTATION_CONTEXT('2D SPACE',''
  ) );
#4135 = ORIENTED_EDGE('',*,*,#4136,.F.);
#4136 = EDGE_CURVE('',#4137,#4116,#4139,.T.);
#4137 = VERTEX_POINT('',#4138);
#4138 = CARTESIAN_POINT('',(7.4,17.704,42.696));
#4139 = SURFACE_CURVE('',#4140,(#4144,#4151),.PCURVE_S1.);
#4140 = LINE('',#4141,#4142);
#4141 = CARTESIAN_POINT('',(0.,17.704,42.696));
#4142 = VECTOR('',#4143,1.);
#4143 = DIRECTION('',(1.,0.,0.));
#4144 = PCURVE('',#3940,#4145);
#4145 = DEFINITIONAL_REPRESENTATION('',(#4146),#4150);
#4146 = LINE('',#4147,#4148);
#4147 = CARTESIAN_POINT('',(24.552397948062,0.));
#4148 = VECTOR('',#4149,1.);
#4149 = DIRECTION('',(0.,-1.));
#4150 = ( GEOMETRIC_REPRESENTATION_CONTEXT(2) 
PARAMETRIC_REPRESENTATION_CONTEXT() REPRESENTATION_CONTEXT('2D SPACE',''
  ) );
#4151 = PCURVE('',#3686,#4152);
#4152 = DEFINITIONAL_REPRESENTATION('',(#4153),#4157);
#4153 = LINE('',#4154,#4155);
#4154 = CARTESIAN_POINT('',(0.,0.));
#4155 = VECTOR('',#4156,1.);
#4156 = DIRECTION('',(0.,-1.));
#4157 = ( GEOMETRIC_REPRESENTATION_CONTEXT(2) 
PARAMETRIC_REPRESENTATION_CONTEXT() REPRESENTATION_CONTEXT('2D SPACE',''
  ) );
#4158 = ORIENTED_EDGE('',*,*,#4159,.F.);
#4159 = EDGE_CURVE('',#4160,#4137,#4162,.T.);
#4160 = VERTEX_POINT('',#4161);
#4161 = CARTESIAN_POINT('',(7.4,17.851311637001,56.5));
#4162 = SURFACE_CURVE('',#4163,(#4167,#4173),.PCURVE_S1.);
#4163 = LINE('',#4164,#4165);
#4164 = CARTESIAN_POINT('',(7.4,17.748493694685,46.865330909209));
#4165 = VECTOR('',#4166,1.);
#4166 = DIRECTION('',(0.,-1.067105545268E-02,-0.999943062667));
#4167 = PCURVE('',#3940,#4168);
#4168 = DEFINITIONAL_REPRESENTATION('',(#4169),#4172);
#4169 = B_SPLINE_CURVE_WITH_KNOTS('',1,(#4170,#4171),.UNSPECIFIED.,.F.,
  .F.,(2,2),(-9.635217694391,4.169568313309),.PIECEWISE_BEZIER_KNOTS.);
#4170 = CARTESIAN_POINT('',(10.747611940362,-7.4));
#4171 = CARTESIAN_POINT('',(24.552397948062,-7.4));
#4172 = ( GEOMETRIC_REPRESENTATION_CONTEXT(2) 
PARAMETRIC_REPRESENTATION_CONTEXT() REPRESENTATION_CONTEXT('2D SPACE',''
  ) );
#4173 = PCURVE('',#3659,#4174);
#4174 = DEFINITIONAL_REPRESENTATION('',(#4175),#4178);
#4175 = B_SPLINE_CURVE_WITH_KNOTS('',1,(#4176,#4177),.UNSPECIFIED.,.F.,
  .F.,(2,2),(-9.635217694391,4.169568313309),.PIECEWISE_BEZIER_KNOTS.);
#4176 = CARTESIAN_POINT('',(30.,-1.851311637001));
#4177 = CARTESIAN_POINT('',(16.196,-1.704));
#4178 = ( GEOMETRIC_REPRESENTATION_CONTEXT(2) 
PARAMETRIC_REPRESENTATION_CONTEXT() REPRESENTATION_CONTEXT('2D SPACE',''
  ) );
#4179 = ORIENTED_EDGE('',*,*,#4180,.F.);
#4180 = EDGE_CURVE('',#4181,#4160,#4183,.T.);
#4181 = VERTEX_POINT('',#4182);
#4182 = CARTESIAN_POINT('',(6.6,17.851311637001,56.5));
#4183 = SURFACE_CURVE('',#4184,(#4188,#4194),.PCURVE_S1.);
#4184 = LINE('',#4185,#4186);
#4185 = CARTESIAN_POINT('',(3.3,17.851311637001,56.5));
#4186 = VECTOR('',#4187,1.);
#4187 = DIRECTION('',(1.,0.,0.));
#4188 = PCURVE('',#3940,#4189);
#4189 = DEFINITIONAL_REPRESENTATION('',(#4190),#4193);
#4190 = B_SPLINE_CURVE_WITH_KNOTS('',1,(#4191,#4192),.UNSPECIFIED.,.F.,
  .F.,(2,2),(3.3,4.1),.PIECEWISE_BEZIER_KNOTS.);
#4191 = CARTESIAN_POINT('',(10.747611940362,-6.6));
#4192 = CARTESIAN_POINT('',(10.747611940362,-7.4));
#4193 = ( GEOMETRIC_REPRESENTATION_CONTEXT(2) 
PARAMETRIC_REPRESENTATION_CONTEXT() REPRESENTATION_CONTEXT('2D SPACE',''
  ) );
#4194 = PCURVE('',#4195,#4200);
#4195 = PLANE('',#4196);
#4196 = AXIS2_PLACEMENT_3D('',#4197,#4198,#4199);
#4197 = CARTESIAN_POINT('',(6.6,16.,56.5));
#4198 = DIRECTION('',(0.,0.,1.));
#4199 = DIRECTION('',(1.,0.,0.));
#4200 = DEFINITIONAL_REPRESENTATION('',(#4201),#4204);
#4201 = B_SPLINE_CURVE_WITH_KNOTS('',1,(#4202,#4203),.UNSPECIFIED.,.F.,
  .F.,(2,2),(3.3,4.1),.PIECEWISE_BEZIER_KNOTS.);
#4202 = CARTESIAN_POINT('',(0.,1.851311637001));
#4203 = CARTESIAN_POINT('',(0.8,1.851311637001));
#4204 = ( GEOMETRIC_REPRESENTATION_CONTEXT(2) 
PARAMETRIC_REPRESENTATION_CONTEXT() REPRESENTATION_CONTEXT('2D SPACE',''
  ) );
#4205 = ORIENTED_EDGE('',*,*,#4206,.T.);
#4206 = EDGE_CURVE('',#4181,#3925,#4207,.T.);
#4207 = SURFACE_CURVE('',#4208,(#4212,#4218),.PCURVE_S1.);
#4208 = LINE('',#4209,#4210);
#4209 = CARTESIAN_POINT('',(6.6,17.748493694685,46.865330909209));
#4210 = VECTOR('',#4211,1.);
#4211 = DIRECTION('',(0.,-1.067105545268E-02,-0.999943062667));
#4212 = PCURVE('',#3940,#4213);
#4213 = DEFINITIONAL_REPRESENTATION('',(#4214),#4217);
#4214 = B_SPLINE_CURVE_WITH_KNOTS('',1,(#4215,#4216),.UNSPECIFIED.,.F.,
  .F.,(2,2),(-9.635217694391,4.169568313309),.PIECEWISE_BEZIER_KNOTS.);
#4215 = CARTESIAN_POINT('',(10.747611940362,-6.6));
#4216 = CARTESIAN_POINT('',(24.552397948062,-6.6));
#4217 = ( GEOMETRIC_REPRESENTATION_CONTEXT(2) 
PARAMETRIC_REPRESENTATION_CONTEXT() REPRESENTATION_CONTEXT('2D SPACE',''
  ) );
#4218 = PCURVE('',#3607,#4219);
#4219 = DEFINITIONAL_REPRESENTATION('',(#4220),#4223);
#4220 = B_SPLINE_CURVE_WITH_KNOTS('',1,(#4221,#4222),.UNSPECIFIED.,.F.,
  .F.,(2,2),(-9.635217694391,4.169568313309),.PIECEWISE_BEZIER_KNOTS.);
#4221 = CARTESIAN_POINT('',(30.,-1.851311637001));
#4222 = CARTESIAN_POINT('',(16.196,-1.704));
#4223 = ( GEOMETRIC_REPRESENTATION_CONTEXT(2) 
PARAMETRIC_REPRESENTATION_CONTEXT() REPRESENTATION_CONTEXT('2D SPACE',''
  ) );
#4224 = ORIENTED_EDGE('',*,*,#3924,.F.);
#4225 = ADVANCED_FACE('',(#4226,#4503,#4609),#4012,.F.);
#4226 = FACE_BOUND('',#4227,.F.);
#4227 = EDGE_LOOP('',(#4228,#4229,#4250,#4276,#4302,#4328,#4354,#4380,
    #4406,#4432,#4458,#4484));
#4228 = ORIENTED_EDGE('',*,*,#3996,.F.);
#4229 = ORIENTED_EDGE('',*,*,#4230,.F.);
#4230 = EDGE_CURVE('',#4231,#3976,#4233,.T.);
#4231 = VERTEX_POINT('',#4232);
#4232 = CARTESIAN_POINT('',(1.,17.996325516049,75.5));
#4233 = SURFACE_CURVE('',#4234,(#4238,#4244),.PCURVE_S1.);
#4234 = LINE('',#4235,#4236);
#4235 = CARTESIAN_POINT('',(1.,17.908125639861,51.496663106911));
#4236 = VECTOR('',#4237,1.);
#4237 = DIRECTION('',(0.,-3.674459145269E-03,-0.999993249152));
#4238 = PCURVE('',#4012,#4239);
#4239 = DEFINITIONAL_REPRESENTATION('',(#4240),#4243);
#4240 = B_SPLINE_CURVE_WITH_KNOTS('',1,(#4241,#4242),.UNSPECIFIED.,.F.,
  .F.,(2,2),(-24.00349893705,-15.75044322193),.PIECEWISE_BEZIER_KNOTS.);
#4241 = CARTESIAN_POINT('',(1.000006750893,-1.));
#4242 = CARTESIAN_POINT('',(9.253062466016,-1.));
#4243 = ( GEOMETRIC_REPRESENTATION_CONTEXT(2) 
PARAMETRIC_REPRESENTATION_CONTEXT() REPRESENTATION_CONTEXT('2D SPACE',''
  ) );
#4244 = PCURVE('',#3553,#4245);
#4245 = DEFINITIONAL_REPRESENTATION('',(#4246),#4249);
#4246 = B_SPLINE_CURVE_WITH_KNOTS('',1,(#4247,#4248),.UNSPECIFIED.,.F.,
  .F.,(2,2),(-24.00349893705,-15.75044322193),.PIECEWISE_BEZIER_KNOTS.);
#4247 = CARTESIAN_POINT('',(49.,-1.996325516049));
#4248 = CARTESIAN_POINT('',(40.747,-1.966));
#4249 = ( GEOMETRIC_REPRESENTATION_CONTEXT(2) 
PARAMETRIC_REPRESENTATION_CONTEXT() REPRESENTATION_CONTEXT('2D SPACE',''
  ) );
#4250 = ORIENTED_EDGE('',*,*,#4251,.T.);
#4251 = EDGE_CURVE('',#4231,#4252,#4254,.T.);
#4252 = VERTEX_POINT('',#4253);
#4253 = CARTESIAN_POINT('',(12.5,17.996325516049,75.5));
#4254 = SURFACE_CURVE('',#4255,(#4259,#4265),.PCURVE_S1.);
#4255 = LINE('',#4256,#4257);
#4256 = CARTESIAN_POINT('',(0.,17.996325516049,75.5));
#4257 = VECTOR('',#4258,1.);
#4258 = DIRECTION('',(1.,0.,0.));
#4259 = PCURVE('',#4012,#4260);
#4260 = DEFINITIONAL_REPRESENTATION('',(#4261),#4264);
#4261 = B_SPLINE_CURVE_WITH_KNOTS('',1,(#4262,#4263),.UNSPECIFIED.,.F.,
  .F.,(2,2),(1.,12.5),.PIECEWISE_BEZIER_KNOTS.);
#4262 = CARTESIAN_POINT('',(1.000006750893,-1.));
#4263 = CARTESIAN_POINT('',(1.000006750893,-12.5));
#4264 = ( GEOMETRIC_REPRESENTATION_CONTEXT(2) 
PARAMETRIC_REPRESENTATION_CONTEXT() REPRESENTATION_CONTEXT('2D SPACE',''
  ) );
#4265 = PCURVE('',#4266,#4271);
#4266 = PLANE('',#4267);
#4267 = AXIS2_PLACEMENT_3D('',#4268,#4269,#4270);
#4268 = CARTESIAN_POINT('',(0.,16.,75.5));
#4269 = DIRECTION('',(0.,0.,1.));
#4270 = DIRECTION('',(1.,0.,0.));
#4271 = DEFINITIONAL_REPRESENTATION('',(#4272),#4275);
#4272 = B_SPLINE_CURVE_WITH_KNOTS('',1,(#4273,#4274),.UNSPECIFIED.,.F.,
  .F.,(2,2),(1.,12.5),.PIECEWISE_BEZIER_KNOTS.);
#4273 = CARTESIAN_POINT('',(1.,1.996325516049));
#4274 = CARTESIAN_POINT('',(12.5,1.996325516049));
#4275 = ( GEOMETRIC_REPRESENTATION_CONTEXT(2) 
PARAMETRIC_REPRESENTATION_CONTEXT() REPRESENTATION_CONTEXT('2D SPACE',''
  ) );
#4276 = ORIENTED_EDGE('',*,*,#4277,.T.);
#4277 = EDGE_CURVE('',#4252,#4278,#4280,.T.);
#4278 = VERTEX_POINT('',#4279);
#4279 = CARTESIAN_POINT('',(12.5,17.987139306171,73.));
#4280 = SURFACE_CURVE('',#4281,(#4285,#4291),.PCURVE_S1.);
#4281 = LINE('',#4282,#4283);
#4282 = CARTESIAN_POINT('',(12.5,17.993556238256,74.746349193548));
#4283 = VECTOR('',#4284,1.);
#4284 = DIRECTION('',(0.,-3.674459145269E-03,-0.999993249152));
#4285 = PCURVE('',#4012,#4286);
#4286 = DEFINITIONAL_REPRESENTATION('',(#4287),#4290);
#4287 = B_SPLINE_CURVE_WITH_KNOTS('',1,(#4288,#4289),.UNSPECIFIED.,.F.,
  .F.,(2,2),(-0.753655894268,6.246391361985),.PIECEWISE_BEZIER_KNOTS.);
#4288 = CARTESIAN_POINT('',(1.000006750893,-12.5));
#4289 = CARTESIAN_POINT('',(8.000054007147,-12.5));
#4290 = ( GEOMETRIC_REPRESENTATION_CONTEXT(2) 
PARAMETRIC_REPRESENTATION_CONTEXT() REPRESENTATION_CONTEXT('2D SPACE',''
  ) );
#4291 = PCURVE('',#4292,#4297);
#4292 = PLANE('',#4293);
#4293 = AXIS2_PLACEMENT_3D('',#4294,#4295,#4296);
#4294 = CARTESIAN_POINT('',(12.5,16.,73.));
#4295 = DIRECTION('',(1.,0.,0.));
#4296 = DIRECTION('',(0.,0.,1.));
#4297 = DEFINITIONAL_REPRESENTATION('',(#4298),#4301);
#4298 = B_SPLINE_CURVE_WITH_KNOTS('',1,(#4299,#4300),.UNSPECIFIED.,.F.,
  .F.,(2,2),(-0.753655894268,6.246391361985),.PIECEWISE_BEZIER_KNOTS.);
#4299 = CARTESIAN_POINT('',(2.5,-1.996325516049));
#4300 = CARTESIAN_POINT('',(-4.5,-1.970604128391));
#4301 = ( GEOMETRIC_REPRESENTATION_CONTEXT(2) 
PARAMETRIC_REPRESENTATION_CONTEXT() REPRESENTATION_CONTEXT('2D SPACE',''
  ) );
#4302 = ORIENTED_EDGE('',*,*,#4303,.T.);
#4303 = EDGE_CURVE('',#4278,#4304,#4306,.T.);
#4304 = VERTEX_POINT('',#4305);
#4305 = CARTESIAN_POINT('',(13.5,17.987139306171,73.));
#4306 = SURFACE_CURVE('',#4307,(#4311,#4317),.PCURVE_S1.);
#4307 = LINE('',#4308,#4309);
#4308 = CARTESIAN_POINT('',(6.25,17.987139306171,73.));
#4309 = VECTOR('',#4310,1.);
#4310 = DIRECTION('',(1.,0.,0.));
#4311 = PCURVE('',#4012,#4312);
#4312 = DEFINITIONAL_REPRESENTATION('',(#4313),#4316);
#4313 = B_SPLINE_CURVE_WITH_KNOTS('',1,(#4314,#4315),.UNSPECIFIED.,.F.,
  .F.,(2,2),(6.25,7.25),.PIECEWISE_BEZIER_KNOTS.);
#4314 = CARTESIAN_POINT('',(3.500023628127,-12.5));
#4315 = CARTESIAN_POINT('',(3.500023628127,-13.5));
#4316 = ( GEOMETRIC_REPRESENTATION_CONTEXT(2) 
PARAMETRIC_REPRESENTATION_CONTEXT() REPRESENTATION_CONTEXT('2D SPACE',''
  ) );
#4317 = PCURVE('',#4318,#4323);
#4318 = PLANE('',#4319);
#4319 = AXIS2_PLACEMENT_3D('',#4320,#4321,#4322);
#4320 = CARTESIAN_POINT('',(12.5,16.,73.));
#4321 = DIRECTION('',(0.,0.,1.));
#4322 = DIRECTION('',(1.,0.,0.));
#4323 = DEFINITIONAL_REPRESENTATION('',(#4324),#4327);
#4324 = B_SPLINE_CURVE_WITH_KNOTS('',1,(#4325,#4326),.UNSPECIFIED.,.F.,
  .F.,(2,2),(6.25,7.25),.PIECEWISE_BEZIER_KNOTS.);
#4325 = CARTESIAN_POINT('',(0.,1.987139306171));
#4326 = CARTESIAN_POINT('',(1.,1.987139306171));
#4327 = ( GEOMETRIC_REPRESENTATION_CONTEXT(2) 
PARAMETRIC_REPRESENTATION_CONTEXT() REPRESENTATION_CONTEXT('2D SPACE',''
  ) );
#4328 = ORIENTED_EDGE('',*,*,#4329,.F.);
#4329 = EDGE_CURVE('',#4330,#4304,#4332,.T.);
#4330 = VERTEX_POINT('',#4331);
#4331 = CARTESIAN_POINT('',(13.5,17.996325516049,75.5));
#4332 = SURFACE_CURVE('',#4333,(#4337,#4343),.PCURVE_S1.);
#4333 = LINE('',#4334,#4335);
#4334 = CARTESIAN_POINT('',(13.5,17.993556238256,74.746349193548));
#4335 = VECTOR('',#4336,1.);
#4336 = DIRECTION('',(0.,-3.674459145269E-03,-0.999993249152));
#4337 = PCURVE('',#4012,#4338);
#4338 = DEFINITIONAL_REPRESENTATION('',(#4339),#4342);
#4339 = B_SPLINE_CURVE_WITH_KNOTS('',1,(#4340,#4341),.UNSPECIFIED.,.F.,
  .F.,(2,2),(-0.753655894268,1.746360982965),.PIECEWISE_BEZIER_KNOTS.);
#4340 = CARTESIAN_POINT('',(1.000006750893,-13.5));
#4341 = CARTESIAN_POINT('',(3.500023628127,-13.5));
#4342 = ( GEOMETRIC_REPRESENTATION_CONTEXT(2) 
PARAMETRIC_REPRESENTATION_CONTEXT() REPRESENTATION_CONTEXT('2D SPACE',''
  ) );
#4343 = PCURVE('',#4344,#4349);
#4344 = PLANE('',#4345);
#4345 = AXIS2_PLACEMENT_3D('',#4346,#4347,#4348);
#4346 = CARTESIAN_POINT('',(13.5,16.,73.));
#4347 = DIRECTION('',(1.,0.,0.));
#4348 = DIRECTION('',(0.,0.,1.));
#4349 = DEFINITIONAL_REPRESENTATION('',(#4350),#4353);
#4350 = B_SPLINE_CURVE_WITH_KNOTS('',1,(#4351,#4352),.UNSPECIFIED.,.F.,
  .F.,(2,2),(-0.753655894268,1.746360982965),.PIECEWISE_BEZIER_KNOTS.);
#4351 = CARTESIAN_POINT('',(2.5,-1.996325516049));
#4352 = CARTESIAN_POINT('',(0.,-1.987139306171));
#4353 = ( GEOMETRIC_REPRESENTATION_CONTEXT(2) 
PARAMETRIC_REPRESENTATION_CONTEXT() REPRESENTATION_CONTEXT('2D SPACE',''
  ) );
#4354 = ORIENTED_EDGE('',*,*,#4355,.T.);
#4355 = EDGE_CURVE('',#4330,#4356,#4358,.T.);
#4356 = VERTEX_POINT('',#4357);
#4357 = CARTESIAN_POINT('',(17.5,17.996325516049,75.5));
#4358 = SURFACE_CURVE('',#4359,(#4363,#4369),.PCURVE_S1.);
#4359 = LINE('',#4360,#4361);
#4360 = CARTESIAN_POINT('',(0.,17.996325516049,75.5));
#4361 = VECTOR('',#4362,1.);
#4362 = DIRECTION('',(1.,0.,0.));
#4363 = PCURVE('',#4012,#4364);
#4364 = DEFINITIONAL_REPRESENTATION('',(#4365),#4368);
#4365 = B_SPLINE_CURVE_WITH_KNOTS('',1,(#4366,#4367),.UNSPECIFIED.,.F.,
  .F.,(2,2),(13.5,17.5),.PIECEWISE_BEZIER_KNOTS.);
#4366 = CARTESIAN_POINT('',(1.000006750893,-13.5));
#4367 = CARTESIAN_POINT('',(1.000006750893,-17.5));
#4368 = ( GEOMETRIC_REPRESENTATION_CONTEXT(2) 
PARAMETRIC_REPRESENTATION_CONTEXT() REPRESENTATION_CONTEXT('2D SPACE',''
  ) );
#4369 = PCURVE('',#4370,#4375);
#4370 = PLANE('',#4371);
#4371 = AXIS2_PLACEMENT_3D('',#4372,#4373,#4374);
#4372 = CARTESIAN_POINT('',(0.,16.,75.5));
#4373 = DIRECTION('',(0.,0.,1.));
#4374 = DIRECTION('',(1.,0.,0.));
#4375 = DEFINITIONAL_REPRESENTATION('',(#4376),#4379);
#4376 = B_SPLINE_CURVE_WITH_KNOTS('',1,(#4377,#4378),.UNSPECIFIED.,.F.,
  .F.,(2,2),(13.5,17.5),.PIECEWISE_BEZIER_KNOTS.);
#4377 = CARTESIAN_POINT('',(13.5,1.996325516049));
#4378 = CARTESIAN_POINT('',(17.5,1.996325516049));
#4379 = ( GEOMETRIC_REPRESENTATION_CONTEXT(2) 
PARAMETRIC_REPRESENTATION_CONTEXT() REPRESENTATION_CONTEXT('2D SPACE',''
  ) );
#4380 = ORIENTED_EDGE('',*,*,#4381,.T.);
#4381 = EDGE_CURVE('',#4356,#4382,#4384,.T.);
#4382 = VERTEX_POINT('',#4383);
#4383 = CARTESIAN_POINT('',(17.5,17.987139306171,73.));
#4384 = SURFACE_CURVE('',#4385,(#4389,#4395),.PCURVE_S1.);
#4385 = LINE('',#4386,#4387);
#4386 = CARTESIAN_POINT('',(17.5,17.993556238256,74.746349193548));
#4387 = VECTOR('',#4388,1.);
#4388 = DIRECTION('',(0.,-3.674459145269E-03,-0.999993249152));
#4389 = PCURVE('',#4012,#4390);
#4390 = DEFINITIONAL_REPRESENTATION('',(#4391),#4394);
#4391 = B_SPLINE_CURVE_WITH_KNOTS('',1,(#4392,#4393),.UNSPECIFIED.,.F.,
  .F.,(2,2),(-0.753655894268,1.746360982965),.PIECEWISE_BEZIER_KNOTS.);
#4392 = CARTESIAN_POINT('',(1.000006750893,-17.5));
#4393 = CARTESIAN_POINT('',(3.500023628127,-17.5));
#4394 = ( GEOMETRIC_REPRESENTATION_CONTEXT(2) 
PARAMETRIC_REPRESENTATION_CONTEXT() REPRESENTATION_CONTEXT('2D SPACE',''
  ) );
#4395 = PCURVE('',#4396,#4401);
#4396 = PLANE('',#4397);
#4397 = AXIS2_PLACEMENT_3D('',#4398,#4399,#4400);
#4398 = CARTESIAN_POINT('',(17.5,16.,73.));
#4399 = DIRECTION('',(1.,0.,0.));
#4400 = DIRECTION('',(0.,0.,1.));
#4401 = DEFINITIONAL_REPRESENTATION('',(#4402),#4405);
#4402 = B_SPLINE_CURVE_WITH_KNOTS('',1,(#4403,#4404),.UNSPECIFIED.,.F.,
  .F.,(2,2),(-0.753655894268,1.746360982965),.PIECEWISE_BEZIER_KNOTS.);
#4403 = CARTESIAN_POINT('',(2.5,-1.996325516049));
#4404 = CARTESIAN_POINT('',(0.,-1.987139306171));
#4405 = ( GEOMETRIC_REPRESENTATION_CONTEXT(2) 
PARAMETRIC_REPRESENTATION_CONTEXT() REPRESENTATION_CONTEXT('2D SPACE',''
  ) );
#4406 = ORIENTED_EDGE('',*,*,#4407,.T.);
#4407 = EDGE_CURVE('',#4382,#4408,#4410,.T.);
#4408 = VERTEX_POINT('',#4409);
#4409 = CARTESIAN_POINT('',(18.5,17.987139306171,73.));
#4410 = SURFACE_CURVE('',#4411,(#4415,#4421),.PCURVE_S1.);
#4411 = LINE('',#4412,#4413);
#4412 = CARTESIAN_POINT('',(8.75,17.987139306171,73.));
#4413 = VECTOR('',#4414,1.);
#4414 = DIRECTION('',(1.,0.,0.));
#4415 = PCURVE('',#4012,#4416);
#4416 = DEFINITIONAL_REPRESENTATION('',(#4417),#4420);
#4417 = B_SPLINE_CURVE_WITH_KNOTS('',1,(#4418,#4419),.UNSPECIFIED.,.F.,
  .F.,(2,2),(8.75,9.75),.PIECEWISE_BEZIER_KNOTS.);
#4418 = CARTESIAN_POINT('',(3.500023628127,-17.5));
#4419 = CARTESIAN_POINT('',(3.500023628127,-18.5));
#4420 = ( GEOMETRIC_REPRESENTATION_CONTEXT(2) 
PARAMETRIC_REPRESENTATION_CONTEXT() REPRESENTATION_CONTEXT('2D SPACE',''
  ) );
#4421 = PCURVE('',#4422,#4427);
#4422 = PLANE('',#4423);
#4423 = AXIS2_PLACEMENT_3D('',#4424,#4425,#4426);
#4424 = CARTESIAN_POINT('',(17.5,16.,73.));
#4425 = DIRECTION('',(0.,0.,1.));
#4426 = DIRECTION('',(1.,0.,0.));
#4427 = DEFINITIONAL_REPRESENTATION('',(#4428),#4431);
#4428 = B_SPLINE_CURVE_WITH_KNOTS('',1,(#4429,#4430),.UNSPECIFIED.,.F.,
  .F.,(2,2),(8.75,9.75),.PIECEWISE_BEZIER_KNOTS.);
#4429 = CARTESIAN_POINT('',(0.,1.987139306171));
#4430 = CARTESIAN_POINT('',(1.,1.987139306171));
#4431 = ( GEOMETRIC_REPRESENTATION_CONTEXT(2) 
PARAMETRIC_REPRESENTATION_CONTEXT() REPRESENTATION_CONTEXT('2D SPACE',''
  ) );
#4432 = ORIENTED_EDGE('',*,*,#4433,.F.);
#4433 = EDGE_CURVE('',#4434,#4408,#4436,.T.);
#4434 = VERTEX_POINT('',#4435);
#4435 = CARTESIAN_POINT('',(18.5,17.996325516049,75.5));
#4436 = SURFACE_CURVE('',#4437,(#4441,#4447),.PCURVE_S1.);
#4437 = LINE('',#4438,#4439);
#4438 = CARTESIAN_POINT('',(18.5,17.985288760992,72.49637957226));
#4439 = VECTOR('',#4440,1.);
#4440 = DIRECTION('',(0.,-3.674459145269E-03,-0.999993249152));
#4441 = PCURVE('',#4012,#4442);
#4442 = DEFINITIONAL_REPRESENTATION('',(#4443),#4446);
#4443 = B_SPLINE_CURVE_WITH_KNOTS('',1,(#4444,#4445),.UNSPECIFIED.,.F.,
  .F.,(2,2),(-3.003640704861,3.996406551393),.PIECEWISE_BEZIER_KNOTS.);
#4444 = CARTESIAN_POINT('',(1.000006750893,-18.5));
#4445 = CARTESIAN_POINT('',(8.000054007147,-18.5));
#4446 = ( GEOMETRIC_REPRESENTATION_CONTEXT(2) 
PARAMETRIC_REPRESENTATION_CONTEXT() REPRESENTATION_CONTEXT('2D SPACE',''
  ) );
#4447 = PCURVE('',#4448,#4453);
#4448 = PLANE('',#4449);
#4449 = AXIS2_PLACEMENT_3D('',#4450,#4451,#4452);
#4450 = CARTESIAN_POINT('',(18.5,16.,68.5));
#4451 = DIRECTION('',(1.,0.,0.));
#4452 = DIRECTION('',(0.,0.,1.));
#4453 = DEFINITIONAL_REPRESENTATION('',(#4454),#4457);
#4454 = B_SPLINE_CURVE_WITH_KNOTS('',1,(#4455,#4456),.UNSPECIFIED.,.F.,
  .F.,(2,2),(-3.003640704861,3.996406551393),.PIECEWISE_BEZIER_KNOTS.);
#4455 = CARTESIAN_POINT('',(7.,-1.996325516049));
#4456 = CARTESIAN_POINT('',(0.,-1.970604128391));
#4457 = ( GEOMETRIC_REPRESENTATION_CONTEXT(2) 
PARAMETRIC_REPRESENTATION_CONTEXT() REPRESENTATION_CONTEXT('2D SPACE',''
  ) );
#4458 = ORIENTED_EDGE('',*,*,#4459,.T.);
#4459 = EDGE_CURVE('',#4434,#4460,#4462,.T.);
#4460 = VERTEX_POINT('',#4461);
#4461 = CARTESIAN_POINT('',(30.,17.996325516049,75.5));
#4462 = SURFACE_CURVE('',#4463,(#4467,#4473),.PCURVE_S1.);
#4463 = LINE('',#4464,#4465);
#4464 = CARTESIAN_POINT('',(0.,17.996325516049,75.5));
#4465 = VECTOR('',#4466,1.);
#4466 = DIRECTION('',(1.,0.,0.));
#4467 = PCURVE('',#4012,#4468);
#4468 = DEFINITIONAL_REPRESENTATION('',(#4469),#4472);
#4469 = B_SPLINE_CURVE_WITH_KNOTS('',1,(#4470,#4471),.UNSPECIFIED.,.F.,
  .F.,(2,2),(18.5,30.),.PIECEWISE_BEZIER_KNOTS.);
#4470 = CARTESIAN_POINT('',(1.000006750893,-18.5));
#4471 = CARTESIAN_POINT('',(1.000006750893,-30.));
#4472 = ( GEOMETRIC_REPRESENTATION_CONTEXT(2) 
PARAMETRIC_REPRESENTATION_CONTEXT() REPRESENTATION_CONTEXT('2D SPACE',''
  ) );
#4473 = PCURVE('',#4474,#4479);
#4474 = PLANE('',#4475);
#4475 = AXIS2_PLACEMENT_3D('',#4476,#4477,#4478);
#4476 = CARTESIAN_POINT('',(0.,16.,75.5));
#4477 = DIRECTION('',(0.,0.,1.));
#4478 = DIRECTION('',(1.,0.,0.));
#4479 = DEFINITIONAL_REPRESENTATION('',(#4480),#4483);
#4480 = B_SPLINE_CURVE_WITH_KNOTS('',1,(#4481,#4482),.UNSPECIFIED.,.F.,
  .F.,(2,2),(18.5,30.),.PIECEWISE_BEZIER_KNOTS.);
#4481 = CARTESIAN_POINT('',(18.5,1.996325516049));
#4482 = CARTESIAN_POINT('',(30.,1.996325516049));
#4483 = ( GEOMETRIC_REPRESENTATION_CONTEXT(2) 
PARAMETRIC_REPRESENTATION_CONTEXT() REPRESENTATION_CONTEXT('2D SPACE',''
  ) );
#4484 = ORIENTED_EDGE('',*,*,#4485,.T.);
#4485 = EDGE_CURVE('',#4460,#3997,#4486,.T.);
#4486 = SURFACE_CURVE('',#4487,(#4491,#4497),.PCURVE_S1.);
#4487 = LINE('',#4488,#4489);
#4488 = CARTESIAN_POINT('',(30.,17.908125639861,51.496663106911));
#4489 = VECTOR('',#4490,1.);
#4490 = DIRECTION('',(0.,-3.674459145269E-03,-0.999993249152));
#4491 = PCURVE('',#4012,#4492);
#4492 = DEFINITIONAL_REPRESENTATION('',(#4493),#4496);
#4493 = B_SPLINE_CURVE_WITH_KNOTS('',1,(#4494,#4495),.UNSPECIFIED.,.F.,
  .F.,(2,2),(-24.00349893705,-15.75044322193),.PIECEWISE_BEZIER_KNOTS.);
#4494 = CARTESIAN_POINT('',(1.000006750893,-30.));
#4495 = CARTESIAN_POINT('',(9.253062466016,-30.));
#4496 = ( GEOMETRIC_REPRESENTATION_CONTEXT(2) 
PARAMETRIC_REPRESENTATION_CONTEXT() REPRESENTATION_CONTEXT('2D SPACE',''
  ) );
#4497 = PCURVE('',#3819,#4498);
#4498 = DEFINITIONAL_REPRESENTATION('',(#4499),#4502);
#4499 = B_SPLINE_CURVE_WITH_KNOTS('',1,(#4500,#4501),.UNSPECIFIED.,.F.,
  .F.,(2,2),(-24.00349893705,-15.75044322193),.PIECEWISE_BEZIER_KNOTS.);
#4500 = CARTESIAN_POINT('',(49.,-1.996325516049));
#4501 = CARTESIAN_POINT('',(40.747,-1.966));
#4502 = ( GEOMETRIC_REPRESENTATION_CONTEXT(2) 
PARAMETRIC_REPRESENTATION_CONTEXT() REPRESENTATION_CONTEXT('2D SPACE',''
  ) );
#4503 = FACE_BOUND('',#4504,.F.);
#4504 = EDGE_LOOP('',(#4505,#4533,#4559,#4585));
#4505 = ORIENTED_EDGE('',*,*,#4506,.T.);
#4506 = EDGE_CURVE('',#4507,#4509,#4511,.T.);
#4507 = VERTEX_POINT('',#4508);
#4508 = CARTESIAN_POINT('',(24.5,17.992651032098,74.5));
#4509 = VERTEX_POINT('',#4510);
#4510 = CARTESIAN_POINT('',(24.5,17.974278612342,69.5));
#4511 = SURFACE_CURVE('',#4512,(#4516,#4522),.PCURVE_S1.);
#4512 = LINE('',#4513,#4514);
#4513 = CARTESIAN_POINT('',(24.5,17.99174062444,74.252235233712));
#4514 = VECTOR('',#4515,1.);
#4515 = DIRECTION('',(0.,-3.674459145269E-03,-0.999993249152));
#4516 = PCURVE('',#4012,#4517);
#4517 = DEFINITIONAL_REPRESENTATION('',(#4518),#4521);
#4518 = B_SPLINE_CURVE_WITH_KNOTS('',1,(#4519,#4520),.UNSPECIFIED.,.F.,
  .F.,(2,2),(-0.247766438921,4.752267315546),.PIECEWISE_BEZIER_KNOTS.);
#4519 = CARTESIAN_POINT('',(2.000013501787,-24.5));
#4520 = CARTESIAN_POINT('',(7.000047256254,-24.5));
#4521 = ( GEOMETRIC_REPRESENTATION_CONTEXT(2) 
PARAMETRIC_REPRESENTATION_CONTEXT() REPRESENTATION_CONTEXT('2D SPACE',''
  ) );
#4522 = PCURVE('',#4523,#4528);
#4523 = PLANE('',#4524);
#4524 = AXIS2_PLACEMENT_3D('',#4525,#4526,#4527);
#4525 = CARTESIAN_POINT('',(24.5,19.200105810066,72.));
#4526 = DIRECTION('',(1.,0.,0.));
#4527 = DIRECTION('',(0.,0.,1.));
#4528 = DEFINITIONAL_REPRESENTATION('',(#4529),#4532);
#4529 = B_SPLINE_CURVE_WITH_KNOTS('',1,(#4530,#4531),.UNSPECIFIED.,.F.,
  .F.,(2,2),(-0.247766438921,4.752267315546),.PIECEWISE_BEZIER_KNOTS.);
#4530 = CARTESIAN_POINT('',(2.5,1.207454777968));
#4531 = CARTESIAN_POINT('',(-2.5,1.225827197724));
#4532 = ( GEOMETRIC_REPRESENTATION_CONTEXT(2) 
PARAMETRIC_REPRESENTATION_CONTEXT() REPRESENTATION_CONTEXT('2D SPACE',''
  ) );
#4533 = ORIENTED_EDGE('',*,*,#4534,.T.);
#4534 = EDGE_CURVE('',#4509,#4535,#4537,.T.);
#4535 = VERTEX_POINT('',#4536);
#4536 = CARTESIAN_POINT('',(25.5,17.974278612342,69.5));
#4537 = SURFACE_CURVE('',#4538,(#4542,#4548),.PCURVE_S1.);
#4538 = LINE('',#4539,#4540);
#4539 = CARTESIAN_POINT('',(12.25,17.974278612342,69.5));
#4540 = VECTOR('',#4541,1.);
#4541 = DIRECTION('',(1.,0.,0.));
#4542 = PCURVE('',#4012,#4543);
#4543 = DEFINITIONAL_REPRESENTATION('',(#4544),#4547);
#4544 = B_SPLINE_CURVE_WITH_KNOTS('',1,(#4545,#4546),.UNSPECIFIED.,.F.,
  .F.,(2,2),(12.25,13.25),.PIECEWISE_BEZIER_KNOTS.);
#4545 = CARTESIAN_POINT('',(7.000047256254,-24.5));
#4546 = CARTESIAN_POINT('',(7.000047256254,-25.5));
#4547 = ( GEOMETRIC_REPRESENTATION_CONTEXT(2) 
PARAMETRIC_REPRESENTATION_CONTEXT() REPRESENTATION_CONTEXT('2D SPACE',''
  ) );
#4548 = PCURVE('',#4549,#4554);
#4549 = PLANE('',#4550);
#4550 = AXIS2_PLACEMENT_3D('',#4551,#4552,#4553);
#4551 = CARTESIAN_POINT('',(24.5,17.5,69.5));
#4552 = DIRECTION('',(0.,0.,1.));
#4553 = DIRECTION('',(0.,1.,0.));
#4554 = DEFINITIONAL_REPRESENTATION('',(#4555),#4558);
#4555 = B_SPLINE_CURVE_WITH_KNOTS('',1,(#4556,#4557),.UNSPECIFIED.,.F.,
  .F.,(2,2),(12.25,13.25),.PIECEWISE_BEZIER_KNOTS.);
#4556 = CARTESIAN_POINT('',(0.474278612342,0.));
#4557 = CARTESIAN_POINT('',(0.474278612342,-1.));
#4558 = ( GEOMETRIC_REPRESENTATION_CONTEXT(2) 
PARAMETRIC_REPRESENTATION_CONTEXT() REPRESENTATION_CONTEXT('2D SPACE',''
  ) );
#4559 = ORIENTED_EDGE('',*,*,#4560,.F.);
#4560 = EDGE_CURVE('',#4561,#4535,#4563,.T.);
#4561 = VERTEX_POINT('',#4562);
#4562 = CARTESIAN_POINT('',(25.5,17.992651032098,74.5));
#4563 = SURFACE_CURVE('',#4564,(#4568,#4574),.PCURVE_S1.);
#4564 = LINE('',#4565,#4566);
#4565 = CARTESIAN_POINT('',(25.5,17.99174062444,74.252235233712));
#4566 = VECTOR('',#4567,1.);
#4567 = DIRECTION('',(0.,-3.674459145269E-03,-0.999993249152));
#4568 = PCURVE('',#4012,#4569);
#4569 = DEFINITIONAL_REPRESENTATION('',(#4570),#4573);
#4570 = B_SPLINE_CURVE_WITH_KNOTS('',1,(#4571,#4572),.UNSPECIFIED.,.F.,
  .F.,(2,2),(-0.247766438921,4.752267315546),.PIECEWISE_BEZIER_KNOTS.);
#4571 = CARTESIAN_POINT('',(2.000013501787,-25.5));
#4572 = CARTESIAN_POINT('',(7.000047256254,-25.5));
#4573 = ( GEOMETRIC_REPRESENTATION_CONTEXT(2) 
PARAMETRIC_REPRESENTATION_CONTEXT() REPRESENTATION_CONTEXT('2D SPACE',''
  ) );
#4574 = PCURVE('',#4575,#4580);
#4575 = PLANE('',#4576);
#4576 = AXIS2_PLACEMENT_3D('',#4577,#4578,#4579);
#4577 = CARTESIAN_POINT('',(25.5,19.200105810066,72.));
#4578 = DIRECTION('',(1.,0.,0.));
#4579 = DIRECTION('',(0.,0.,1.));
#4580 = DEFINITIONAL_REPRESENTATION('',(#4581),#4584);
#4581 = B_SPLINE_CURVE_WITH_KNOTS('',1,(#4582,#4583),.UNSPECIFIED.,.F.,
  .F.,(2,2),(-0.247766438921,4.752267315546),.PIECEWISE_BEZIER_KNOTS.);
#4582 = CARTESIAN_POINT('',(2.5,1.207454777968));
#4583 = CARTESIAN_POINT('',(-2.5,1.225827197724));
#4584 = ( GEOMETRIC_REPRESENTATION_CONTEXT(2) 
PARAMETRIC_REPRESENTATION_CONTEXT() REPRESENTATION_CONTEXT('2D SPACE',''
  ) );
#4585 = ORIENTED_EDGE('',*,*,#4586,.T.);
#4586 = EDGE_CURVE('',#4561,#4507,#4587,.T.);
#4587 = SURFACE_CURVE('',#4588,(#4592,#4598),.PCURVE_S1.);
#4588 = LINE('',#4589,#4590);
#4589 = CARTESIAN_POINT('',(12.25,17.992651032098,74.5));
#4590 = VECTOR('',#4591,1.);
#4591 = DIRECTION('',(-1.,0.,0.));
#4592 = PCURVE('',#4012,#4593);
#4593 = DEFINITIONAL_REPRESENTATION('',(#4594),#4597);
#4594 = B_SPLINE_CURVE_WITH_KNOTS('',1,(#4595,#4596),.UNSPECIFIED.,.F.,
  .F.,(2,2),(-13.25,-12.25),.PIECEWISE_BEZIER_KNOTS.);
#4595 = CARTESIAN_POINT('',(2.000013501787,-25.5));
#4596 = CARTESIAN_POINT('',(2.000013501787,-24.5));
#4597 = ( GEOMETRIC_REPRESENTATION_CONTEXT(2) 
PARAMETRIC_REPRESENTATION_CONTEXT() REPRESENTATION_CONTEXT('2D SPACE',''
  ) );
#4598 = PCURVE('',#4599,#4604);
#4599 = PLANE('',#4600);
#4600 = AXIS2_PLACEMENT_3D('',#4601,#4602,#4603);
#4601 = CARTESIAN_POINT('',(24.5,20.5,74.5));
#4602 = DIRECTION('',(0.,0.,-1.));
#4603 = DIRECTION('',(0.,-1.,0.));
#4604 = DEFINITIONAL_REPRESENTATION('',(#4605),#4608);
#4605 = B_SPLINE_CURVE_WITH_KNOTS('',1,(#4606,#4607),.UNSPECIFIED.,.F.,
  .F.,(2,2),(-13.25,-12.25),.PIECEWISE_BEZIER_KNOTS.);
#4606 = CARTESIAN_POINT('',(2.507348967902,-1.));
#4607 = CARTESIAN_POINT('',(2.507348967902,0.));
#4608 = ( GEOMETRIC_REPRESENTATION_CONTEXT(2) 
PARAMETRIC_REPRESENTATION_CONTEXT() REPRESENTATION_CONTEXT('2D SPACE',''
  ) );
#4609 = FACE_BOUND('',#4610,.F.);
#4610 = EDGE_LOOP('',(#4611,#4639,#4665,#4691));
#4611 = ORIENTED_EDGE('',*,*,#4612,.T.);
#4612 = EDGE_CURVE('',#4613,#4615,#4617,.T.);
#4613 = VERTEX_POINT('',#4614);
#4614 = CARTESIAN_POINT('',(5.5,17.992651032098,74.5));
#4615 = VERTEX_POINT('',#4616);
#4616 = CARTESIAN_POINT('',(5.5,17.974278612342,69.5));
#4617 = SURFACE_CURVE('',#4618,(#4622,#4628),.PCURVE_S1.);
#4618 = LINE('',#4619,#4620);
#4619 = CARTESIAN_POINT('',(5.5,17.99174062444,74.252235233712));
#4620 = VECTOR('',#4621,1.);
#4621 = DIRECTION('',(0.,-3.674459145269E-03,-0.999993249152));
#4622 = PCURVE('',#4012,#4623);
#4623 = DEFINITIONAL_REPRESENTATION('',(#4624),#4627);
#4624 = B_SPLINE_CURVE_WITH_KNOTS('',1,(#4625,#4626),.UNSPECIFIED.,.F.,
  .F.,(2,2),(-0.247766438921,4.752267315546),.PIECEWISE_BEZIER_KNOTS.);
#4625 = CARTESIAN_POINT('',(2.000013501787,-5.5));
#4626 = CARTESIAN_POINT('',(7.000047256254,-5.5));
#4627 = ( GEOMETRIC_REPRESENTATION_CONTEXT(2) 
PARAMETRIC_REPRESENTATION_CONTEXT() REPRESENTATION_CONTEXT('2D SPACE',''
  ) );
#4628 = PCURVE('',#4629,#4634);
#4629 = PLANE('',#4630);
#4630 = AXIS2_PLACEMENT_3D('',#4631,#4632,#4633);
#4631 = CARTESIAN_POINT('',(5.5,19.200105810066,72.));
#4632 = DIRECTION('',(1.,0.,0.));
#4633 = DIRECTION('',(0.,0.,1.));
#4634 = DEFINITIONAL_REPRESENTATION('',(#4635),#4638);
#4635 = B_SPLINE_CURVE_WITH_KNOTS('',1,(#4636,#4637),.UNSPECIFIED.,.F.,
  .F.,(2,2),(-0.247766438921,4.752267315546),.PIECEWISE_BEZIER_KNOTS.);
#4636 = CARTESIAN_POINT('',(2.5,1.207454777968));
#4637 = CARTESIAN_POINT('',(-2.5,1.225827197724));
#4638 = ( GEOMETRIC_REPRESENTATION_CONTEXT(2) 
PARAMETRIC_REPRESENTATION_CONTEXT() REPRESENTATION_CONTEXT('2D SPACE',''
  ) );
#4639 = ORIENTED_EDGE('',*,*,#4640,.T.);
#4640 = EDGE_CURVE('',#4615,#4641,#4643,.T.);
#4641 = VERTEX_POINT('',#4642);
#4642 = CARTESIAN_POINT('',(6.5,17.974278612342,69.5));
#4643 = SURFACE_CURVE('',#4644,(#4648,#4654),.PCURVE_S1.);
#4644 = LINE('',#4645,#4646);
#4645 = CARTESIAN_POINT('',(2.75,17.974278612342,69.5));
#4646 = VECTOR('',#4647,1.);
#4647 = DIRECTION('',(1.,0.,0.));
#4648 = PCURVE('',#4012,#4649);
#4649 = DEFINITIONAL_REPRESENTATION('',(#4650),#4653);
#4650 = B_SPLINE_CURVE_WITH_KNOTS('',1,(#4651,#4652),.UNSPECIFIED.,.F.,
  .F.,(2,2),(2.75,3.75),.PIECEWISE_BEZIER_KNOTS.);
#4651 = CARTESIAN_POINT('',(7.000047256254,-5.5));
#4652 = CARTESIAN_POINT('',(7.000047256254,-6.5));
#4653 = ( GEOMETRIC_REPRESENTATION_CONTEXT(2) 
PARAMETRIC_REPRESENTATION_CONTEXT() REPRESENTATION_CONTEXT('2D SPACE',''
  ) );
#4654 = PCURVE('',#4655,#4660);
#4655 = PLANE('',#4656);
#4656 = AXIS2_PLACEMENT_3D('',#4657,#4658,#4659);
#4657 = CARTESIAN_POINT('',(5.5,17.5,69.5));
#4658 = DIRECTION('',(0.,0.,1.));
#4659 = DIRECTION('',(0.,1.,0.));
#4660 = DEFINITIONAL_REPRESENTATION('',(#4661),#4664);
#4661 = B_SPLINE_CURVE_WITH_KNOTS('',1,(#4662,#4663),.UNSPECIFIED.,.F.,
  .F.,(2,2),(2.75,3.75),.PIECEWISE_BEZIER_KNOTS.);
#4662 = CARTESIAN_POINT('',(0.474278612342,0.));
#4663 = CARTESIAN_POINT('',(0.474278612342,-1.));
#4664 = ( GEOMETRIC_REPRESENTATION_CONTEXT(2) 
PARAMETRIC_REPRESENTATION_CONTEXT() REPRESENTATION_CONTEXT('2D SPACE',''
  ) );
#4665 = ORIENTED_EDGE('',*,*,#4666,.F.);
#4666 = EDGE_CURVE('',#4667,#4641,#4669,.T.);
#4667 = VERTEX_POINT('',#4668);
#4668 = CARTESIAN_POINT('',(6.5,17.992651032098,74.5));
#4669 = SURFACE_CURVE('',#4670,(#4674,#4680),.PCURVE_S1.);
#4670 = LINE('',#4671,#4672);
#4671 = CARTESIAN_POINT('',(6.5,17.99174062444,74.252235233712));
#4672 = VECTOR('',#4673,1.);
#4673 = DIRECTION('',(0.,-3.674459145269E-03,-0.999993249152));
#4674 = PCURVE('',#4012,#4675);
#4675 = DEFINITIONAL_REPRESENTATION('',(#4676),#4679);
#4676 = B_SPLINE_CURVE_WITH_KNOTS('',1,(#4677,#4678),.UNSPECIFIED.,.F.,
  .F.,(2,2),(-0.247766438921,4.752267315546),.PIECEWISE_BEZIER_KNOTS.);
#4677 = CARTESIAN_POINT('',(2.000013501787,-6.5));
#4678 = CARTESIAN_POINT('',(7.000047256254,-6.5));
#4679 = ( GEOMETRIC_REPRESENTATION_CONTEXT(2) 
PARAMETRIC_REPRESENTATION_CONTEXT() REPRESENTATION_CONTEXT('2D SPACE',''
  ) );
#4680 = PCURVE('',#4681,#4686);
#4681 = PLANE('',#4682);
#4682 = AXIS2_PLACEMENT_3D('',#4683,#4684,#4685);
#4683 = CARTESIAN_POINT('',(6.5,19.200105810066,72.));
#4684 = DIRECTION('',(1.,0.,0.));
#4685 = DIRECTION('',(0.,0.,1.));
#4686 = DEFINITIONAL_REPRESENTATION('',(#4687),#4690);
#4687 = B_SPLINE_CURVE_WITH_KNOTS('',1,(#4688,#4689),.UNSPECIFIED.,.F.,
  .F.,(2,2),(-0.247766438921,4.752267315546),.PIECEWISE_BEZIER_KNOTS.);
#4688 = CARTESIAN_POINT('',(2.5,1.207454777968));
#4689 = CARTESIAN_POINT('',(-2.5,1.225827197724));
#4690 = ( GEOMETRIC_REPRESENTATION_CONTEXT(2) 
PARAMETRIC_REPRESENTATION_CONTEXT() REPRESENTATION_CONTEXT('2D SPACE',''
  ) );
#4691 = ORIENTED_EDGE('',*,*,#4692,.T.);
#4692 = EDGE_CURVE('',#4667,#4613,#4693,.T.);
#4693 = SURFACE_CURVE('',#4694,(#4698,#4704),.PCURVE_S1.);
#4694 = LINE('',#4695,#4696);
#4695 = CARTESIAN_POINT('',(2.75,17.992651032098,74.5));
#4696 = VECTOR('',#4697,1.);
#4697 = DIRECTION('',(-1.,0.,0.));
#4698 = PCURVE('',#4012,#4699);
#4699 = DEFINITIONAL_REPRESENTATION('',(#4700),#4703);
#4700 = B_SPLINE_CURVE_WITH_KNOTS('',1,(#4701,#4702),.UNSPECIFIED.,.F.,
  .F.,(2,2),(-3.75,-2.75),.PIECEWISE_BEZIER_KNOTS.);
#4701 = CARTESIAN_POINT('',(2.000013501787,-6.5));
#4702 = CARTESIAN_POINT('',(2.000013501787,-5.5));
#4703 = ( GEOMETRIC_REPRESENTATION_CONTEXT(2) 
PARAMETRIC_REPRESENTATION_CONTEXT() REPRESENTATION_CONTEXT('2D SPACE',''
  ) );
#4704 = PCURVE('',#4705,#4710);
#4705 = PLANE('',#4706);
#4706 = AXIS2_PLACEMENT_3D('',#4707,#4708,#4709);
#4707 = CARTESIAN_POINT('',(5.5,20.5,74.5));
#4708 = DIRECTION('',(0.,0.,-1.));
#4709 = DIRECTION('',(0.,-1.,0.));
#4710 = DEFINITIONAL_REPRESENTATION('',(#4711),#4714);
#4711 = B_SPLINE_CURVE_WITH_KNOTS('',1,(#4712,#4713),.UNSPECIFIED.,.F.,
  .F.,(2,2),(-3.75,-2.75),.PIECEWISE_BEZIER_KNOTS.);
#4712 = CARTESIAN_POINT('',(2.507348967902,-1.));
#4713 = CARTESIAN_POINT('',(2.507348967902,0.));
#4714 = ( GEOMETRIC_REPRESENTATION_CONTEXT(2) 
PARAMETRIC_REPRESENTATION_CONTEXT() REPRESENTATION_CONTEXT('2D SPACE',''
  ) );
#4715 = ADVANCED_FACE('',(#4716),#4681,.F.);
#4716 = FACE_BOUND('',#4717,.F.);
#4717 = EDGE_LOOP('',(#4718,#4719,#4742,#4771,#4799,#4828));
#4718 = ORIENTED_EDGE('',*,*,#4666,.T.);
#4719 = ORIENTED_EDGE('',*,*,#4720,.T.);
#4720 = EDGE_CURVE('',#4641,#4721,#4723,.T.);
#4721 = VERTEX_POINT('',#4722);
#4722 = CARTESIAN_POINT('',(6.5,20.5,69.5));
#4723 = SURFACE_CURVE('',#4724,(#4728,#4735),.PCURVE_S1.);
#4724 = LINE('',#4725,#4726);
#4725 = CARTESIAN_POINT('',(6.5,17.5,69.5));
#4726 = VECTOR('',#4727,1.);
#4727 = DIRECTION('',(0.,1.,0.));
#4728 = PCURVE('',#4681,#4729);
#4729 = DEFINITIONAL_REPRESENTATION('',(#4730),#4734);
#4730 = LINE('',#4731,#4732);
#4731 = CARTESIAN_POINT('',(-2.5,1.700105810066));
#4732 = VECTOR('',#4733,1.);
#4733 = DIRECTION('',(0.,-1.));
#4734 = ( GEOMETRIC_REPRESENTATION_CONTEXT(2) 
PARAMETRIC_REPRESENTATION_CONTEXT() REPRESENTATION_CONTEXT('2D SPACE',''
  ) );
#4735 = PCURVE('',#4655,#4736);
#4736 = DEFINITIONAL_REPRESENTATION('',(#4737),#4741);
#4737 = LINE('',#4738,#4739);
#4738 = CARTESIAN_POINT('',(0.,-1.));
#4739 = VECTOR('',#4740,1.);
#4740 = DIRECTION('',(1.,0.));
#4741 = ( GEOMETRIC_REPRESENTATION_CONTEXT(2) 
PARAMETRIC_REPRESENTATION_CONTEXT() REPRESENTATION_CONTEXT('2D SPACE',''
  ) );
#4742 = ORIENTED_EDGE('',*,*,#4743,.T.);
#4743 = EDGE_CURVE('',#4721,#4744,#4746,.T.);
#4744 = VERTEX_POINT('',#4745);
#4745 = CARTESIAN_POINT('',(6.5,21.,70.));
#4746 = SURFACE_CURVE('',#4747,(#4752,#4759),.PCURVE_S1.);
#4747 = CIRCLE('',#4748,0.5);
#4748 = AXIS2_PLACEMENT_3D('',#4749,#4750,#4751);
#4749 = CARTESIAN_POINT('',(6.5,20.5,70.));
#4750 = DIRECTION('',(1.,0.,0.));
#4751 = DIRECTION('',(0.,-1.42108547152E-14,-1.));
#4752 = PCURVE('',#4681,#4753);
#4753 = DEFINITIONAL_REPRESENTATION('',(#4754),#4758);
#4754 = CIRCLE('',#4755,0.5);
#4755 = AXIS2_PLACEMENT_2D('',#4756,#4757);
#4756 = CARTESIAN_POINT('',(-2.,-1.299894189934));
#4757 = DIRECTION('',(-1.,1.42108547152E-14));
#4758 = ( GEOMETRIC_REPRESENTATION_CONTEXT(2) 
PARAMETRIC_REPRESENTATION_CONTEXT() REPRESENTATION_CONTEXT('2D SPACE',''
  ) );
#4759 = PCURVE('',#4760,#4765);
#4760 = CYLINDRICAL_SURFACE('',#4761,0.5);
#4761 = AXIS2_PLACEMENT_3D('',#4762,#4763,#4764);
#4762 = CARTESIAN_POINT('',(5.5,20.5,70.));
#4763 = DIRECTION('',(-1.,0.,0.));
#4764 = DIRECTION('',(0.,-1.42108547152E-14,-1.));
#4765 = DEFINITIONAL_REPRESENTATION('',(#4766),#4770);
#4766 = LINE('',#4767,#4768);
#4767 = CARTESIAN_POINT('',(0.,-1.));
#4768 = VECTOR('',#4769,1.);
#4769 = DIRECTION('',(-1.,0.));
#4770 = ( GEOMETRIC_REPRESENTATION_CONTEXT(2) 
PARAMETRIC_REPRESENTATION_CONTEXT() REPRESENTATION_CONTEXT('2D SPACE',''
  ) );
#4771 = ORIENTED_EDGE('',*,*,#4772,.T.);
#4772 = EDGE_CURVE('',#4744,#4773,#4775,.T.);
#4773 = VERTEX_POINT('',#4774);
#4774 = CARTESIAN_POINT('',(6.5,21.,74.));
#4775 = SURFACE_CURVE('',#4776,(#4780,#4787),.PCURVE_S1.);
#4776 = LINE('',#4777,#4778);
#4777 = CARTESIAN_POINT('',(6.5,21.,70.));
#4778 = VECTOR('',#4779,1.);
#4779 = DIRECTION('',(0.,0.,1.));
#4780 = PCURVE('',#4681,#4781);
#4781 = DEFINITIONAL_REPRESENTATION('',(#4782),#4786);
#4782 = LINE('',#4783,#4784);
#4783 = CARTESIAN_POINT('',(-2.,-1.799894189934));
#4784 = VECTOR('',#4785,1.);
#4785 = DIRECTION('',(1.,0.));
#4786 = ( GEOMETRIC_REPRESENTATION_CONTEXT(2) 
PARAMETRIC_REPRESENTATION_CONTEXT() REPRESENTATION_CONTEXT('2D SPACE',''
  ) );
#4787 = PCURVE('',#4788,#4793);
#4788 = PLANE('',#4789);
#4789 = AXIS2_PLACEMENT_3D('',#4790,#4791,#4792);
#4790 = CARTESIAN_POINT('',(5.5,21.,70.));
#4791 = DIRECTION('',(0.,-1.,0.));
#4792 = DIRECTION('',(0.,0.,1.));
#4793 = DEFINITIONAL_REPRESENTATION('',(#4794),#4798);
#4794 = LINE('',#4795,#4796);
#4795 = CARTESIAN_POINT('',(0.,-1.));
#4796 = VECTOR('',#4797,1.);
#4797 = DIRECTION('',(1.,0.));
#4798 = ( GEOMETRIC_REPRESENTATION_CONTEXT(2) 
PARAMETRIC_REPRESENTATION_CONTEXT() REPRESENTATION_CONTEXT('2D SPACE',''
  ) );
#4799 = ORIENTED_EDGE('',*,*,#4800,.T.);
#4800 = EDGE_CURVE('',#4773,#4801,#4803,.T.);
#4801 = VERTEX_POINT('',#4802);
#4802 = CARTESIAN_POINT('',(6.5,20.5,74.5));
#4803 = SURFACE_CURVE('',#4804,(#4809,#4816),.PCURVE_S1.);
#4804 = CIRCLE('',#4805,0.5);
#4805 = AXIS2_PLACEMENT_3D('',#4806,#4807,#4808);
#4806 = CARTESIAN_POINT('',(6.5,20.5,74.));
#4807 = DIRECTION('',(1.,0.,0.));
#4808 = DIRECTION('',(0.,1.,0.));
#4809 = PCURVE('',#4681,#4810);
#4810 = DEFINITIONAL_REPRESENTATION('',(#4811),#4815);
#4811 = CIRCLE('',#4812,0.5);
#4812 = AXIS2_PLACEMENT_2D('',#4813,#4814);
#4813 = CARTESIAN_POINT('',(2.,-1.299894189934));
#4814 = DIRECTION('',(0.,-1.));
#4815 = ( GEOMETRIC_REPRESENTATION_CONTEXT(2) 
PARAMETRIC_REPRESENTATION_CONTEXT() REPRESENTATION_CONTEXT('2D SPACE',''
  ) );
#4816 = PCURVE('',#4817,#4822);
#4817 = CYLINDRICAL_SURFACE('',#4818,0.5);
#4818 = AXIS2_PLACEMENT_3D('',#4819,#4820,#4821);
#4819 = CARTESIAN_POINT('',(5.5,20.5,74.));
#4820 = DIRECTION('',(-1.,0.,0.));
#4821 = DIRECTION('',(0.,1.,0.));
#4822 = DEFINITIONAL_REPRESENTATION('',(#4823),#4827);
#4823 = LINE('',#4824,#4825);
#4824 = CARTESIAN_POINT('',(0.,-1.));
#4825 = VECTOR('',#4826,1.);
#4826 = DIRECTION('',(-1.,0.));
#4827 = ( GEOMETRIC_REPRESENTATION_CONTEXT(2) 
PARAMETRIC_REPRESENTATION_CONTEXT() REPRESENTATION_CONTEXT('2D SPACE',''
  ) );
#4828 = ORIENTED_EDGE('',*,*,#4829,.T.);
#4829 = EDGE_CURVE('',#4801,#4667,#4830,.T.);
#4830 = SURFACE_CURVE('',#4831,(#4835,#4842),.PCURVE_S1.);
#4831 = LINE('',#4832,#4833);
#4832 = CARTESIAN_POINT('',(6.5,20.5,74.5));
#4833 = VECTOR('',#4834,1.);
#4834 = DIRECTION('',(0.,-1.,0.));
#4835 = PCURVE('',#4681,#4836);
#4836 = DEFINITIONAL_REPRESENTATION('',(#4837),#4841);
#4837 = LINE('',#4838,#4839);
#4838 = CARTESIAN_POINT('',(2.5,-1.299894189934));
#4839 = VECTOR('',#4840,1.);
#4840 = DIRECTION('',(0.,1.));
#4841 = ( GEOMETRIC_REPRESENTATION_CONTEXT(2) 
PARAMETRIC_REPRESENTATION_CONTEXT() REPRESENTATION_CONTEXT('2D SPACE',''
  ) );
#4842 = PCURVE('',#4705,#4843);
#4843 = DEFINITIONAL_REPRESENTATION('',(#4844),#4848);
#4844 = LINE('',#4845,#4846);
#4845 = CARTESIAN_POINT('',(0.,-1.));
#4846 = VECTOR('',#4847,1.);
#4847 = DIRECTION('',(1.,0.));
#4848 = ( GEOMETRIC_REPRESENTATION_CONTEXT(2) 
PARAMETRIC_REPRESENTATION_CONTEXT() REPRESENTATION_CONTEXT('2D SPACE',''
  ) );
#4849 = ADVANCED_FACE('',(#4850),#4760,.F.);
#4850 = FACE_BOUND('',#4851,.T.);
#4851 = EDGE_LOOP('',(#4852,#4875,#4876,#4899));
#4852 = ORIENTED_EDGE('',*,*,#4853,.T.);
#4853 = EDGE_CURVE('',#4854,#4721,#4856,.T.);
#4854 = VERTEX_POINT('',#4855);
#4855 = CARTESIAN_POINT('',(5.5,20.5,69.5));
#4856 = SURFACE_CURVE('',#4857,(#4861,#4868),.PCURVE_S1.);
#4857 = LINE('',#4858,#4859);
#4858 = CARTESIAN_POINT('',(5.5,20.5,69.5));
#4859 = VECTOR('',#4860,1.);
#4860 = DIRECTION('',(1.,0.,0.));
#4861 = PCURVE('',#4760,#4862);
#4862 = DEFINITIONAL_REPRESENTATION('',(#4863),#4867);
#4863 = LINE('',#4864,#4865);
#4864 = CARTESIAN_POINT('',(0.,0.));
#4865 = VECTOR('',#4866,1.);
#4866 = DIRECTION('',(0.,-1.));
#4867 = ( GEOMETRIC_REPRESENTATION_CONTEXT(2) 
PARAMETRIC_REPRESENTATION_CONTEXT() REPRESENTATION_CONTEXT('2D SPACE',''
  ) );
#4868 = PCURVE('',#4655,#4869);
#4869 = DEFINITIONAL_REPRESENTATION('',(#4870),#4874);
#4870 = LINE('',#4871,#4872);
#4871 = CARTESIAN_POINT('',(3.,0.));
#4872 = VECTOR('',#4873,1.);
#4873 = DIRECTION('',(0.,-1.));
#4874 = ( GEOMETRIC_REPRESENTATION_CONTEXT(2) 
PARAMETRIC_REPRESENTATION_CONTEXT() REPRESENTATION_CONTEXT('2D SPACE',''
  ) );
#4875 = ORIENTED_EDGE('',*,*,#4743,.T.);
#4876 = ORIENTED_EDGE('',*,*,#4877,.F.);
#4877 = EDGE_CURVE('',#4878,#4744,#4880,.T.);
#4878 = VERTEX_POINT('',#4879);
#4879 = CARTESIAN_POINT('',(5.5,21.,70.));
#4880 = SURFACE_CURVE('',#4881,(#4885,#4892),.PCURVE_S1.);
#4881 = LINE('',#4882,#4883);
#4882 = CARTESIAN_POINT('',(5.5,21.,70.));
#4883 = VECTOR('',#4884,1.);
#4884 = DIRECTION('',(1.,0.,0.));
#4885 = PCURVE('',#4760,#4886);
#4886 = DEFINITIONAL_REPRESENTATION('',(#4887),#4891);
#4887 = LINE('',#4888,#4889);
#4888 = CARTESIAN_POINT('',(-1.570796326795,0.));
#4889 = VECTOR('',#4890,1.);
#4890 = DIRECTION('',(0.,-1.));
#4891 = ( GEOMETRIC_REPRESENTATION_CONTEXT(2) 
PARAMETRIC_REPRESENTATION_CONTEXT() REPRESENTATION_CONTEXT('2D SPACE',''
  ) );
#4892 = PCURVE('',#4788,#4893);
#4893 = DEFINITIONAL_REPRESENTATION('',(#4894),#4898);
#4894 = LINE('',#4895,#4896);
#4895 = CARTESIAN_POINT('',(0.,0.));
#4896 = VECTOR('',#4897,1.);
#4897 = DIRECTION('',(0.,-1.));
#4898 = ( GEOMETRIC_REPRESENTATION_CONTEXT(2) 
PARAMETRIC_REPRESENTATION_CONTEXT() REPRESENTATION_CONTEXT('2D SPACE',''
  ) );
#4899 = ORIENTED_EDGE('',*,*,#4900,.F.);
#4900 = EDGE_CURVE('',#4854,#4878,#4901,.T.);
#4901 = SURFACE_CURVE('',#4902,(#4907,#4914),.PCURVE_S1.);
#4902 = CIRCLE('',#4903,0.5);
#4903 = AXIS2_PLACEMENT_3D('',#4904,#4905,#4906);
#4904 = CARTESIAN_POINT('',(5.5,20.5,70.));
#4905 = DIRECTION('',(1.,0.,0.));
#4906 = DIRECTION('',(0.,-1.42108547152E-14,-1.));
#4907 = PCURVE('',#4760,#4908);
#4908 = DEFINITIONAL_REPRESENTATION('',(#4909),#4913);
#4909 = LINE('',#4910,#4911);
#4910 = CARTESIAN_POINT('',(0.,0.));
#4911 = VECTOR('',#4912,1.);
#4912 = DIRECTION('',(-1.,0.));
#4913 = ( GEOMETRIC_REPRESENTATION_CONTEXT(2) 
PARAMETRIC_REPRESENTATION_CONTEXT() REPRESENTATION_CONTEXT('2D SPACE',''
  ) );
#4914 = PCURVE('',#4629,#4915);
#4915 = DEFINITIONAL_REPRESENTATION('',(#4916),#4920);
#4916 = CIRCLE('',#4917,0.5);
#4917 = AXIS2_PLACEMENT_2D('',#4918,#4919);
#4918 = CARTESIAN_POINT('',(-2.,-1.299894189934));
#4919 = DIRECTION('',(-1.,1.42108547152E-14));
#4920 = ( GEOMETRIC_REPRESENTATION_CONTEXT(2) 
PARAMETRIC_REPRESENTATION_CONTEXT() REPRESENTATION_CONTEXT('2D SPACE',''
  ) );
#4921 = ADVANCED_FACE('',(#4922),#4788,.T.);
#4922 = FACE_BOUND('',#4923,.T.);
#4923 = EDGE_LOOP('',(#4924,#4925,#4926,#4949));
#4924 = ORIENTED_EDGE('',*,*,#4877,.T.);
#4925 = ORIENTED_EDGE('',*,*,#4772,.T.);
#4926 = ORIENTED_EDGE('',*,*,#4927,.F.);
#4927 = EDGE_CURVE('',#4928,#4773,#4930,.T.);
#4928 = VERTEX_POINT('',#4929);
#4929 = CARTESIAN_POINT('',(5.5,21.,74.));
#4930 = SURFACE_CURVE('',#4931,(#4935,#4942),.PCURVE_S1.);
#4931 = LINE('',#4932,#4933);
#4932 = CARTESIAN_POINT('',(5.5,21.,74.));
#4933 = VECTOR('',#4934,1.);
#4934 = DIRECTION('',(1.,0.,0.));
#4935 = PCURVE('',#4788,#4936);
#4936 = DEFINITIONAL_REPRESENTATION('',(#4937),#4941);
#4937 = LINE('',#4938,#4939);
#4938 = CARTESIAN_POINT('',(4.,0.));
#4939 = VECTOR('',#4940,1.);
#4940 = DIRECTION('',(0.,-1.));
#4941 = ( GEOMETRIC_REPRESENTATION_CONTEXT(2) 
PARAMETRIC_REPRESENTATION_CONTEXT() REPRESENTATION_CONTEXT('2D SPACE',''
  ) );
#4942 = PCURVE('',#4817,#4943);
#4943 = DEFINITIONAL_REPRESENTATION('',(#4944),#4948);
#4944 = LINE('',#4945,#4946);
#4945 = CARTESIAN_POINT('',(0.,0.));
#4946 = VECTOR('',#4947,1.);
#4947 = DIRECTION('',(0.,-1.));
#4948 = ( GEOMETRIC_REPRESENTATION_CONTEXT(2) 
PARAMETRIC_REPRESENTATION_CONTEXT() REPRESENTATION_CONTEXT('2D SPACE',''
  ) );
#4949 = ORIENTED_EDGE('',*,*,#4950,.F.);
#4950 = EDGE_CURVE('',#4878,#4928,#4951,.T.);
#4951 = SURFACE_CURVE('',#4952,(#4956,#4963),.PCURVE_S1.);
#4952 = LINE('',#4953,#4954);
#4953 = CARTESIAN_POINT('',(5.5,21.,70.));
#4954 = VECTOR('',#4955,1.);
#4955 = DIRECTION('',(0.,0.,1.));
#4956 = PCURVE('',#4788,#4957);
#4957 = DEFINITIONAL_REPRESENTATION('',(#4958),#4962);
#4958 = LINE('',#4959,#4960);
#4959 = CARTESIAN_POINT('',(0.,0.));
#4960 = VECTOR('',#4961,1.);
#4961 = DIRECTION('',(1.,0.));
#4962 = ( GEOMETRIC_REPRESENTATION_CONTEXT(2) 
PARAMETRIC_REPRESENTATION_CONTEXT() REPRESENTATION_CONTEXT('2D SPACE',''
  ) );
#4963 = PCURVE('',#4629,#4964);
#4964 = DEFINITIONAL_REPRESENTATION('',(#4965),#4969);
#4965 = LINE('',#4966,#4967);
#4966 = CARTESIAN_POINT('',(-2.,-1.799894189934));
#4967 = VECTOR('',#4968,1.);
#4968 = DIRECTION('',(1.,0.));
#4969 = ( GEOMETRIC_REPRESENTATION_CONTEXT(2) 
PARAMETRIC_REPRESENTATION_CONTEXT() REPRESENTATION_CONTEXT('2D SPACE',''
  ) );
#4970 = ADVANCED_FACE('',(#4971),#4817,.F.);
#4971 = FACE_BOUND('',#4972,.T.);
#4972 = EDGE_LOOP('',(#4973,#4974,#4975,#4998));
#4973 = ORIENTED_EDGE('',*,*,#4927,.T.);
#4974 = ORIENTED_EDGE('',*,*,#4800,.T.);
#4975 = ORIENTED_EDGE('',*,*,#4976,.F.);
#4976 = EDGE_CURVE('',#4977,#4801,#4979,.T.);
#4977 = VERTEX_POINT('',#4978);
#4978 = CARTESIAN_POINT('',(5.5,20.5,74.5));
#4979 = SURFACE_CURVE('',#4980,(#4984,#4991),.PCURVE_S1.);
#4980 = LINE('',#4981,#4982);
#4981 = CARTESIAN_POINT('',(5.5,20.5,74.5));
#4982 = VECTOR('',#4983,1.);
#4983 = DIRECTION('',(1.,0.,0.));
#4984 = PCURVE('',#4817,#4985);
#4985 = DEFINITIONAL_REPRESENTATION('',(#4986),#4990);
#4986 = LINE('',#4987,#4988);
#4987 = CARTESIAN_POINT('',(-1.570796326795,0.));
#4988 = VECTOR('',#4989,1.);
#4989 = DIRECTION('',(0.,-1.));
#4990 = ( GEOMETRIC_REPRESENTATION_CONTEXT(2) 
PARAMETRIC_REPRESENTATION_CONTEXT() REPRESENTATION_CONTEXT('2D SPACE',''
  ) );
#4991 = PCURVE('',#4705,#4992);
#4992 = DEFINITIONAL_REPRESENTATION('',(#4993),#4997);
#4993 = LINE('',#4994,#4995);
#4994 = CARTESIAN_POINT('',(0.,0.));
#4995 = VECTOR('',#4996,1.);
#4996 = DIRECTION('',(0.,-1.));
#4997 = ( GEOMETRIC_REPRESENTATION_CONTEXT(2) 
PARAMETRIC_REPRESENTATION_CONTEXT() REPRESENTATION_CONTEXT('2D SPACE',''
  ) );
#4998 = ORIENTED_EDGE('',*,*,#4999,.F.);
#4999 = EDGE_CURVE('',#4928,#4977,#5000,.T.);
#5000 = SURFACE_CURVE('',#5001,(#5006,#5013),.PCURVE_S1.);
#5001 = CIRCLE('',#5002,0.5);
#5002 = AXIS2_PLACEMENT_3D('',#5003,#5004,#5005);
#5003 = CARTESIAN_POINT('',(5.5,20.5,74.));
#5004 = DIRECTION('',(1.,0.,0.));
#5005 = DIRECTION('',(0.,1.,0.));
#5006 = PCURVE('',#4817,#5007);
#5007 = DEFINITIONAL_REPRESENTATION('',(#5008),#5012);
#5008 = LINE('',#5009,#5010);
#5009 = CARTESIAN_POINT('',(0.,0.));
#5010 = VECTOR('',#5011,1.);
#5011 = DIRECTION('',(-1.,0.));
#5012 = ( GEOMETRIC_REPRESENTATION_CONTEXT(2) 
PARAMETRIC_REPRESENTATION_CONTEXT() REPRESENTATION_CONTEXT('2D SPACE',''
  ) );
#5013 = PCURVE('',#4629,#5014);
#5014 = DEFINITIONAL_REPRESENTATION('',(#5015),#5019);
#5015 = CIRCLE('',#5016,0.5);
#5016 = AXIS2_PLACEMENT_2D('',#5017,#5018);
#5017 = CARTESIAN_POINT('',(2.,-1.299894189934));
#5018 = DIRECTION('',(0.,-1.));
#5019 = ( GEOMETRIC_REPRESENTATION_CONTEXT(2) 
PARAMETRIC_REPRESENTATION_CONTEXT() REPRESENTATION_CONTEXT('2D SPACE',''
  ) );
#5020 = ADVANCED_FACE('',(#5021),#4655,.T.);
#5021 = FACE_BOUND('',#5022,.T.);
#5022 = EDGE_LOOP('',(#5023,#5044,#5045,#5046));
#5023 = ORIENTED_EDGE('',*,*,#5024,.F.);
#5024 = EDGE_CURVE('',#4615,#4854,#5025,.T.);
#5025 = SURFACE_CURVE('',#5026,(#5030,#5037),.PCURVE_S1.);
#5026 = LINE('',#5027,#5028);
#5027 = CARTESIAN_POINT('',(5.5,17.5,69.5));
#5028 = VECTOR('',#5029,1.);
#5029 = DIRECTION('',(0.,1.,0.));
#5030 = PCURVE('',#4655,#5031);
#5031 = DEFINITIONAL_REPRESENTATION('',(#5032),#5036);
#5032 = LINE('',#5033,#5034);
#5033 = CARTESIAN_POINT('',(0.,0.));
#5034 = VECTOR('',#5035,1.);
#5035 = DIRECTION('',(1.,0.));
#5036 = ( GEOMETRIC_REPRESENTATION_CONTEXT(2) 
PARAMETRIC_REPRESENTATION_CONTEXT() REPRESENTATION_CONTEXT('2D SPACE',''
  ) );
#5037 = PCURVE('',#4629,#5038);
#5038 = DEFINITIONAL_REPRESENTATION('',(#5039),#5043);
#5039 = LINE('',#5040,#5041);
#5040 = CARTESIAN_POINT('',(-2.5,1.700105810066));
#5041 = VECTOR('',#5042,1.);
#5042 = DIRECTION('',(0.,-1.));
#5043 = ( GEOMETRIC_REPRESENTATION_CONTEXT(2) 
PARAMETRIC_REPRESENTATION_CONTEXT() REPRESENTATION_CONTEXT('2D SPACE',''
  ) );
#5044 = ORIENTED_EDGE('',*,*,#4640,.T.);
#5045 = ORIENTED_EDGE('',*,*,#4720,.T.);
#5046 = ORIENTED_EDGE('',*,*,#4853,.F.);
#5047 = ADVANCED_FACE('',(#5048),#4705,.T.);
#5048 = FACE_BOUND('',#5049,.T.);
#5049 = EDGE_LOOP('',(#5050,#5071,#5072,#5073));
#5050 = ORIENTED_EDGE('',*,*,#5051,.F.);
#5051 = EDGE_CURVE('',#4977,#4613,#5052,.T.);
#5052 = SURFACE_CURVE('',#5053,(#5057,#5064),.PCURVE_S1.);
#5053 = LINE('',#5054,#5055);
#5054 = CARTESIAN_POINT('',(5.5,20.5,74.5));
#5055 = VECTOR('',#5056,1.);
#5056 = DIRECTION('',(0.,-1.,0.));
#5057 = PCURVE('',#4705,#5058);
#5058 = DEFINITIONAL_REPRESENTATION('',(#5059),#5063);
#5059 = LINE('',#5060,#5061);
#5060 = CARTESIAN_POINT('',(0.,0.));
#5061 = VECTOR('',#5062,1.);
#5062 = DIRECTION('',(1.,0.));
#5063 = ( GEOMETRIC_REPRESENTATION_CONTEXT(2) 
PARAMETRIC_REPRESENTATION_CONTEXT() REPRESENTATION_CONTEXT('2D SPACE',''
  ) );
#5064 = PCURVE('',#4629,#5065);
#5065 = DEFINITIONAL_REPRESENTATION('',(#5066),#5070);
#5066 = LINE('',#5067,#5068);
#5067 = CARTESIAN_POINT('',(2.5,-1.299894189934));
#5068 = VECTOR('',#5069,1.);
#5069 = DIRECTION('',(0.,1.));
#5070 = ( GEOMETRIC_REPRESENTATION_CONTEXT(2) 
PARAMETRIC_REPRESENTATION_CONTEXT() REPRESENTATION_CONTEXT('2D SPACE',''
  ) );
#5071 = ORIENTED_EDGE('',*,*,#4976,.T.);
#5072 = ORIENTED_EDGE('',*,*,#4829,.T.);
#5073 = ORIENTED_EDGE('',*,*,#4692,.T.);
#5074 = ADVANCED_FACE('',(#5075),#4629,.T.);
#5075 = FACE_BOUND('',#5076,.T.);
#5076 = EDGE_LOOP('',(#5077,#5078,#5079,#5080,#5081,#5082));
#5077 = ORIENTED_EDGE('',*,*,#4612,.T.);
#5078 = ORIENTED_EDGE('',*,*,#5024,.T.);
#5079 = ORIENTED_EDGE('',*,*,#4900,.T.);
#5080 = ORIENTED_EDGE('',*,*,#4950,.T.);
#5081 = ORIENTED_EDGE('',*,*,#4999,.T.);
#5082 = ORIENTED_EDGE('',*,*,#5051,.T.);
#5083 = ADVANCED_FACE('',(#5084),#4549,.T.);
#5084 = FACE_BOUND('',#5085,.T.);
#5085 = EDGE_LOOP('',(#5086,#5109,#5110,#5133));
#5086 = ORIENTED_EDGE('',*,*,#5087,.F.);
#5087 = EDGE_CURVE('',#4509,#5088,#5090,.T.);
#5088 = VERTEX_POINT('',#5089);
#5089 = CARTESIAN_POINT('',(24.5,20.5,69.5));
#5090 = SURFACE_CURVE('',#5091,(#5095,#5102),.PCURVE_S1.);
#5091 = LINE('',#5092,#5093);
#5092 = CARTESIAN_POINT('',(24.5,17.5,69.5));
#5093 = VECTOR('',#5094,1.);
#5094 = DIRECTION('',(0.,1.,0.));
#5095 = PCURVE('',#4549,#5096);
#5096 = DEFINITIONAL_REPRESENTATION('',(#5097),#5101);
#5097 = LINE('',#5098,#5099);
#5098 = CARTESIAN_POINT('',(0.,0.));
#5099 = VECTOR('',#5100,1.);
#5100 = DIRECTION('',(1.,0.));
#5101 = ( GEOMETRIC_REPRESENTATION_CONTEXT(2) 
PARAMETRIC_REPRESENTATION_CONTEXT() REPRESENTATION_CONTEXT('2D SPACE',''
  ) );
#5102 = PCURVE('',#4523,#5103);
#5103 = DEFINITIONAL_REPRESENTATION('',(#5104),#5108);
#5104 = LINE('',#5105,#5106);
#5105 = CARTESIAN_POINT('',(-2.5,1.700105810066));
#5106 = VECTOR('',#5107,1.);
#5107 = DIRECTION('',(0.,-1.));
#5108 = ( GEOMETRIC_REPRESENTATION_CONTEXT(2) 
PARAMETRIC_REPRESENTATION_CONTEXT() REPRESENTATION_CONTEXT('2D SPACE',''
  ) );
#5109 = ORIENTED_EDGE('',*,*,#4534,.T.);
#5110 = ORIENTED_EDGE('',*,*,#5111,.T.);
#5111 = EDGE_CURVE('',#4535,#5112,#5114,.T.);
#5112 = VERTEX_POINT('',#5113);
#5113 = CARTESIAN_POINT('',(25.5,20.5,69.5));
#5114 = SURFACE_CURVE('',#5115,(#5119,#5126),.PCURVE_S1.);
#5115 = LINE('',#5116,#5117);
#5116 = CARTESIAN_POINT('',(25.5,17.5,69.5));
#5117 = VECTOR('',#5118,1.);
#5118 = DIRECTION('',(0.,1.,0.));
#5119 = PCURVE('',#4549,#5120);
#5120 = DEFINITIONAL_REPRESENTATION('',(#5121),#5125);
#5121 = LINE('',#5122,#5123);
#5122 = CARTESIAN_POINT('',(0.,-1.));
#5123 = VECTOR('',#5124,1.);
#5124 = DIRECTION('',(1.,0.));
#5125 = ( GEOMETRIC_REPRESENTATION_CONTEXT(2) 
PARAMETRIC_REPRESENTATION_CONTEXT() REPRESENTATION_CONTEXT('2D SPACE',''
  ) );
#5126 = PCURVE('',#4575,#5127);
#5127 = DEFINITIONAL_REPRESENTATION('',(#5128),#5132);
#5128 = LINE('',#5129,#5130);
#5129 = CARTESIAN_POINT('',(-2.5,1.700105810066));
#5130 = VECTOR('',#5131,1.);
#5131 = DIRECTION('',(0.,-1.));
#5132 = ( GEOMETRIC_REPRESENTATION_CONTEXT(2) 
PARAMETRIC_REPRESENTATION_CONTEXT() REPRESENTATION_CONTEXT('2D SPACE',''
  ) );
#5133 = ORIENTED_EDGE('',*,*,#5134,.F.);
#5134 = EDGE_CURVE('',#5088,#5112,#5135,.T.);
#5135 = SURFACE_CURVE('',#5136,(#5140,#5147),.PCURVE_S1.);
#5136 = LINE('',#5137,#5138);
#5137 = CARTESIAN_POINT('',(24.5,20.5,69.5));
#5138 = VECTOR('',#5139,1.);
#5139 = DIRECTION('',(1.,0.,0.));
#5140 = PCURVE('',#4549,#5141);
#5141 = DEFINITIONAL_REPRESENTATION('',(#5142),#5146);
#5142 = LINE('',#5143,#5144);
#5143 = CARTESIAN_POINT('',(3.,0.));
#5144 = VECTOR('',#5145,1.);
#5145 = DIRECTION('',(0.,-1.));
#5146 = ( GEOMETRIC_REPRESENTATION_CONTEXT(2) 
PARAMETRIC_REPRESENTATION_CONTEXT() REPRESENTATION_CONTEXT('2D SPACE',''
  ) );
#5147 = PCURVE('',#5148,#5153);
#5148 = CYLINDRICAL_SURFACE('',#5149,0.5);
#5149 = AXIS2_PLACEMENT_3D('',#5150,#5151,#5152);
#5150 = CARTESIAN_POINT('',(24.5,20.5,70.));
#5151 = DIRECTION('',(-1.,0.,0.));
#5152 = DIRECTION('',(0.,-1.42108547152E-14,-1.));
#5153 = DEFINITIONAL_REPRESENTATION('',(#5154),#5158);
#5154 = LINE('',#5155,#5156);
#5155 = CARTESIAN_POINT('',(0.,0.));
#5156 = VECTOR('',#5157,1.);
#5157 = DIRECTION('',(0.,-1.));
#5158 = ( GEOMETRIC_REPRESENTATION_CONTEXT(2) 
PARAMETRIC_REPRESENTATION_CONTEXT() REPRESENTATION_CONTEXT('2D SPACE',''
  ) );
#5159 = ADVANCED_FACE('',(#5160),#5148,.F.);
#5160 = FACE_BOUND('',#5161,.T.);
#5161 = EDGE_LOOP('',(#5162,#5163,#5187,#5215));
#5162 = ORIENTED_EDGE('',*,*,#5134,.T.);
#5163 = ORIENTED_EDGE('',*,*,#5164,.T.);
#5164 = EDGE_CURVE('',#5112,#5165,#5167,.T.);
#5165 = VERTEX_POINT('',#5166);
#5166 = CARTESIAN_POINT('',(25.5,21.,70.));
#5167 = SURFACE_CURVE('',#5168,(#5173,#5180),.PCURVE_S1.);
#5168 = CIRCLE('',#5169,0.5);
#5169 = AXIS2_PLACEMENT_3D('',#5170,#5171,#5172);
#5170 = CARTESIAN_POINT('',(25.5,20.5,70.));
#5171 = DIRECTION('',(1.,0.,0.));
#5172 = DIRECTION('',(0.,-1.42108547152E-14,-1.));
#5173 = PCURVE('',#5148,#5174);
#5174 = DEFINITIONAL_REPRESENTATION('',(#5175),#5179);
#5175 = LINE('',#5176,#5177);
#5176 = CARTESIAN_POINT('',(0.,-1.));
#5177 = VECTOR('',#5178,1.);
#5178 = DIRECTION('',(-1.,0.));
#5179 = ( GEOMETRIC_REPRESENTATION_CONTEXT(2) 
PARAMETRIC_REPRESENTATION_CONTEXT() REPRESENTATION_CONTEXT('2D SPACE',''
  ) );
#5180 = PCURVE('',#4575,#5181);
#5181 = DEFINITIONAL_REPRESENTATION('',(#5182),#5186);
#5182 = CIRCLE('',#5183,0.5);
#5183 = AXIS2_PLACEMENT_2D('',#5184,#5185);
#5184 = CARTESIAN_POINT('',(-2.,-1.299894189934));
#5185 = DIRECTION('',(-1.,1.42108547152E-14));
#5186 = ( GEOMETRIC_REPRESENTATION_CONTEXT(2) 
PARAMETRIC_REPRESENTATION_CONTEXT() REPRESENTATION_CONTEXT('2D SPACE',''
  ) );
#5187 = ORIENTED_EDGE('',*,*,#5188,.F.);
#5188 = EDGE_CURVE('',#5189,#5165,#5191,.T.);
#5189 = VERTEX_POINT('',#5190);
#5190 = CARTESIAN_POINT('',(24.5,21.,70.));
#5191 = SURFACE_CURVE('',#5192,(#5196,#5203),.PCURVE_S1.);
#5192 = LINE('',#5193,#5194);
#5193 = CARTESIAN_POINT('',(24.5,21.,70.));
#5194 = VECTOR('',#5195,1.);
#5195 = DIRECTION('',(1.,0.,0.));
#5196 = PCURVE('',#5148,#5197);
#5197 = DEFINITIONAL_REPRESENTATION('',(#5198),#5202);
#5198 = LINE('',#5199,#5200);
#5199 = CARTESIAN_POINT('',(-1.570796326795,0.));
#5200 = VECTOR('',#5201,1.);
#5201 = DIRECTION('',(0.,-1.));
#5202 = ( GEOMETRIC_REPRESENTATION_CONTEXT(2) 
PARAMETRIC_REPRESENTATION_CONTEXT() REPRESENTATION_CONTEXT('2D SPACE',''
  ) );
#5203 = PCURVE('',#5204,#5209);
#5204 = PLANE('',#5205);
#5205 = AXIS2_PLACEMENT_3D('',#5206,#5207,#5208);
#5206 = CARTESIAN_POINT('',(24.5,21.,70.));
#5207 = DIRECTION('',(0.,-1.,0.));
#5208 = DIRECTION('',(0.,0.,1.));
#5209 = DEFINITIONAL_REPRESENTATION('',(#5210),#5214);
#5210 = LINE('',#5211,#5212);
#5211 = CARTESIAN_POINT('',(0.,0.));
#5212 = VECTOR('',#5213,1.);
#5213 = DIRECTION('',(0.,-1.));
#5214 = ( GEOMETRIC_REPRESENTATION_CONTEXT(2) 
PARAMETRIC_REPRESENTATION_CONTEXT() REPRESENTATION_CONTEXT('2D SPACE',''
  ) );
#5215 = ORIENTED_EDGE('',*,*,#5216,.F.);
#5216 = EDGE_CURVE('',#5088,#5189,#5217,.T.);
#5217 = SURFACE_CURVE('',#5218,(#5223,#5230),.PCURVE_S1.);
#5218 = CIRCLE('',#5219,0.5);
#5219 = AXIS2_PLACEMENT_3D('',#5220,#5221,#5222);
#5220 = CARTESIAN_POINT('',(24.5,20.5,70.));
#5221 = DIRECTION('',(1.,0.,0.));
#5222 = DIRECTION('',(0.,-1.42108547152E-14,-1.));
#5223 = PCURVE('',#5148,#5224);
#5224 = DEFINITIONAL_REPRESENTATION('',(#5225),#5229);
#5225 = LINE('',#5226,#5227);
#5226 = CARTESIAN_POINT('',(0.,0.));
#5227 = VECTOR('',#5228,1.);
#5228 = DIRECTION('',(-1.,0.));
#5229 = ( GEOMETRIC_REPRESENTATION_CONTEXT(2) 
PARAMETRIC_REPRESENTATION_CONTEXT() REPRESENTATION_CONTEXT('2D SPACE',''
  ) );
#5230 = PCURVE('',#4523,#5231);
#5231 = DEFINITIONAL_REPRESENTATION('',(#5232),#5236);
#5232 = CIRCLE('',#5233,0.5);
#5233 = AXIS2_PLACEMENT_2D('',#5234,#5235);
#5234 = CARTESIAN_POINT('',(-2.,-1.299894189934));
#5235 = DIRECTION('',(-1.,1.42108547152E-14));
#5236 = ( GEOMETRIC_REPRESENTATION_CONTEXT(2) 
PARAMETRIC_REPRESENTATION_CONTEXT() REPRESENTATION_CONTEXT('2D SPACE',''
  ) );
#5237 = ADVANCED_FACE('',(#5238),#5204,.T.);
#5238 = FACE_BOUND('',#5239,.T.);
#5239 = EDGE_LOOP('',(#5240,#5241,#5264,#5292));
#5240 = ORIENTED_EDGE('',*,*,#5188,.T.);
#5241 = ORIENTED_EDGE('',*,*,#5242,.T.);
#5242 = EDGE_CURVE('',#5165,#5243,#5245,.T.);
#5243 = VERTEX_POINT('',#5244);
#5244 = CARTESIAN_POINT('',(25.5,21.,74.));
#5245 = SURFACE_CURVE('',#5246,(#5250,#5257),.PCURVE_S1.);
#5246 = LINE('',#5247,#5248);
#5247 = CARTESIAN_POINT('',(25.5,21.,70.));
#5248 = VECTOR('',#5249,1.);
#5249 = DIRECTION('',(0.,0.,1.));
#5250 = PCURVE('',#5204,#5251);
#5251 = DEFINITIONAL_REPRESENTATION('',(#5252),#5256);
#5252 = LINE('',#5253,#5254);
#5253 = CARTESIAN_POINT('',(0.,-1.));
#5254 = VECTOR('',#5255,1.);
#5255 = DIRECTION('',(1.,0.));
#5256 = ( GEOMETRIC_REPRESENTATION_CONTEXT(2) 
PARAMETRIC_REPRESENTATION_CONTEXT() REPRESENTATION_CONTEXT('2D SPACE',''
  ) );
#5257 = PCURVE('',#4575,#5258);
#5258 = DEFINITIONAL_REPRESENTATION('',(#5259),#5263);
#5259 = LINE('',#5260,#5261);
#5260 = CARTESIAN_POINT('',(-2.,-1.799894189934));
#5261 = VECTOR('',#5262,1.);
#5262 = DIRECTION('',(1.,0.));
#5263 = ( GEOMETRIC_REPRESENTATION_CONTEXT(2) 
PARAMETRIC_REPRESENTATION_CONTEXT() REPRESENTATION_CONTEXT('2D SPACE',''
  ) );
#5264 = ORIENTED_EDGE('',*,*,#5265,.F.);
#5265 = EDGE_CURVE('',#5266,#5243,#5268,.T.);
#5266 = VERTEX_POINT('',#5267);
#5267 = CARTESIAN_POINT('',(24.5,21.,74.));
#5268 = SURFACE_CURVE('',#5269,(#5273,#5280),.PCURVE_S1.);
#5269 = LINE('',#5270,#5271);
#5270 = CARTESIAN_POINT('',(24.5,21.,74.));
#5271 = VECTOR('',#5272,1.);
#5272 = DIRECTION('',(1.,0.,0.));
#5273 = PCURVE('',#5204,#5274);
#5274 = DEFINITIONAL_REPRESENTATION('',(#5275),#5279);
#5275 = LINE('',#5276,#5277);
#5276 = CARTESIAN_POINT('',(4.,0.));
#5277 = VECTOR('',#5278,1.);
#5278 = DIRECTION('',(0.,-1.));
#5279 = ( GEOMETRIC_REPRESENTATION_CONTEXT(2) 
PARAMETRIC_REPRESENTATION_CONTEXT() REPRESENTATION_CONTEXT('2D SPACE',''
  ) );
#5280 = PCURVE('',#5281,#5286);
#5281 = CYLINDRICAL_SURFACE('',#5282,0.5);
#5282 = AXIS2_PLACEMENT_3D('',#5283,#5284,#5285);
#5283 = CARTESIAN_POINT('',(24.5,20.5,74.));
#5284 = DIRECTION('',(-1.,0.,0.));
#5285 = DIRECTION('',(0.,1.,0.));
#5286 = DEFINITIONAL_REPRESENTATION('',(#5287),#5291);
#5287 = LINE('',#5288,#5289);
#5288 = CARTESIAN_POINT('',(0.,0.));
#5289 = VECTOR('',#5290,1.);
#5290 = DIRECTION('',(0.,-1.));
#5291 = ( GEOMETRIC_REPRESENTATION_CONTEXT(2) 
PARAMETRIC_REPRESENTATION_CONTEXT() REPRESENTATION_CONTEXT('2D SPACE',''
  ) );
#5292 = ORIENTED_EDGE('',*,*,#5293,.F.);
#5293 = EDGE_CURVE('',#5189,#5266,#5294,.T.);
#5294 = SURFACE_CURVE('',#5295,(#5299,#5306),.PCURVE_S1.);
#5295 = LINE('',#5296,#5297);
#5296 = CARTESIAN_POINT('',(24.5,21.,70.));
#5297 = VECTOR('',#5298,1.);
#5298 = DIRECTION('',(0.,0.,1.));
#5299 = PCURVE('',#5204,#5300);
#5300 = DEFINITIONAL_REPRESENTATION('',(#5301),#5305);
#5301 = LINE('',#5302,#5303);
#5302 = CARTESIAN_POINT('',(0.,0.));
#5303 = VECTOR('',#5304,1.);
#5304 = DIRECTION('',(1.,0.));
#5305 = ( GEOMETRIC_REPRESENTATION_CONTEXT(2) 
PARAMETRIC_REPRESENTATION_CONTEXT() REPRESENTATION_CONTEXT('2D SPACE',''
  ) );
#5306 = PCURVE('',#4523,#5307);
#5307 = DEFINITIONAL_REPRESENTATION('',(#5308),#5312);
#5308 = LINE('',#5309,#5310);
#5309 = CARTESIAN_POINT('',(-2.,-1.799894189934));
#5310 = VECTOR('',#5311,1.);
#5311 = DIRECTION('',(1.,0.));
#5312 = ( GEOMETRIC_REPRESENTATION_CONTEXT(2) 
PARAMETRIC_REPRESENTATION_CONTEXT() REPRESENTATION_CONTEXT('2D SPACE',''
  ) );
#5313 = ADVANCED_FACE('',(#5314),#5281,.F.);
#5314 = FACE_BOUND('',#5315,.T.);
#5315 = EDGE_LOOP('',(#5316,#5317,#5341,#5364));
#5316 = ORIENTED_EDGE('',*,*,#5265,.T.);
#5317 = ORIENTED_EDGE('',*,*,#5318,.T.);
#5318 = EDGE_CURVE('',#5243,#5319,#5321,.T.);
#5319 = VERTEX_POINT('',#5320);
#5320 = CARTESIAN_POINT('',(25.5,20.5,74.5));
#5321 = SURFACE_CURVE('',#5322,(#5327,#5334),.PCURVE_S1.);
#5322 = CIRCLE('',#5323,0.5);
#5323 = AXIS2_PLACEMENT_3D('',#5324,#5325,#5326);
#5324 = CARTESIAN_POINT('',(25.5,20.5,74.));
#5325 = DIRECTION('',(1.,0.,0.));
#5326 = DIRECTION('',(0.,1.,0.));
#5327 = PCURVE('',#5281,#5328);
#5328 = DEFINITIONAL_REPRESENTATION('',(#5329),#5333);
#5329 = LINE('',#5330,#5331);
#5330 = CARTESIAN_POINT('',(0.,-1.));
#5331 = VECTOR('',#5332,1.);
#5332 = DIRECTION('',(-1.,0.));
#5333 = ( GEOMETRIC_REPRESENTATION_CONTEXT(2) 
PARAMETRIC_REPRESENTATION_CONTEXT() REPRESENTATION_CONTEXT('2D SPACE',''
  ) );
#5334 = PCURVE('',#4575,#5335);
#5335 = DEFINITIONAL_REPRESENTATION('',(#5336),#5340);
#5336 = CIRCLE('',#5337,0.5);
#5337 = AXIS2_PLACEMENT_2D('',#5338,#5339);
#5338 = CARTESIAN_POINT('',(2.,-1.299894189934));
#5339 = DIRECTION('',(0.,-1.));
#5340 = ( GEOMETRIC_REPRESENTATION_CONTEXT(2) 
PARAMETRIC_REPRESENTATION_CONTEXT() REPRESENTATION_CONTEXT('2D SPACE',''
  ) );
#5341 = ORIENTED_EDGE('',*,*,#5342,.F.);
#5342 = EDGE_CURVE('',#5343,#5319,#5345,.T.);
#5343 = VERTEX_POINT('',#5344);
#5344 = CARTESIAN_POINT('',(24.5,20.5,74.5));
#5345 = SURFACE_CURVE('',#5346,(#5350,#5357),.PCURVE_S1.);
#5346 = LINE('',#5347,#5348);
#5347 = CARTESIAN_POINT('',(24.5,20.5,74.5));
#5348 = VECTOR('',#5349,1.);
#5349 = DIRECTION('',(1.,0.,0.));
#5350 = PCURVE('',#5281,#5351);
#5351 = DEFINITIONAL_REPRESENTATION('',(#5352),#5356);
#5352 = LINE('',#5353,#5354);
#5353 = CARTESIAN_POINT('',(-1.570796326795,0.));
#5354 = VECTOR('',#5355,1.);
#5355 = DIRECTION('',(0.,-1.));
#5356 = ( GEOMETRIC_REPRESENTATION_CONTEXT(2) 
PARAMETRIC_REPRESENTATION_CONTEXT() REPRESENTATION_CONTEXT('2D SPACE',''
  ) );
#5357 = PCURVE('',#4599,#5358);
#5358 = DEFINITIONAL_REPRESENTATION('',(#5359),#5363);
#5359 = LINE('',#5360,#5361);
#5360 = CARTESIAN_POINT('',(0.,0.));
#5361 = VECTOR('',#5362,1.);
#5362 = DIRECTION('',(0.,-1.));
#5363 = ( GEOMETRIC_REPRESENTATION_CONTEXT(2) 
PARAMETRIC_REPRESENTATION_CONTEXT() REPRESENTATION_CONTEXT('2D SPACE',''
  ) );
#5364 = ORIENTED_EDGE('',*,*,#5365,.F.);
#5365 = EDGE_CURVE('',#5266,#5343,#5366,.T.);
#5366 = SURFACE_CURVE('',#5367,(#5372,#5379),.PCURVE_S1.);
#5367 = CIRCLE('',#5368,0.5);
#5368 = AXIS2_PLACEMENT_3D('',#5369,#5370,#5371);
#5369 = CARTESIAN_POINT('',(24.5,20.5,74.));
#5370 = DIRECTION('',(1.,0.,0.));
#5371 = DIRECTION('',(0.,1.,0.));
#5372 = PCURVE('',#5281,#5373);
#5373 = DEFINITIONAL_REPRESENTATION('',(#5374),#5378);
#5374 = LINE('',#5375,#5376);
#5375 = CARTESIAN_POINT('',(0.,0.));
#5376 = VECTOR('',#5377,1.);
#5377 = DIRECTION('',(-1.,0.));
#5378 = ( GEOMETRIC_REPRESENTATION_CONTEXT(2) 
PARAMETRIC_REPRESENTATION_CONTEXT() REPRESENTATION_CONTEXT('2D SPACE',''
  ) );
#5379 = PCURVE('',#4523,#5380);
#5380 = DEFINITIONAL_REPRESENTATION('',(#5381),#5385);
#5381 = CIRCLE('',#5382,0.5);
#5382 = AXIS2_PLACEMENT_2D('',#5383,#5384);
#5383 = CARTESIAN_POINT('',(2.,-1.299894189934));
#5384 = DIRECTION('',(0.,-1.));
#5385 = ( GEOMETRIC_REPRESENTATION_CONTEXT(2) 
PARAMETRIC_REPRESENTATION_CONTEXT() REPRESENTATION_CONTEXT('2D SPACE',''
  ) );
#5386 = ADVANCED_FACE('',(#5387),#4575,.F.);
#5387 = FACE_BOUND('',#5388,.F.);
#5388 = EDGE_LOOP('',(#5389,#5390,#5391,#5392,#5393,#5394));
#5389 = ORIENTED_EDGE('',*,*,#4560,.T.);
#5390 = ORIENTED_EDGE('',*,*,#5111,.T.);
#5391 = ORIENTED_EDGE('',*,*,#5164,.T.);
#5392 = ORIENTED_EDGE('',*,*,#5242,.T.);
#5393 = ORIENTED_EDGE('',*,*,#5318,.T.);
#5394 = ORIENTED_EDGE('',*,*,#5395,.T.);
#5395 = EDGE_CURVE('',#5319,#4561,#5396,.T.);
#5396 = SURFACE_CURVE('',#5397,(#5401,#5408),.PCURVE_S1.);
#5397 = LINE('',#5398,#5399);
#5398 = CARTESIAN_POINT('',(25.5,20.5,74.5));
#5399 = VECTOR('',#5400,1.);
#5400 = DIRECTION('',(0.,-1.,0.));
#5401 = PCURVE('',#4575,#5402);
#5402 = DEFINITIONAL_REPRESENTATION('',(#5403),#5407);
#5403 = LINE('',#5404,#5405);
#5404 = CARTESIAN_POINT('',(2.5,-1.299894189934));
#5405 = VECTOR('',#5406,1.);
#5406 = DIRECTION('',(0.,1.));
#5407 = ( GEOMETRIC_REPRESENTATION_CONTEXT(2) 
PARAMETRIC_REPRESENTATION_CONTEXT() REPRESENTATION_CONTEXT('2D SPACE',''
  ) );
#5408 = PCURVE('',#4599,#5409);
#5409 = DEFINITIONAL_REPRESENTATION('',(#5410),#5414);
#5410 = LINE('',#5411,#5412);
#5411 = CARTESIAN_POINT('',(0.,-1.));
#5412 = VECTOR('',#5413,1.);
#5413 = DIRECTION('',(1.,0.));
#5414 = ( GEOMETRIC_REPRESENTATION_CONTEXT(2) 
PARAMETRIC_REPRESENTATION_CONTEXT() REPRESENTATION_CONTEXT('2D SPACE',''
  ) );
#5415 = ADVANCED_FACE('',(#5416),#4599,.T.);
#5416 = FACE_BOUND('',#5417,.T.);
#5417 = EDGE_LOOP('',(#5418,#5439,#5440,#5441));
#5418 = ORIENTED_EDGE('',*,*,#5419,.F.);
#5419 = EDGE_CURVE('',#5343,#4507,#5420,.T.);
#5420 = SURFACE_CURVE('',#5421,(#5425,#5432),.PCURVE_S1.);
#5421 = LINE('',#5422,#5423);
#5422 = CARTESIAN_POINT('',(24.5,20.5,74.5));
#5423 = VECTOR('',#5424,1.);
#5424 = DIRECTION('',(0.,-1.,0.));
#5425 = PCURVE('',#4599,#5426);
#5426 = DEFINITIONAL_REPRESENTATION('',(#5427),#5431);
#5427 = LINE('',#5428,#5429);
#5428 = CARTESIAN_POINT('',(0.,0.));
#5429 = VECTOR('',#5430,1.);
#5430 = DIRECTION('',(1.,0.));
#5431 = ( GEOMETRIC_REPRESENTATION_CONTEXT(2) 
PARAMETRIC_REPRESENTATION_CONTEXT() REPRESENTATION_CONTEXT('2D SPACE',''
  ) );
#5432 = PCURVE('',#4523,#5433);
#5433 = DEFINITIONAL_REPRESENTATION('',(#5434),#5438);
#5434 = LINE('',#5435,#5436);
#5435 = CARTESIAN_POINT('',(2.5,-1.299894189934));
#5436 = VECTOR('',#5437,1.);
#5437 = DIRECTION('',(0.,1.));
#5438 = ( GEOMETRIC_REPRESENTATION_CONTEXT(2) 
PARAMETRIC_REPRESENTATION_CONTEXT() REPRESENTATION_CONTEXT('2D SPACE',''
  ) );
#5439 = ORIENTED_EDGE('',*,*,#5342,.T.);
#5440 = ORIENTED_EDGE('',*,*,#5395,.T.);
#5441 = ORIENTED_EDGE('',*,*,#4586,.T.);
#5442 = ADVANCED_FACE('',(#5443),#4523,.T.);
#5443 = FACE_BOUND('',#5444,.T.);
#5444 = EDGE_LOOP('',(#5445,#5446,#5447,#5448,#5449,#5450));
#5445 = ORIENTED_EDGE('',*,*,#4506,.T.);
#5446 = ORIENTED_EDGE('',*,*,#5087,.T.);
#5447 = ORIENTED_EDGE('',*,*,#5216,.T.);
#5448 = ORIENTED_EDGE('',*,*,#5293,.T.);
#5449 = ORIENTED_EDGE('',*,*,#5365,.T.);
#5450 = ORIENTED_EDGE('',*,*,#5419,.T.);
#5451 = ADVANCED_FACE('',(#5452),#4370,.F.);
#5452 = FACE_BOUND('',#5453,.F.);
#5453 = EDGE_LOOP('',(#5454,#5455,#5478,#5501));
#5454 = ORIENTED_EDGE('',*,*,#4355,.F.);
#5455 = ORIENTED_EDGE('',*,*,#5456,.F.);
#5456 = EDGE_CURVE('',#5457,#4330,#5459,.T.);
#5457 = VERTEX_POINT('',#5458);
#5458 = CARTESIAN_POINT('',(13.5,16.,75.5));
#5459 = SURFACE_CURVE('',#5460,(#5464,#5471),.PCURVE_S1.);
#5460 = LINE('',#5461,#5462);
#5461 = CARTESIAN_POINT('',(13.5,16.,75.5));
#5462 = VECTOR('',#5463,1.);
#5463 = DIRECTION('',(0.,1.,0.));
#5464 = PCURVE('',#4370,#5465);
#5465 = DEFINITIONAL_REPRESENTATION('',(#5466),#5470);
#5466 = LINE('',#5467,#5468);
#5467 = CARTESIAN_POINT('',(13.5,0.));
#5468 = VECTOR('',#5469,1.);
#5469 = DIRECTION('',(0.,1.));
#5470 = ( GEOMETRIC_REPRESENTATION_CONTEXT(2) 
PARAMETRIC_REPRESENTATION_CONTEXT() REPRESENTATION_CONTEXT('2D SPACE',''
  ) );
#5471 = PCURVE('',#4344,#5472);
#5472 = DEFINITIONAL_REPRESENTATION('',(#5473),#5477);
#5473 = LINE('',#5474,#5475);
#5474 = CARTESIAN_POINT('',(2.5,0.));
#5475 = VECTOR('',#5476,1.);
#5476 = DIRECTION('',(0.,-1.));
#5477 = ( GEOMETRIC_REPRESENTATION_CONTEXT(2) 
PARAMETRIC_REPRESENTATION_CONTEXT() REPRESENTATION_CONTEXT('2D SPACE',''
  ) );
#5478 = ORIENTED_EDGE('',*,*,#5479,.T.);
#5479 = EDGE_CURVE('',#5457,#5480,#5482,.T.);
#5480 = VERTEX_POINT('',#5481);
#5481 = CARTESIAN_POINT('',(17.5,16.,75.5));
#5482 = SURFACE_CURVE('',#5483,(#5487,#5494),.PCURVE_S1.);
#5483 = LINE('',#5484,#5485);
#5484 = CARTESIAN_POINT('',(0.,16.,75.5));
#5485 = VECTOR('',#5486,1.);
#5486 = DIRECTION('',(1.,0.,0.));
#5487 = PCURVE('',#4370,#5488);
#5488 = DEFINITIONAL_REPRESENTATION('',(#5489),#5493);
#5489 = LINE('',#5490,#5491);
#5490 = CARTESIAN_POINT('',(0.,0.));
#5491 = VECTOR('',#5492,1.);
#5492 = DIRECTION('',(1.,0.));
#5493 = ( GEOMETRIC_REPRESENTATION_CONTEXT(2) 
PARAMETRIC_REPRESENTATION_CONTEXT() REPRESENTATION_CONTEXT('2D SPACE',''
  ) );
#5494 = PCURVE('',#528,#5495);
#5495 = DEFINITIONAL_REPRESENTATION('',(#5496),#5500);
#5496 = LINE('',#5497,#5498);
#5497 = CARTESIAN_POINT('',(49.,0.));
#5498 = VECTOR('',#5499,1.);
#5499 = DIRECTION('',(0.,1.));
#5500 = ( GEOMETRIC_REPRESENTATION_CONTEXT(2) 
PARAMETRIC_REPRESENTATION_CONTEXT() REPRESENTATION_CONTEXT('2D SPACE',''
  ) );
#5501 = ORIENTED_EDGE('',*,*,#5502,.T.);
#5502 = EDGE_CURVE('',#5480,#4356,#5503,.T.);
#5503 = SURFACE_CURVE('',#5504,(#5508,#5515),.PCURVE_S1.);
#5504 = LINE('',#5505,#5506);
#5505 = CARTESIAN_POINT('',(17.5,16.,75.5));
#5506 = VECTOR('',#5507,1.);
#5507 = DIRECTION('',(0.,1.,0.));
#5508 = PCURVE('',#4370,#5509);
#5509 = DEFINITIONAL_REPRESENTATION('',(#5510),#5514);
#5510 = LINE('',#5511,#5512);
#5511 = CARTESIAN_POINT('',(17.5,0.));
#5512 = VECTOR('',#5513,1.);
#5513 = DIRECTION('',(0.,1.));
#5514 = ( GEOMETRIC_REPRESENTATION_CONTEXT(2) 
PARAMETRIC_REPRESENTATION_CONTEXT() REPRESENTATION_CONTEXT('2D SPACE',''
  ) );
#5515 = PCURVE('',#4396,#5516);
#5516 = DEFINITIONAL_REPRESENTATION('',(#5517),#5521);
#5517 = LINE('',#5518,#5519);
#5518 = CARTESIAN_POINT('',(2.5,0.));
#5519 = VECTOR('',#5520,1.);
#5520 = DIRECTION('',(0.,-1.));
#5521 = ( GEOMETRIC_REPRESENTATION_CONTEXT(2) 
PARAMETRIC_REPRESENTATION_CONTEXT() REPRESENTATION_CONTEXT('2D SPACE',''
  ) );
#5522 = ADVANCED_FACE('',(#5523),#4396,.F.);
#5523 = FACE_BOUND('',#5524,.F.);
#5524 = EDGE_LOOP('',(#5525,#5526,#5549,#5577,#5598));
#5525 = ORIENTED_EDGE('',*,*,#5502,.F.);
#5526 = ORIENTED_EDGE('',*,*,#5527,.F.);
#5527 = EDGE_CURVE('',#5528,#5480,#5530,.T.);
#5528 = VERTEX_POINT('',#5529);
#5529 = CARTESIAN_POINT('',(17.5,16.,73.));
#5530 = SURFACE_CURVE('',#5531,(#5535,#5542),.PCURVE_S1.);
#5531 = LINE('',#5532,#5533);
#5532 = CARTESIAN_POINT('',(17.5,16.,73.));
#5533 = VECTOR('',#5534,1.);
#5534 = DIRECTION('',(0.,0.,1.));
#5535 = PCURVE('',#4396,#5536);
#5536 = DEFINITIONAL_REPRESENTATION('',(#5537),#5541);
#5537 = LINE('',#5538,#5539);
#5538 = CARTESIAN_POINT('',(0.,0.));
#5539 = VECTOR('',#5540,1.);
#5540 = DIRECTION('',(1.,0.));
#5541 = ( GEOMETRIC_REPRESENTATION_CONTEXT(2) 
PARAMETRIC_REPRESENTATION_CONTEXT() REPRESENTATION_CONTEXT('2D SPACE',''
  ) );
#5542 = PCURVE('',#528,#5543);
#5543 = DEFINITIONAL_REPRESENTATION('',(#5544),#5548);
#5544 = LINE('',#5545,#5546);
#5545 = CARTESIAN_POINT('',(46.5,17.5));
#5546 = VECTOR('',#5547,1.);
#5547 = DIRECTION('',(1.,0.));
#5548 = ( GEOMETRIC_REPRESENTATION_CONTEXT(2) 
PARAMETRIC_REPRESENTATION_CONTEXT() REPRESENTATION_CONTEXT('2D SPACE',''
  ) );
#5549 = ORIENTED_EDGE('',*,*,#5550,.T.);
#5550 = EDGE_CURVE('',#5528,#5551,#5553,.T.);
#5551 = VERTEX_POINT('',#5552);
#5552 = CARTESIAN_POINT('',(17.5,17.,73.));
#5553 = SURFACE_CURVE('',#5554,(#5558,#5565),.PCURVE_S1.);
#5554 = LINE('',#5555,#5556);
#5555 = CARTESIAN_POINT('',(17.5,16.,73.));
#5556 = VECTOR('',#5557,1.);
#5557 = DIRECTION('',(0.,1.,0.));
#5558 = PCURVE('',#4396,#5559);
#5559 = DEFINITIONAL_REPRESENTATION('',(#5560),#5564);
#5560 = LINE('',#5561,#5562);
#5561 = CARTESIAN_POINT('',(0.,0.));
#5562 = VECTOR('',#5563,1.);
#5563 = DIRECTION('',(0.,-1.));
#5564 = ( GEOMETRIC_REPRESENTATION_CONTEXT(2) 
PARAMETRIC_REPRESENTATION_CONTEXT() REPRESENTATION_CONTEXT('2D SPACE',''
  ) );
#5565 = PCURVE('',#5566,#5571);
#5566 = PLANE('',#5567);
#5567 = AXIS2_PLACEMENT_3D('',#5568,#5569,#5570);
#5568 = CARTESIAN_POINT('',(12.5,16.,73.));
#5569 = DIRECTION('',(0.,0.,1.));
#5570 = DIRECTION('',(1.,0.,0.));
#5571 = DEFINITIONAL_REPRESENTATION('',(#5572),#5576);
#5572 = LINE('',#5573,#5574);
#5573 = CARTESIAN_POINT('',(5.,0.));
#5574 = VECTOR('',#5575,1.);
#5575 = DIRECTION('',(0.,1.));
#5576 = ( GEOMETRIC_REPRESENTATION_CONTEXT(2) 
PARAMETRIC_REPRESENTATION_CONTEXT() REPRESENTATION_CONTEXT('2D SPACE',''
  ) );
#5577 = ORIENTED_EDGE('',*,*,#5578,.T.);
#5578 = EDGE_CURVE('',#5551,#4382,#5579,.T.);
#5579 = SURFACE_CURVE('',#5580,(#5584,#5591),.PCURVE_S1.);
#5580 = LINE('',#5581,#5582);
#5581 = CARTESIAN_POINT('',(17.5,16.,73.));
#5582 = VECTOR('',#5583,1.);
#5583 = DIRECTION('',(0.,1.,0.));
#5584 = PCURVE('',#4396,#5585);
#5585 = DEFINITIONAL_REPRESENTATION('',(#5586),#5590);
#5586 = LINE('',#5587,#5588);
#5587 = CARTESIAN_POINT('',(0.,0.));
#5588 = VECTOR('',#5589,1.);
#5589 = DIRECTION('',(0.,-1.));
#5590 = ( GEOMETRIC_REPRESENTATION_CONTEXT(2) 
PARAMETRIC_REPRESENTATION_CONTEXT() REPRESENTATION_CONTEXT('2D SPACE',''
  ) );
#5591 = PCURVE('',#4422,#5592);
#5592 = DEFINITIONAL_REPRESENTATION('',(#5593),#5597);
#5593 = LINE('',#5594,#5595);
#5594 = CARTESIAN_POINT('',(0.,0.));
#5595 = VECTOR('',#5596,1.);
#5596 = DIRECTION('',(0.,1.));
#5597 = ( GEOMETRIC_REPRESENTATION_CONTEXT(2) 
PARAMETRIC_REPRESENTATION_CONTEXT() REPRESENTATION_CONTEXT('2D SPACE',''
  ) );
#5598 = ORIENTED_EDGE('',*,*,#4381,.F.);
#5599 = ADVANCED_FACE('',(#5600),#5566,.T.);
#5600 = FACE_BOUND('',#5601,.T.);
#5601 = EDGE_LOOP('',(#5602,#5627,#5648,#5649));
#5602 = ORIENTED_EDGE('',*,*,#5603,.F.);
#5603 = EDGE_CURVE('',#5604,#5606,#5608,.T.);
#5604 = VERTEX_POINT('',#5605);
#5605 = CARTESIAN_POINT('',(13.5,16.,73.));
#5606 = VERTEX_POINT('',#5607);
#5607 = CARTESIAN_POINT('',(13.5,17.,73.));
#5608 = SURFACE_CURVE('',#5609,(#5613,#5620),.PCURVE_S1.);
#5609 = LINE('',#5610,#5611);
#5610 = CARTESIAN_POINT('',(13.5,16.,73.));
#5611 = VECTOR('',#5612,1.);
#5612 = DIRECTION('',(0.,1.,0.));
#5613 = PCURVE('',#5566,#5614);
#5614 = DEFINITIONAL_REPRESENTATION('',(#5615),#5619);
#5615 = LINE('',#5616,#5617);
#5616 = CARTESIAN_POINT('',(1.,0.));
#5617 = VECTOR('',#5618,1.);
#5618 = DIRECTION('',(0.,1.));
#5619 = ( GEOMETRIC_REPRESENTATION_CONTEXT(2) 
PARAMETRIC_REPRESENTATION_CONTEXT() REPRESENTATION_CONTEXT('2D SPACE',''
  ) );
#5620 = PCURVE('',#4344,#5621);
#5621 = DEFINITIONAL_REPRESENTATION('',(#5622),#5626);
#5622 = LINE('',#5623,#5624);
#5623 = CARTESIAN_POINT('',(0.,0.));
#5624 = VECTOR('',#5625,1.);
#5625 = DIRECTION('',(0.,-1.));
#5626 = ( GEOMETRIC_REPRESENTATION_CONTEXT(2) 
PARAMETRIC_REPRESENTATION_CONTEXT() REPRESENTATION_CONTEXT('2D SPACE',''
  ) );
#5627 = ORIENTED_EDGE('',*,*,#5628,.T.);
#5628 = EDGE_CURVE('',#5604,#5528,#5629,.T.);
#5629 = SURFACE_CURVE('',#5630,(#5634,#5641),.PCURVE_S1.);
#5630 = LINE('',#5631,#5632);
#5631 = CARTESIAN_POINT('',(12.5,16.,73.));
#5632 = VECTOR('',#5633,1.);
#5633 = DIRECTION('',(1.,0.,0.));
#5634 = PCURVE('',#5566,#5635);
#5635 = DEFINITIONAL_REPRESENTATION('',(#5636),#5640);
#5636 = LINE('',#5637,#5638);
#5637 = CARTESIAN_POINT('',(0.,0.));
#5638 = VECTOR('',#5639,1.);
#5639 = DIRECTION('',(1.,0.));
#5640 = ( GEOMETRIC_REPRESENTATION_CONTEXT(2) 
PARAMETRIC_REPRESENTATION_CONTEXT() REPRESENTATION_CONTEXT('2D SPACE',''
  ) );
#5641 = PCURVE('',#528,#5642);
#5642 = DEFINITIONAL_REPRESENTATION('',(#5643),#5647);
#5643 = LINE('',#5644,#5645);
#5644 = CARTESIAN_POINT('',(46.5,12.5));
#5645 = VECTOR('',#5646,1.);
#5646 = DIRECTION('',(0.,1.));
#5647 = ( GEOMETRIC_REPRESENTATION_CONTEXT(2) 
PARAMETRIC_REPRESENTATION_CONTEXT() REPRESENTATION_CONTEXT('2D SPACE',''
  ) );
#5648 = ORIENTED_EDGE('',*,*,#5550,.T.);
#5649 = ORIENTED_EDGE('',*,*,#5650,.F.);
#5650 = EDGE_CURVE('',#5606,#5551,#5651,.T.);
#5651 = SURFACE_CURVE('',#5652,(#5656,#5663),.PCURVE_S1.);
#5652 = LINE('',#5653,#5654);
#5653 = CARTESIAN_POINT('',(12.5,17.,73.));
#5654 = VECTOR('',#5655,1.);
#5655 = DIRECTION('',(1.,0.,0.));
#5656 = PCURVE('',#5566,#5657);
#5657 = DEFINITIONAL_REPRESENTATION('',(#5658),#5662);
#5658 = LINE('',#5659,#5660);
#5659 = CARTESIAN_POINT('',(0.,1.));
#5660 = VECTOR('',#5661,1.);
#5661 = DIRECTION('',(1.,0.));
#5662 = ( GEOMETRIC_REPRESENTATION_CONTEXT(2) 
PARAMETRIC_REPRESENTATION_CONTEXT() REPRESENTATION_CONTEXT('2D SPACE',''
  ) );
#5663 = PCURVE('',#5664,#5669);
#5664 = PLANE('',#5665);
#5665 = AXIS2_PLACEMENT_3D('',#5666,#5667,#5668);
#5666 = CARTESIAN_POINT('',(12.5,17.,68.5));
#5667 = DIRECTION('',(0.,1.,0.));
#5668 = DIRECTION('',(0.,0.,1.));
#5669 = DEFINITIONAL_REPRESENTATION('',(#5670),#5674);
#5670 = LINE('',#5671,#5672);
#5671 = CARTESIAN_POINT('',(4.5,0.));
#5672 = VECTOR('',#5673,1.);
#5673 = DIRECTION('',(0.,1.));
#5674 = ( GEOMETRIC_REPRESENTATION_CONTEXT(2) 
PARAMETRIC_REPRESENTATION_CONTEXT() REPRESENTATION_CONTEXT('2D SPACE',''
  ) );
#5675 = ADVANCED_FACE('',(#5676),#5664,.T.);
#5676 = FACE_BOUND('',#5677,.T.);
#5677 = EDGE_LOOP('',(#5678,#5708,#5731,#5752,#5753,#5776));
#5678 = ORIENTED_EDGE('',*,*,#5679,.F.);
#5679 = EDGE_CURVE('',#5680,#5682,#5684,.T.);
#5680 = VERTEX_POINT('',#5681);
#5681 = CARTESIAN_POINT('',(12.5,17.,68.5));
#5682 = VERTEX_POINT('',#5683);
#5683 = CARTESIAN_POINT('',(18.5,17.,68.5));
#5684 = SURFACE_CURVE('',#5685,(#5689,#5696),.PCURVE_S1.);
#5685 = LINE('',#5686,#5687);
#5686 = CARTESIAN_POINT('',(12.5,17.,68.5));
#5687 = VECTOR('',#5688,1.);
#5688 = DIRECTION('',(1.,0.,0.));
#5689 = PCURVE('',#5664,#5690);
#5690 = DEFINITIONAL_REPRESENTATION('',(#5691),#5695);
#5691 = LINE('',#5692,#5693);
#5692 = CARTESIAN_POINT('',(0.,0.));
#5693 = VECTOR('',#5694,1.);
#5694 = DIRECTION('',(0.,1.));
#5695 = ( GEOMETRIC_REPRESENTATION_CONTEXT(2) 
PARAMETRIC_REPRESENTATION_CONTEXT() REPRESENTATION_CONTEXT('2D SPACE',''
  ) );
#5696 = PCURVE('',#5697,#5702);
#5697 = PLANE('',#5698);
#5698 = AXIS2_PLACEMENT_3D('',#5699,#5700,#5701);
#5699 = CARTESIAN_POINT('',(12.5,16.,68.5));
#5700 = DIRECTION('',(0.,0.,1.));
#5701 = DIRECTION('',(1.,0.,0.));
#5702 = DEFINITIONAL_REPRESENTATION('',(#5703),#5707);
#5703 = LINE('',#5704,#5705);
#5704 = CARTESIAN_POINT('',(0.,1.));
#5705 = VECTOR('',#5706,1.);
#5706 = DIRECTION('',(1.,0.));
#5707 = ( GEOMETRIC_REPRESENTATION_CONTEXT(2) 
PARAMETRIC_REPRESENTATION_CONTEXT() REPRESENTATION_CONTEXT('2D SPACE',''
  ) );
#5708 = ORIENTED_EDGE('',*,*,#5709,.T.);
#5709 = EDGE_CURVE('',#5680,#5710,#5712,.T.);
#5710 = VERTEX_POINT('',#5711);
#5711 = CARTESIAN_POINT('',(12.5,17.,73.));
#5712 = SURFACE_CURVE('',#5713,(#5717,#5724),.PCURVE_S1.);
#5713 = LINE('',#5714,#5715);
#5714 = CARTESIAN_POINT('',(12.5,17.,68.5));
#5715 = VECTOR('',#5716,1.);
#5716 = DIRECTION('',(0.,0.,1.));
#5717 = PCURVE('',#5664,#5718);
#5718 = DEFINITIONAL_REPRESENTATION('',(#5719),#5723);
#5719 = LINE('',#5720,#5721);
#5720 = CARTESIAN_POINT('',(0.,0.));
#5721 = VECTOR('',#5722,1.);
#5722 = DIRECTION('',(1.,0.));
#5723 = ( GEOMETRIC_REPRESENTATION_CONTEXT(2) 
PARAMETRIC_REPRESENTATION_CONTEXT() REPRESENTATION_CONTEXT('2D SPACE',''
  ) );
#5724 = PCURVE('',#4292,#5725);
#5725 = DEFINITIONAL_REPRESENTATION('',(#5726),#5730);
#5726 = LINE('',#5727,#5728);
#5727 = CARTESIAN_POINT('',(-4.5,-1.));
#5728 = VECTOR('',#5729,1.);
#5729 = DIRECTION('',(1.,0.));
#5730 = ( GEOMETRIC_REPRESENTATION_CONTEXT(2) 
PARAMETRIC_REPRESENTATION_CONTEXT() REPRESENTATION_CONTEXT('2D SPACE',''
  ) );
#5731 = ORIENTED_EDGE('',*,*,#5732,.T.);
#5732 = EDGE_CURVE('',#5710,#5606,#5733,.T.);
#5733 = SURFACE_CURVE('',#5734,(#5738,#5745),.PCURVE_S1.);
#5734 = LINE('',#5735,#5736);
#5735 = CARTESIAN_POINT('',(12.5,17.,73.));
#5736 = VECTOR('',#5737,1.);
#5737 = DIRECTION('',(1.,0.,0.));
#5738 = PCURVE('',#5664,#5739);
#5739 = DEFINITIONAL_REPRESENTATION('',(#5740),#5744);
#5740 = LINE('',#5741,#5742);
#5741 = CARTESIAN_POINT('',(4.5,0.));
#5742 = VECTOR('',#5743,1.);
#5743 = DIRECTION('',(0.,1.));
#5744 = ( GEOMETRIC_REPRESENTATION_CONTEXT(2) 
PARAMETRIC_REPRESENTATION_CONTEXT() REPRESENTATION_CONTEXT('2D SPACE',''
  ) );
#5745 = PCURVE('',#4318,#5746);
#5746 = DEFINITIONAL_REPRESENTATION('',(#5747),#5751);
#5747 = LINE('',#5748,#5749);
#5748 = CARTESIAN_POINT('',(0.,1.));
#5749 = VECTOR('',#5750,1.);
#5750 = DIRECTION('',(1.,0.));
#5751 = ( GEOMETRIC_REPRESENTATION_CONTEXT(2) 
PARAMETRIC_REPRESENTATION_CONTEXT() REPRESENTATION_CONTEXT('2D SPACE',''
  ) );
#5752 = ORIENTED_EDGE('',*,*,#5650,.T.);
#5753 = ORIENTED_EDGE('',*,*,#5754,.T.);
#5754 = EDGE_CURVE('',#5551,#5755,#5757,.T.);
#5755 = VERTEX_POINT('',#5756);
#5756 = CARTESIAN_POINT('',(18.5,17.,73.));
#5757 = SURFACE_CURVE('',#5758,(#5762,#5769),.PCURVE_S1.);
#5758 = LINE('',#5759,#5760);
#5759 = CARTESIAN_POINT('',(12.5,17.,73.));
#5760 = VECTOR('',#5761,1.);
#5761 = DIRECTION('',(1.,0.,0.));
#5762 = PCURVE('',#5664,#5763);
#5763 = DEFINITIONAL_REPRESENTATION('',(#5764),#5768);
#5764 = LINE('',#5765,#5766);
#5765 = CARTESIAN_POINT('',(4.5,0.));
#5766 = VECTOR('',#5767,1.);
#5767 = DIRECTION('',(0.,1.));
#5768 = ( GEOMETRIC_REPRESENTATION_CONTEXT(2) 
PARAMETRIC_REPRESENTATION_CONTEXT() REPRESENTATION_CONTEXT('2D SPACE',''
  ) );
#5769 = PCURVE('',#4422,#5770);
#5770 = DEFINITIONAL_REPRESENTATION('',(#5771),#5775);
#5771 = LINE('',#5772,#5773);
#5772 = CARTESIAN_POINT('',(-5.,1.));
#5773 = VECTOR('',#5774,1.);
#5774 = DIRECTION('',(1.,0.));
#5775 = ( GEOMETRIC_REPRESENTATION_CONTEXT(2) 
PARAMETRIC_REPRESENTATION_CONTEXT() REPRESENTATION_CONTEXT('2D SPACE',''
  ) );
#5776 = ORIENTED_EDGE('',*,*,#5777,.F.);
#5777 = EDGE_CURVE('',#5682,#5755,#5778,.T.);
#5778 = SURFACE_CURVE('',#5779,(#5783,#5790),.PCURVE_S1.);
#5779 = LINE('',#5780,#5781);
#5780 = CARTESIAN_POINT('',(18.5,17.,68.5));
#5781 = VECTOR('',#5782,1.);
#5782 = DIRECTION('',(0.,0.,1.));
#5783 = PCURVE('',#5664,#5784);
#5784 = DEFINITIONAL_REPRESENTATION('',(#5785),#5789);
#5785 = LINE('',#5786,#5787);
#5786 = CARTESIAN_POINT('',(0.,6.));
#5787 = VECTOR('',#5788,1.);
#5788 = DIRECTION('',(1.,0.));
#5789 = ( GEOMETRIC_REPRESENTATION_CONTEXT(2) 
PARAMETRIC_REPRESENTATION_CONTEXT() REPRESENTATION_CONTEXT('2D SPACE',''
  ) );
#5790 = PCURVE('',#4448,#5791);
#5791 = DEFINITIONAL_REPRESENTATION('',(#5792),#5796);
#5792 = LINE('',#5793,#5794);
#5793 = CARTESIAN_POINT('',(0.,-1.));
#5794 = VECTOR('',#5795,1.);
#5795 = DIRECTION('',(1.,0.));
#5796 = ( GEOMETRIC_REPRESENTATION_CONTEXT(2) 
PARAMETRIC_REPRESENTATION_CONTEXT() REPRESENTATION_CONTEXT('2D SPACE',''
  ) );
#5797 = ADVANCED_FACE('',(#5798),#5697,.F.);
#5798 = FACE_BOUND('',#5799,.F.);
#5799 = EDGE_LOOP('',(#5800,#5823,#5846,#5867));
#5800 = ORIENTED_EDGE('',*,*,#5801,.F.);
#5801 = EDGE_CURVE('',#5802,#5680,#5804,.T.);
#5802 = VERTEX_POINT('',#5803);
#5803 = CARTESIAN_POINT('',(12.5,16.,68.5));
#5804 = SURFACE_CURVE('',#5805,(#5809,#5816),.PCURVE_S1.);
#5805 = LINE('',#5806,#5807);
#5806 = CARTESIAN_POINT('',(12.5,16.,68.5));
#5807 = VECTOR('',#5808,1.);
#5808 = DIRECTION('',(0.,1.,0.));
#5809 = PCURVE('',#5697,#5810);
#5810 = DEFINITIONAL_REPRESENTATION('',(#5811),#5815);
#5811 = LINE('',#5812,#5813);
#5812 = CARTESIAN_POINT('',(0.,0.));
#5813 = VECTOR('',#5814,1.);
#5814 = DIRECTION('',(0.,1.));
#5815 = ( GEOMETRIC_REPRESENTATION_CONTEXT(2) 
PARAMETRIC_REPRESENTATION_CONTEXT() REPRESENTATION_CONTEXT('2D SPACE',''
  ) );
#5816 = PCURVE('',#4292,#5817);
#5817 = DEFINITIONAL_REPRESENTATION('',(#5818),#5822);
#5818 = LINE('',#5819,#5820);
#5819 = CARTESIAN_POINT('',(-4.5,0.));
#5820 = VECTOR('',#5821,1.);
#5821 = DIRECTION('',(0.,-1.));
#5822 = ( GEOMETRIC_REPRESENTATION_CONTEXT(2) 
PARAMETRIC_REPRESENTATION_CONTEXT() REPRESENTATION_CONTEXT('2D SPACE',''
  ) );
#5823 = ORIENTED_EDGE('',*,*,#5824,.T.);
#5824 = EDGE_CURVE('',#5802,#5825,#5827,.T.);
#5825 = VERTEX_POINT('',#5826);
#5826 = CARTESIAN_POINT('',(18.5,16.,68.5));
#5827 = SURFACE_CURVE('',#5828,(#5832,#5839),.PCURVE_S1.);
#5828 = LINE('',#5829,#5830);
#5829 = CARTESIAN_POINT('',(12.5,16.,68.5));
#5830 = VECTOR('',#5831,1.);
#5831 = DIRECTION('',(1.,0.,0.));
#5832 = PCURVE('',#5697,#5833);
#5833 = DEFINITIONAL_REPRESENTATION('',(#5834),#5838);
#5834 = LINE('',#5835,#5836);
#5835 = CARTESIAN_POINT('',(0.,0.));
#5836 = VECTOR('',#5837,1.);
#5837 = DIRECTION('',(1.,0.));
#5838 = ( GEOMETRIC_REPRESENTATION_CONTEXT(2) 
PARAMETRIC_REPRESENTATION_CONTEXT() REPRESENTATION_CONTEXT('2D SPACE',''
  ) );
#5839 = PCURVE('',#528,#5840);
#5840 = DEFINITIONAL_REPRESENTATION('',(#5841),#5845);
#5841 = LINE('',#5842,#5843);
#5842 = CARTESIAN_POINT('',(42.,12.5));
#5843 = VECTOR('',#5844,1.);
#5844 = DIRECTION('',(0.,1.));
#5845 = ( GEOMETRIC_REPRESENTATION_CONTEXT(2) 
PARAMETRIC_REPRESENTATION_CONTEXT() REPRESENTATION_CONTEXT('2D SPACE',''
  ) );
#5846 = ORIENTED_EDGE('',*,*,#5847,.T.);
#5847 = EDGE_CURVE('',#5825,#5682,#5848,.T.);
#5848 = SURFACE_CURVE('',#5849,(#5853,#5860),.PCURVE_S1.);
#5849 = LINE('',#5850,#5851);
#5850 = CARTESIAN_POINT('',(18.5,16.,68.5));
#5851 = VECTOR('',#5852,1.);
#5852 = DIRECTION('',(0.,1.,0.));
#5853 = PCURVE('',#5697,#5854);
#5854 = DEFINITIONAL_REPRESENTATION('',(#5855),#5859);
#5855 = LINE('',#5856,#5857);
#5856 = CARTESIAN_POINT('',(6.,0.));
#5857 = VECTOR('',#5858,1.);
#5858 = DIRECTION('',(0.,1.));
#5859 = ( GEOMETRIC_REPRESENTATION_CONTEXT(2) 
PARAMETRIC_REPRESENTATION_CONTEXT() REPRESENTATION_CONTEXT('2D SPACE',''
  ) );
#5860 = PCURVE('',#4448,#5861);
#5861 = DEFINITIONAL_REPRESENTATION('',(#5862),#5866);
#5862 = LINE('',#5863,#5864);
#5863 = CARTESIAN_POINT('',(0.,0.));
#5864 = VECTOR('',#5865,1.);
#5865 = DIRECTION('',(0.,-1.));
#5866 = ( GEOMETRIC_REPRESENTATION_CONTEXT(2) 
PARAMETRIC_REPRESENTATION_CONTEXT() REPRESENTATION_CONTEXT('2D SPACE',''
  ) );
#5867 = ORIENTED_EDGE('',*,*,#5679,.F.);
#5868 = ADVANCED_FACE('',(#5869),#4344,.T.);
#5869 = FACE_BOUND('',#5870,.T.);
#5870 = EDGE_LOOP('',(#5871,#5872,#5893,#5894,#5915));
#5871 = ORIENTED_EDGE('',*,*,#5456,.F.);
#5872 = ORIENTED_EDGE('',*,*,#5873,.F.);
#5873 = EDGE_CURVE('',#5604,#5457,#5874,.T.);
#5874 = SURFACE_CURVE('',#5875,(#5879,#5886),.PCURVE_S1.);
#5875 = LINE('',#5876,#5877);
#5876 = CARTESIAN_POINT('',(13.5,16.,73.));
#5877 = VECTOR('',#5878,1.);
#5878 = DIRECTION('',(0.,0.,1.));
#5879 = PCURVE('',#4344,#5880);
#5880 = DEFINITIONAL_REPRESENTATION('',(#5881),#5885);
#5881 = LINE('',#5882,#5883);
#5882 = CARTESIAN_POINT('',(0.,0.));
#5883 = VECTOR('',#5884,1.);
#5884 = DIRECTION('',(1.,0.));
#5885 = ( GEOMETRIC_REPRESENTATION_CONTEXT(2) 
PARAMETRIC_REPRESENTATION_CONTEXT() REPRESENTATION_CONTEXT('2D SPACE',''
  ) );
#5886 = PCURVE('',#528,#5887);
#5887 = DEFINITIONAL_REPRESENTATION('',(#5888),#5892);
#5888 = LINE('',#5889,#5890);
#5889 = CARTESIAN_POINT('',(46.5,13.5));
#5890 = VECTOR('',#5891,1.);
#5891 = DIRECTION('',(1.,0.));
#5892 = ( GEOMETRIC_REPRESENTATION_CONTEXT(2) 
PARAMETRIC_REPRESENTATION_CONTEXT() REPRESENTATION_CONTEXT('2D SPACE',''
  ) );
#5893 = ORIENTED_EDGE('',*,*,#5603,.T.);
#5894 = ORIENTED_EDGE('',*,*,#5895,.T.);
#5895 = EDGE_CURVE('',#5606,#4304,#5896,.T.);
#5896 = SURFACE_CURVE('',#5897,(#5901,#5908),.PCURVE_S1.);
#5897 = LINE('',#5898,#5899);
#5898 = CARTESIAN_POINT('',(13.5,16.,73.));
#5899 = VECTOR('',#5900,1.);
#5900 = DIRECTION('',(0.,1.,0.));
#5901 = PCURVE('',#4344,#5902);
#5902 = DEFINITIONAL_REPRESENTATION('',(#5903),#5907);
#5903 = LINE('',#5904,#5905);
#5904 = CARTESIAN_POINT('',(0.,0.));
#5905 = VECTOR('',#5906,1.);
#5906 = DIRECTION('',(0.,-1.));
#5907 = ( GEOMETRIC_REPRESENTATION_CONTEXT(2) 
PARAMETRIC_REPRESENTATION_CONTEXT() REPRESENTATION_CONTEXT('2D SPACE',''
  ) );
#5908 = PCURVE('',#4318,#5909);
#5909 = DEFINITIONAL_REPRESENTATION('',(#5910),#5914);
#5910 = LINE('',#5911,#5912);
#5911 = CARTESIAN_POINT('',(1.,0.));
#5912 = VECTOR('',#5913,1.);
#5913 = DIRECTION('',(0.,1.));
#5914 = ( GEOMETRIC_REPRESENTATION_CONTEXT(2) 
PARAMETRIC_REPRESENTATION_CONTEXT() REPRESENTATION_CONTEXT('2D SPACE',''
  ) );
#5915 = ORIENTED_EDGE('',*,*,#4329,.F.);
#5916 = ADVANCED_FACE('',(#5917),#4422,.F.);
#5917 = FACE_BOUND('',#5918,.F.);
#5918 = EDGE_LOOP('',(#5919,#5920,#5921,#5942));
#5919 = ORIENTED_EDGE('',*,*,#5578,.F.);
#5920 = ORIENTED_EDGE('',*,*,#5754,.T.);
#5921 = ORIENTED_EDGE('',*,*,#5922,.T.);
#5922 = EDGE_CURVE('',#5755,#4408,#5923,.T.);
#5923 = SURFACE_CURVE('',#5924,(#5928,#5935),.PCURVE_S1.);
#5924 = LINE('',#5925,#5926);
#5925 = CARTESIAN_POINT('',(18.5,16.,73.));
#5926 = VECTOR('',#5927,1.);
#5927 = DIRECTION('',(0.,1.,0.));
#5928 = PCURVE('',#4422,#5929);
#5929 = DEFINITIONAL_REPRESENTATION('',(#5930),#5934);
#5930 = LINE('',#5931,#5932);
#5931 = CARTESIAN_POINT('',(1.,0.));
#5932 = VECTOR('',#5933,1.);
#5933 = DIRECTION('',(0.,1.));
#5934 = ( GEOMETRIC_REPRESENTATION_CONTEXT(2) 
PARAMETRIC_REPRESENTATION_CONTEXT() REPRESENTATION_CONTEXT('2D SPACE',''
  ) );
#5935 = PCURVE('',#4448,#5936);
#5936 = DEFINITIONAL_REPRESENTATION('',(#5937),#5941);
#5937 = LINE('',#5938,#5939);
#5938 = CARTESIAN_POINT('',(4.5,0.));
#5939 = VECTOR('',#5940,1.);
#5940 = DIRECTION('',(0.,-1.));
#5941 = ( GEOMETRIC_REPRESENTATION_CONTEXT(2) 
PARAMETRIC_REPRESENTATION_CONTEXT() REPRESENTATION_CONTEXT('2D SPACE',''
  ) );
#5942 = ORIENTED_EDGE('',*,*,#4407,.F.);
#5943 = ADVANCED_FACE('',(#5944),#4318,.F.);
#5944 = FACE_BOUND('',#5945,.F.);
#5945 = EDGE_LOOP('',(#5946,#5967,#5968,#5969));
#5946 = ORIENTED_EDGE('',*,*,#5947,.F.);
#5947 = EDGE_CURVE('',#5710,#4278,#5948,.T.);
#5948 = SURFACE_CURVE('',#5949,(#5953,#5960),.PCURVE_S1.);
#5949 = LINE('',#5950,#5951);
#5950 = CARTESIAN_POINT('',(12.5,16.,73.));
#5951 = VECTOR('',#5952,1.);
#5952 = DIRECTION('',(0.,1.,0.));
#5953 = PCURVE('',#4318,#5954);
#5954 = DEFINITIONAL_REPRESENTATION('',(#5955),#5959);
#5955 = LINE('',#5956,#5957);
#5956 = CARTESIAN_POINT('',(0.,0.));
#5957 = VECTOR('',#5958,1.);
#5958 = DIRECTION('',(0.,1.));
#5959 = ( GEOMETRIC_REPRESENTATION_CONTEXT(2) 
PARAMETRIC_REPRESENTATION_CONTEXT() REPRESENTATION_CONTEXT('2D SPACE',''
  ) );
#5960 = PCURVE('',#4292,#5961);
#5961 = DEFINITIONAL_REPRESENTATION('',(#5962),#5966);
#5962 = LINE('',#5963,#5964);
#5963 = CARTESIAN_POINT('',(0.,0.));
#5964 = VECTOR('',#5965,1.);
#5965 = DIRECTION('',(0.,-1.));
#5966 = ( GEOMETRIC_REPRESENTATION_CONTEXT(2) 
PARAMETRIC_REPRESENTATION_CONTEXT() REPRESENTATION_CONTEXT('2D SPACE',''
  ) );
#5967 = ORIENTED_EDGE('',*,*,#5732,.T.);
#5968 = ORIENTED_EDGE('',*,*,#5895,.T.);
#5969 = ORIENTED_EDGE('',*,*,#4303,.F.);
#5970 = ADVANCED_FACE('',(#5971),#4448,.T.);
#5971 = FACE_BOUND('',#5972,.T.);
#5972 = EDGE_LOOP('',(#5973,#5996,#5997,#5998,#5999,#6000));
#5973 = ORIENTED_EDGE('',*,*,#5974,.F.);
#5974 = EDGE_CURVE('',#5825,#5975,#5977,.T.);
#5975 = VERTEX_POINT('',#5976);
#5976 = CARTESIAN_POINT('',(18.5,16.,75.5));
#5977 = SURFACE_CURVE('',#5978,(#5982,#5989),.PCURVE_S1.);
#5978 = LINE('',#5979,#5980);
#5979 = CARTESIAN_POINT('',(18.5,16.,68.5));
#5980 = VECTOR('',#5981,1.);
#5981 = DIRECTION('',(0.,0.,1.));
#5982 = PCURVE('',#4448,#5983);
#5983 = DEFINITIONAL_REPRESENTATION('',(#5984),#5988);
#5984 = LINE('',#5985,#5986);
#5985 = CARTESIAN_POINT('',(0.,0.));
#5986 = VECTOR('',#5987,1.);
#5987 = DIRECTION('',(1.,0.));
#5988 = ( GEOMETRIC_REPRESENTATION_CONTEXT(2) 
PARAMETRIC_REPRESENTATION_CONTEXT() REPRESENTATION_CONTEXT('2D SPACE',''
  ) );
#5989 = PCURVE('',#528,#5990);
#5990 = DEFINITIONAL_REPRESENTATION('',(#5991),#5995);
#5991 = LINE('',#5992,#5993);
#5992 = CARTESIAN_POINT('',(42.,18.5));
#5993 = VECTOR('',#5994,1.);
#5994 = DIRECTION('',(1.,0.));
#5995 = ( GEOMETRIC_REPRESENTATION_CONTEXT(2) 
PARAMETRIC_REPRESENTATION_CONTEXT() REPRESENTATION_CONTEXT('2D SPACE',''
  ) );
#5996 = ORIENTED_EDGE('',*,*,#5847,.T.);
#5997 = ORIENTED_EDGE('',*,*,#5777,.T.);
#5998 = ORIENTED_EDGE('',*,*,#5922,.T.);
#5999 = ORIENTED_EDGE('',*,*,#4433,.F.);
#6000 = ORIENTED_EDGE('',*,*,#6001,.F.);
#6001 = EDGE_CURVE('',#5975,#4434,#6002,.T.);
#6002 = SURFACE_CURVE('',#6003,(#6007,#6014),.PCURVE_S1.);
#6003 = LINE('',#6004,#6005);
#6004 = CARTESIAN_POINT('',(18.5,16.,75.5));
#6005 = VECTOR('',#6006,1.);
#6006 = DIRECTION('',(0.,1.,0.));
#6007 = PCURVE('',#4448,#6008);
#6008 = DEFINITIONAL_REPRESENTATION('',(#6009),#6013);
#6009 = LINE('',#6010,#6011);
#6010 = CARTESIAN_POINT('',(7.,0.));
#6011 = VECTOR('',#6012,1.);
#6012 = DIRECTION('',(0.,-1.));
#6013 = ( GEOMETRIC_REPRESENTATION_CONTEXT(2) 
PARAMETRIC_REPRESENTATION_CONTEXT() REPRESENTATION_CONTEXT('2D SPACE',''
  ) );
#6014 = PCURVE('',#4474,#6015);
#6015 = DEFINITIONAL_REPRESENTATION('',(#6016),#6020);
#6016 = LINE('',#6017,#6018);
#6017 = CARTESIAN_POINT('',(18.5,0.));
#6018 = VECTOR('',#6019,1.);
#6019 = DIRECTION('',(0.,1.));
#6020 = ( GEOMETRIC_REPRESENTATION_CONTEXT(2) 
PARAMETRIC_REPRESENTATION_CONTEXT() REPRESENTATION_CONTEXT('2D SPACE',''
  ) );
#6021 = ADVANCED_FACE('',(#6022),#4292,.F.);
#6022 = FACE_BOUND('',#6023,.F.);
#6023 = EDGE_LOOP('',(#6024,#6047,#6068,#6069,#6070,#6071));
#6024 = ORIENTED_EDGE('',*,*,#6025,.F.);
#6025 = EDGE_CURVE('',#6026,#4252,#6028,.T.);
#6026 = VERTEX_POINT('',#6027);
#6027 = CARTESIAN_POINT('',(12.5,16.,75.5));
#6028 = SURFACE_CURVE('',#6029,(#6033,#6040),.PCURVE_S1.);
#6029 = LINE('',#6030,#6031);
#6030 = CARTESIAN_POINT('',(12.5,16.,75.5));
#6031 = VECTOR('',#6032,1.);
#6032 = DIRECTION('',(0.,1.,0.));
#6033 = PCURVE('',#4292,#6034);
#6034 = DEFINITIONAL_REPRESENTATION('',(#6035),#6039);
#6035 = LINE('',#6036,#6037);
#6036 = CARTESIAN_POINT('',(2.5,0.));
#6037 = VECTOR('',#6038,1.);
#6038 = DIRECTION('',(0.,-1.));
#6039 = ( GEOMETRIC_REPRESENTATION_CONTEXT(2) 
PARAMETRIC_REPRESENTATION_CONTEXT() REPRESENTATION_CONTEXT('2D SPACE',''
  ) );
#6040 = PCURVE('',#4266,#6041);
#6041 = DEFINITIONAL_REPRESENTATION('',(#6042),#6046);
#6042 = LINE('',#6043,#6044);
#6043 = CARTESIAN_POINT('',(12.5,0.));
#6044 = VECTOR('',#6045,1.);
#6045 = DIRECTION('',(0.,1.));
#6046 = ( GEOMETRIC_REPRESENTATION_CONTEXT(2) 
PARAMETRIC_REPRESENTATION_CONTEXT() REPRESENTATION_CONTEXT('2D SPACE',''
  ) );
#6047 = ORIENTED_EDGE('',*,*,#6048,.T.);
#6048 = EDGE_CURVE('',#6026,#5802,#6049,.T.);
#6049 = SURFACE_CURVE('',#6050,(#6054,#6061),.PCURVE_S1.);
#6050 = LINE('',#6051,#6052);
#6051 = CARTESIAN_POINT('',(12.5,16.,75.5));
#6052 = VECTOR('',#6053,1.);
#6053 = DIRECTION('',(0.,0.,-1.));
#6054 = PCURVE('',#4292,#6055);
#6055 = DEFINITIONAL_REPRESENTATION('',(#6056),#6060);
#6056 = LINE('',#6057,#6058);
#6057 = CARTESIAN_POINT('',(2.5,0.));
#6058 = VECTOR('',#6059,1.);
#6059 = DIRECTION('',(-1.,0.));
#6060 = ( GEOMETRIC_REPRESENTATION_CONTEXT(2) 
PARAMETRIC_REPRESENTATION_CONTEXT() REPRESENTATION_CONTEXT('2D SPACE',''
  ) );
#6061 = PCURVE('',#528,#6062);
#6062 = DEFINITIONAL_REPRESENTATION('',(#6063),#6067);
#6063 = LINE('',#6064,#6065);
#6064 = CARTESIAN_POINT('',(49.,12.5));
#6065 = VECTOR('',#6066,1.);
#6066 = DIRECTION('',(-1.,0.));
#6067 = ( GEOMETRIC_REPRESENTATION_CONTEXT(2) 
PARAMETRIC_REPRESENTATION_CONTEXT() REPRESENTATION_CONTEXT('2D SPACE',''
  ) );
#6068 = ORIENTED_EDGE('',*,*,#5801,.T.);
#6069 = ORIENTED_EDGE('',*,*,#5709,.T.);
#6070 = ORIENTED_EDGE('',*,*,#5947,.T.);
#6071 = ORIENTED_EDGE('',*,*,#4277,.F.);
#6072 = ADVANCED_FACE('',(#6073),#4474,.F.);
#6073 = FACE_BOUND('',#6074,.F.);
#6074 = EDGE_LOOP('',(#6075,#6076,#6077,#6100));
#6075 = ORIENTED_EDGE('',*,*,#4459,.F.);
#6076 = ORIENTED_EDGE('',*,*,#6001,.F.);
#6077 = ORIENTED_EDGE('',*,*,#6078,.T.);
#6078 = EDGE_CURVE('',#5975,#6079,#6081,.T.);
#6079 = VERTEX_POINT('',#6080);
#6080 = CARTESIAN_POINT('',(30.,16.,75.5));
#6081 = SURFACE_CURVE('',#6082,(#6086,#6093),.PCURVE_S1.);
#6082 = LINE('',#6083,#6084);
#6083 = CARTESIAN_POINT('',(0.,16.,75.5));
#6084 = VECTOR('',#6085,1.);
#6085 = DIRECTION('',(1.,0.,0.));
#6086 = PCURVE('',#4474,#6087);
#6087 = DEFINITIONAL_REPRESENTATION('',(#6088),#6092);
#6088 = LINE('',#6089,#6090);
#6089 = CARTESIAN_POINT('',(0.,0.));
#6090 = VECTOR('',#6091,1.);
#6091 = DIRECTION('',(1.,0.));
#6092 = ( GEOMETRIC_REPRESENTATION_CONTEXT(2) 
PARAMETRIC_REPRESENTATION_CONTEXT() REPRESENTATION_CONTEXT('2D SPACE',''
  ) );
#6093 = PCURVE('',#528,#6094);
#6094 = DEFINITIONAL_REPRESENTATION('',(#6095),#6099);
#6095 = LINE('',#6096,#6097);
#6096 = CARTESIAN_POINT('',(49.,0.));
#6097 = VECTOR('',#6098,1.);
#6098 = DIRECTION('',(0.,1.));
#6099 = ( GEOMETRIC_REPRESENTATION_CONTEXT(2) 
PARAMETRIC_REPRESENTATION_CONTEXT() REPRESENTATION_CONTEXT('2D SPACE',''
  ) );
#6100 = ORIENTED_EDGE('',*,*,#6101,.T.);
#6101 = EDGE_CURVE('',#6079,#4460,#6102,.T.);
#6102 = SURFACE_CURVE('',#6103,(#6107,#6114),.PCURVE_S1.);
#6103 = LINE('',#6104,#6105);
#6104 = CARTESIAN_POINT('',(30.,16.,75.5));
#6105 = VECTOR('',#6106,1.);
#6106 = DIRECTION('',(0.,1.,0.));
#6107 = PCURVE('',#4474,#6108);
#6108 = DEFINITIONAL_REPRESENTATION('',(#6109),#6113);
#6109 = LINE('',#6110,#6111);
#6110 = CARTESIAN_POINT('',(30.,0.));
#6111 = VECTOR('',#6112,1.);
#6112 = DIRECTION('',(0.,1.));
#6113 = ( GEOMETRIC_REPRESENTATION_CONTEXT(2) 
PARAMETRIC_REPRESENTATION_CONTEXT() REPRESENTATION_CONTEXT('2D SPACE',''
  ) );
#6114 = PCURVE('',#3819,#6115);
#6115 = DEFINITIONAL_REPRESENTATION('',(#6116),#6120);
#6116 = LINE('',#6117,#6118);
#6117 = CARTESIAN_POINT('',(49.,0.));
#6118 = VECTOR('',#6119,1.);
#6119 = DIRECTION('',(0.,-1.));
#6120 = ( GEOMETRIC_REPRESENTATION_CONTEXT(2) 
PARAMETRIC_REPRESENTATION_CONTEXT() REPRESENTATION_CONTEXT('2D SPACE',''
  ) );
#6121 = ADVANCED_FACE('',(#6122),#4266,.F.);
#6122 = FACE_BOUND('',#6123,.F.);
#6123 = EDGE_LOOP('',(#6124,#6125,#6148,#6169));
#6124 = ORIENTED_EDGE('',*,*,#4251,.F.);
#6125 = ORIENTED_EDGE('',*,*,#6126,.F.);
#6126 = EDGE_CURVE('',#6127,#4231,#6129,.T.);
#6127 = VERTEX_POINT('',#6128);
#6128 = CARTESIAN_POINT('',(1.,16.,75.5));
#6129 = SURFACE_CURVE('',#6130,(#6134,#6141),.PCURVE_S1.);
#6130 = LINE('',#6131,#6132);
#6131 = CARTESIAN_POINT('',(1.,16.,75.5));
#6132 = VECTOR('',#6133,1.);
#6133 = DIRECTION('',(0.,1.,0.));
#6134 = PCURVE('',#4266,#6135);
#6135 = DEFINITIONAL_REPRESENTATION('',(#6136),#6140);
#6136 = LINE('',#6137,#6138);
#6137 = CARTESIAN_POINT('',(1.,0.));
#6138 = VECTOR('',#6139,1.);
#6139 = DIRECTION('',(0.,1.));
#6140 = ( GEOMETRIC_REPRESENTATION_CONTEXT(2) 
PARAMETRIC_REPRESENTATION_CONTEXT() REPRESENTATION_CONTEXT('2D SPACE',''
  ) );
#6141 = PCURVE('',#3553,#6142);
#6142 = DEFINITIONAL_REPRESENTATION('',(#6143),#6147);
#6143 = LINE('',#6144,#6145);
#6144 = CARTESIAN_POINT('',(49.,0.));
#6145 = VECTOR('',#6146,1.);
#6146 = DIRECTION('',(0.,-1.));
#6147 = ( GEOMETRIC_REPRESENTATION_CONTEXT(2) 
PARAMETRIC_REPRESENTATION_CONTEXT() REPRESENTATION_CONTEXT('2D SPACE',''
  ) );
#6148 = ORIENTED_EDGE('',*,*,#6149,.T.);
#6149 = EDGE_CURVE('',#6127,#6026,#6150,.T.);
#6150 = SURFACE_CURVE('',#6151,(#6155,#6162),.PCURVE_S1.);
#6151 = LINE('',#6152,#6153);
#6152 = CARTESIAN_POINT('',(0.,16.,75.5));
#6153 = VECTOR('',#6154,1.);
#6154 = DIRECTION('',(1.,0.,0.));
#6155 = PCURVE('',#4266,#6156);
#6156 = DEFINITIONAL_REPRESENTATION('',(#6157),#6161);
#6157 = LINE('',#6158,#6159);
#6158 = CARTESIAN_POINT('',(0.,0.));
#6159 = VECTOR('',#6160,1.);
#6160 = DIRECTION('',(1.,0.));
#6161 = ( GEOMETRIC_REPRESENTATION_CONTEXT(2) 
PARAMETRIC_REPRESENTATION_CONTEXT() REPRESENTATION_CONTEXT('2D SPACE',''
  ) );
#6162 = PCURVE('',#528,#6163);
#6163 = DEFINITIONAL_REPRESENTATION('',(#6164),#6168);
#6164 = LINE('',#6165,#6166);
#6165 = CARTESIAN_POINT('',(49.,0.));
#6166 = VECTOR('',#6167,1.);
#6167 = DIRECTION('',(0.,1.));
#6168 = ( GEOMETRIC_REPRESENTATION_CONTEXT(2) 
PARAMETRIC_REPRESENTATION_CONTEXT() REPRESENTATION_CONTEXT('2D SPACE',''
  ) );
#6169 = ORIENTED_EDGE('',*,*,#6025,.T.);
#6170 = ADVANCED_FACE('',(#6171),#4104,.T.);
#6171 = FACE_BOUND('',#6172,.T.);
#6172 = EDGE_LOOP('',(#6173,#6196,#6224,#6245));
#6173 = ORIENTED_EDGE('',*,*,#6174,.F.);
#6174 = EDGE_CURVE('',#6175,#4090,#6177,.T.);
#6175 = VERTEX_POINT('',#6176);
#6176 = CARTESIAN_POINT('',(23.6,16.,56.5));
#6177 = SURFACE_CURVE('',#6178,(#6182,#6189),.PCURVE_S1.);
#6178 = LINE('',#6179,#6180);
#6179 = CARTESIAN_POINT('',(23.6,16.,56.5));
#6180 = VECTOR('',#6181,1.);
#6181 = DIRECTION('',(0.,1.,0.));
#6182 = PCURVE('',#4104,#6183);
#6183 = DEFINITIONAL_REPRESENTATION('',(#6184),#6188);
#6184 = LINE('',#6185,#6186);
#6185 = CARTESIAN_POINT('',(0.,0.));
#6186 = VECTOR('',#6187,1.);
#6187 = DIRECTION('',(0.,1.));
#6188 = ( GEOMETRIC_REPRESENTATION_CONTEXT(2) 
PARAMETRIC_REPRESENTATION_CONTEXT() REPRESENTATION_CONTEXT('2D SPACE',''
  ) );
#6189 = PCURVE('',#3713,#6190);
#6190 = DEFINITIONAL_REPRESENTATION('',(#6191),#6195);
#6191 = LINE('',#6192,#6193);
#6192 = CARTESIAN_POINT('',(30.,0.));
#6193 = VECTOR('',#6194,1.);
#6194 = DIRECTION('',(0.,-1.));
#6195 = ( GEOMETRIC_REPRESENTATION_CONTEXT(2) 
PARAMETRIC_REPRESENTATION_CONTEXT() REPRESENTATION_CONTEXT('2D SPACE',''
  ) );
#6196 = ORIENTED_EDGE('',*,*,#6197,.T.);
#6197 = EDGE_CURVE('',#6175,#6198,#6200,.T.);
#6198 = VERTEX_POINT('',#6199);
#6199 = CARTESIAN_POINT('',(24.4,16.,56.5));
#6200 = SURFACE_CURVE('',#6201,(#6205,#6212),.PCURVE_S1.);
#6201 = LINE('',#6202,#6203);
#6202 = CARTESIAN_POINT('',(23.6,16.,56.5));
#6203 = VECTOR('',#6204,1.);
#6204 = DIRECTION('',(1.,0.,0.));
#6205 = PCURVE('',#4104,#6206);
#6206 = DEFINITIONAL_REPRESENTATION('',(#6207),#6211);
#6207 = LINE('',#6208,#6209);
#6208 = CARTESIAN_POINT('',(0.,0.));
#6209 = VECTOR('',#6210,1.);
#6210 = DIRECTION('',(1.,0.));
#6211 = ( GEOMETRIC_REPRESENTATION_CONTEXT(2) 
PARAMETRIC_REPRESENTATION_CONTEXT() REPRESENTATION_CONTEXT('2D SPACE',''
  ) );
#6212 = PCURVE('',#6213,#6218);
#6213 = PLANE('',#6214);
#6214 = AXIS2_PLACEMENT_3D('',#6215,#6216,#6217);
#6215 = CARTESIAN_POINT('',(23.6,16.,26.5));
#6216 = DIRECTION('',(0.,1.,0.));
#6217 = DIRECTION('',(0.,0.,1.));
#6218 = DEFINITIONAL_REPRESENTATION('',(#6219),#6223);
#6219 = LINE('',#6220,#6221);
#6220 = CARTESIAN_POINT('',(30.,0.));
#6221 = VECTOR('',#6222,1.);
#6222 = DIRECTION('',(0.,1.));
#6223 = ( GEOMETRIC_REPRESENTATION_CONTEXT(2) 
PARAMETRIC_REPRESENTATION_CONTEXT() REPRESENTATION_CONTEXT('2D SPACE',''
  ) );
#6224 = ORIENTED_EDGE('',*,*,#6225,.T.);
#6225 = EDGE_CURVE('',#6198,#4069,#6226,.T.);
#6226 = SURFACE_CURVE('',#6227,(#6231,#6238),.PCURVE_S1.);
#6227 = LINE('',#6228,#6229);
#6228 = CARTESIAN_POINT('',(24.4,16.,56.5));
#6229 = VECTOR('',#6230,1.);
#6230 = DIRECTION('',(0.,1.,0.));
#6231 = PCURVE('',#4104,#6232);
#6232 = DEFINITIONAL_REPRESENTATION('',(#6233),#6237);
#6233 = LINE('',#6234,#6235);
#6234 = CARTESIAN_POINT('',(0.8,0.));
#6235 = VECTOR('',#6236,1.);
#6236 = DIRECTION('',(0.,1.));
#6237 = ( GEOMETRIC_REPRESENTATION_CONTEXT(2) 
PARAMETRIC_REPRESENTATION_CONTEXT() REPRESENTATION_CONTEXT('2D SPACE',''
  ) );
#6238 = PCURVE('',#3765,#6239);
#6239 = DEFINITIONAL_REPRESENTATION('',(#6240),#6244);
#6240 = LINE('',#6241,#6242);
#6241 = CARTESIAN_POINT('',(30.,0.));
#6242 = VECTOR('',#6243,1.);
#6243 = DIRECTION('',(0.,-1.));
#6244 = ( GEOMETRIC_REPRESENTATION_CONTEXT(2) 
PARAMETRIC_REPRESENTATION_CONTEXT() REPRESENTATION_CONTEXT('2D SPACE',''
  ) );
#6245 = ORIENTED_EDGE('',*,*,#4089,.F.);
#6246 = ADVANCED_FACE('',(#6247),#6213,.F.);
#6247 = FACE_BOUND('',#6248,.F.);
#6248 = EDGE_LOOP('',(#6249,#6274,#6295,#6296));
#6249 = ORIENTED_EDGE('',*,*,#6250,.F.);
#6250 = EDGE_CURVE('',#6251,#6253,#6255,.T.);
#6251 = VERTEX_POINT('',#6252);
#6252 = CARTESIAN_POINT('',(23.6,16.,26.5));
#6253 = VERTEX_POINT('',#6254);
#6254 = CARTESIAN_POINT('',(24.4,16.,26.5));
#6255 = SURFACE_CURVE('',#6256,(#6260,#6267),.PCURVE_S1.);
#6256 = LINE('',#6257,#6258);
#6257 = CARTESIAN_POINT('',(23.6,16.,26.5));
#6258 = VECTOR('',#6259,1.);
#6259 = DIRECTION('',(1.,0.,0.));
#6260 = PCURVE('',#6213,#6261);
#6261 = DEFINITIONAL_REPRESENTATION('',(#6262),#6266);
#6262 = LINE('',#6263,#6264);
#6263 = CARTESIAN_POINT('',(0.,0.));
#6264 = VECTOR('',#6265,1.);
#6265 = DIRECTION('',(0.,1.));
#6266 = ( GEOMETRIC_REPRESENTATION_CONTEXT(2) 
PARAMETRIC_REPRESENTATION_CONTEXT() REPRESENTATION_CONTEXT('2D SPACE',''
  ) );
#6267 = PCURVE('',#3739,#6268);
#6268 = DEFINITIONAL_REPRESENTATION('',(#6269),#6273);
#6269 = LINE('',#6270,#6271);
#6270 = CARTESIAN_POINT('',(0.,0.));
#6271 = VECTOR('',#6272,1.);
#6272 = DIRECTION('',(1.,0.));
#6273 = ( GEOMETRIC_REPRESENTATION_CONTEXT(2) 
PARAMETRIC_REPRESENTATION_CONTEXT() REPRESENTATION_CONTEXT('2D SPACE',''
  ) );
#6274 = ORIENTED_EDGE('',*,*,#6275,.T.);
#6275 = EDGE_CURVE('',#6251,#6175,#6276,.T.);
#6276 = SURFACE_CURVE('',#6277,(#6281,#6288),.PCURVE_S1.);
#6277 = LINE('',#6278,#6279);
#6278 = CARTESIAN_POINT('',(23.6,16.,26.5));
#6279 = VECTOR('',#6280,1.);
#6280 = DIRECTION('',(0.,0.,1.));
#6281 = PCURVE('',#6213,#6282);
#6282 = DEFINITIONAL_REPRESENTATION('',(#6283),#6287);
#6283 = LINE('',#6284,#6285);
#6284 = CARTESIAN_POINT('',(0.,0.));
#6285 = VECTOR('',#6286,1.);
#6286 = DIRECTION('',(1.,0.));
#6287 = ( GEOMETRIC_REPRESENTATION_CONTEXT(2) 
PARAMETRIC_REPRESENTATION_CONTEXT() REPRESENTATION_CONTEXT('2D SPACE',''
  ) );
#6288 = PCURVE('',#3713,#6289);
#6289 = DEFINITIONAL_REPRESENTATION('',(#6290),#6294);
#6290 = LINE('',#6291,#6292);
#6291 = CARTESIAN_POINT('',(0.,0.));
#6292 = VECTOR('',#6293,1.);
#6293 = DIRECTION('',(1.,0.));
#6294 = ( GEOMETRIC_REPRESENTATION_CONTEXT(2) 
PARAMETRIC_REPRESENTATION_CONTEXT() REPRESENTATION_CONTEXT('2D SPACE',''
  ) );
#6295 = ORIENTED_EDGE('',*,*,#6197,.T.);
#6296 = ORIENTED_EDGE('',*,*,#6297,.F.);
#6297 = EDGE_CURVE('',#6253,#6198,#6298,.T.);
#6298 = SURFACE_CURVE('',#6299,(#6303,#6310),.PCURVE_S1.);
#6299 = LINE('',#6300,#6301);
#6300 = CARTESIAN_POINT('',(24.4,16.,26.5));
#6301 = VECTOR('',#6302,1.);
#6302 = DIRECTION('',(0.,0.,1.));
#6303 = PCURVE('',#6213,#6304);
#6304 = DEFINITIONAL_REPRESENTATION('',(#6305),#6309);
#6305 = LINE('',#6306,#6307);
#6306 = CARTESIAN_POINT('',(0.,0.8));
#6307 = VECTOR('',#6308,1.);
#6308 = DIRECTION('',(1.,0.));
#6309 = ( GEOMETRIC_REPRESENTATION_CONTEXT(2) 
PARAMETRIC_REPRESENTATION_CONTEXT() REPRESENTATION_CONTEXT('2D SPACE',''
  ) );
#6310 = PCURVE('',#3765,#6311);
#6311 = DEFINITIONAL_REPRESENTATION('',(#6312),#6316);
#6312 = LINE('',#6313,#6314);
#6313 = CARTESIAN_POINT('',(0.,0.));
#6314 = VECTOR('',#6315,1.);
#6315 = DIRECTION('',(1.,0.));
#6316 = ( GEOMETRIC_REPRESENTATION_CONTEXT(2) 
PARAMETRIC_REPRESENTATION_CONTEXT() REPRESENTATION_CONTEXT('2D SPACE',''
  ) );
#6317 = ADVANCED_FACE('',(#6318),#4195,.T.);
#6318 = FACE_BOUND('',#6319,.T.);
#6319 = EDGE_LOOP('',(#6320,#6343,#6371,#6392));
#6320 = ORIENTED_EDGE('',*,*,#6321,.F.);
#6321 = EDGE_CURVE('',#6322,#4181,#6324,.T.);
#6322 = VERTEX_POINT('',#6323);
#6323 = CARTESIAN_POINT('',(6.6,16.,56.5));
#6324 = SURFACE_CURVE('',#6325,(#6329,#6336),.PCURVE_S1.);
#6325 = LINE('',#6326,#6327);
#6326 = CARTESIAN_POINT('',(6.6,16.,56.5));
#6327 = VECTOR('',#6328,1.);
#6328 = DIRECTION('',(0.,1.,0.));
#6329 = PCURVE('',#4195,#6330);
#6330 = DEFINITIONAL_REPRESENTATION('',(#6331),#6335);
#6331 = LINE('',#6332,#6333);
#6332 = CARTESIAN_POINT('',(0.,0.));
#6333 = VECTOR('',#6334,1.);
#6334 = DIRECTION('',(0.,1.));
#6335 = ( GEOMETRIC_REPRESENTATION_CONTEXT(2) 
PARAMETRIC_REPRESENTATION_CONTEXT() REPRESENTATION_CONTEXT('2D SPACE',''
  ) );
#6336 = PCURVE('',#3607,#6337);
#6337 = DEFINITIONAL_REPRESENTATION('',(#6338),#6342);
#6338 = LINE('',#6339,#6340);
#6339 = CARTESIAN_POINT('',(30.,0.));
#6340 = VECTOR('',#6341,1.);
#6341 = DIRECTION('',(0.,-1.));
#6342 = ( GEOMETRIC_REPRESENTATION_CONTEXT(2) 
PARAMETRIC_REPRESENTATION_CONTEXT() REPRESENTATION_CONTEXT('2D SPACE',''
  ) );
#6343 = ORIENTED_EDGE('',*,*,#6344,.T.);
#6344 = EDGE_CURVE('',#6322,#6345,#6347,.T.);
#6345 = VERTEX_POINT('',#6346);
#6346 = CARTESIAN_POINT('',(7.4,16.,56.5));
#6347 = SURFACE_CURVE('',#6348,(#6352,#6359),.PCURVE_S1.);
#6348 = LINE('',#6349,#6350);
#6349 = CARTESIAN_POINT('',(6.6,16.,56.5));
#6350 = VECTOR('',#6351,1.);
#6351 = DIRECTION('',(1.,0.,0.));
#6352 = PCURVE('',#4195,#6353);
#6353 = DEFINITIONAL_REPRESENTATION('',(#6354),#6358);
#6354 = LINE('',#6355,#6356);
#6355 = CARTESIAN_POINT('',(0.,0.));
#6356 = VECTOR('',#6357,1.);
#6357 = DIRECTION('',(1.,0.));
#6358 = ( GEOMETRIC_REPRESENTATION_CONTEXT(2) 
PARAMETRIC_REPRESENTATION_CONTEXT() REPRESENTATION_CONTEXT('2D SPACE',''
  ) );
#6359 = PCURVE('',#6360,#6365);
#6360 = PLANE('',#6361);
#6361 = AXIS2_PLACEMENT_3D('',#6362,#6363,#6364);
#6362 = CARTESIAN_POINT('',(6.6,16.,26.5));
#6363 = DIRECTION('',(0.,1.,0.));
#6364 = DIRECTION('',(0.,0.,1.));
#6365 = DEFINITIONAL_REPRESENTATION('',(#6366),#6370);
#6366 = LINE('',#6367,#6368);
#6367 = CARTESIAN_POINT('',(30.,0.));
#6368 = VECTOR('',#6369,1.);
#6369 = DIRECTION('',(0.,1.));
#6370 = ( GEOMETRIC_REPRESENTATION_CONTEXT(2) 
PARAMETRIC_REPRESENTATION_CONTEXT() REPRESENTATION_CONTEXT('2D SPACE',''
  ) );
#6371 = ORIENTED_EDGE('',*,*,#6372,.T.);
#6372 = EDGE_CURVE('',#6345,#4160,#6373,.T.);
#6373 = SURFACE_CURVE('',#6374,(#6378,#6385),.PCURVE_S1.);
#6374 = LINE('',#6375,#6376);
#6375 = CARTESIAN_POINT('',(7.4,16.,56.5));
#6376 = VECTOR('',#6377,1.);
#6377 = DIRECTION('',(0.,1.,0.));
#6378 = PCURVE('',#4195,#6379);
#6379 = DEFINITIONAL_REPRESENTATION('',(#6380),#6384);
#6380 = LINE('',#6381,#6382);
#6381 = CARTESIAN_POINT('',(0.8,0.));
#6382 = VECTOR('',#6383,1.);
#6383 = DIRECTION('',(0.,1.));
#6384 = ( GEOMETRIC_REPRESENTATION_CONTEXT(2) 
PARAMETRIC_REPRESENTATION_CONTEXT() REPRESENTATION_CONTEXT('2D SPACE',''
  ) );
#6385 = PCURVE('',#3659,#6386);
#6386 = DEFINITIONAL_REPRESENTATION('',(#6387),#6391);
#6387 = LINE('',#6388,#6389);
#6388 = CARTESIAN_POINT('',(30.,0.));
#6389 = VECTOR('',#6390,1.);
#6390 = DIRECTION('',(0.,-1.));
#6391 = ( GEOMETRIC_REPRESENTATION_CONTEXT(2) 
PARAMETRIC_REPRESENTATION_CONTEXT() REPRESENTATION_CONTEXT('2D SPACE',''
  ) );
#6392 = ORIENTED_EDGE('',*,*,#4180,.F.);
#6393 = ADVANCED_FACE('',(#6394),#6360,.F.);
#6394 = FACE_BOUND('',#6395,.F.);
#6395 = EDGE_LOOP('',(#6396,#6421,#6442,#6443));
#6396 = ORIENTED_EDGE('',*,*,#6397,.F.);
#6397 = EDGE_CURVE('',#6398,#6400,#6402,.T.);
#6398 = VERTEX_POINT('',#6399);
#6399 = CARTESIAN_POINT('',(6.6,16.,26.5));
#6400 = VERTEX_POINT('',#6401);
#6401 = CARTESIAN_POINT('',(7.4,16.,26.5));
#6402 = SURFACE_CURVE('',#6403,(#6407,#6414),.PCURVE_S1.);
#6403 = LINE('',#6404,#6405);
#6404 = CARTESIAN_POINT('',(6.6,16.,26.5));
#6405 = VECTOR('',#6406,1.);
#6406 = DIRECTION('',(1.,0.,0.));
#6407 = PCURVE('',#6360,#6408);
#6408 = DEFINITIONAL_REPRESENTATION('',(#6409),#6413);
#6409 = LINE('',#6410,#6411);
#6410 = CARTESIAN_POINT('',(0.,0.));
#6411 = VECTOR('',#6412,1.);
#6412 = DIRECTION('',(0.,1.));
#6413 = ( GEOMETRIC_REPRESENTATION_CONTEXT(2) 
PARAMETRIC_REPRESENTATION_CONTEXT() REPRESENTATION_CONTEXT('2D SPACE',''
  ) );
#6414 = PCURVE('',#3633,#6415);
#6415 = DEFINITIONAL_REPRESENTATION('',(#6416),#6420);
#6416 = LINE('',#6417,#6418);
#6417 = CARTESIAN_POINT('',(0.,0.));
#6418 = VECTOR('',#6419,1.);
#6419 = DIRECTION('',(1.,0.));
#6420 = ( GEOMETRIC_REPRESENTATION_CONTEXT(2) 
PARAMETRIC_REPRESENTATION_CONTEXT() REPRESENTATION_CONTEXT('2D SPACE',''
  ) );
#6421 = ORIENTED_EDGE('',*,*,#6422,.T.);
#6422 = EDGE_CURVE('',#6398,#6322,#6423,.T.);
#6423 = SURFACE_CURVE('',#6424,(#6428,#6435),.PCURVE_S1.);
#6424 = LINE('',#6425,#6426);
#6425 = CARTESIAN_POINT('',(6.6,16.,26.5));
#6426 = VECTOR('',#6427,1.);
#6427 = DIRECTION('',(0.,0.,1.));
#6428 = PCURVE('',#6360,#6429);
#6429 = DEFINITIONAL_REPRESENTATION('',(#6430),#6434);
#6430 = LINE('',#6431,#6432);
#6431 = CARTESIAN_POINT('',(0.,0.));
#6432 = VECTOR('',#6433,1.);
#6433 = DIRECTION('',(1.,0.));
#6434 = ( GEOMETRIC_REPRESENTATION_CONTEXT(2) 
PARAMETRIC_REPRESENTATION_CONTEXT() REPRESENTATION_CONTEXT('2D SPACE',''
  ) );
#6435 = PCURVE('',#3607,#6436);
#6436 = DEFINITIONAL_REPRESENTATION('',(#6437),#6441);
#6437 = LINE('',#6438,#6439);
#6438 = CARTESIAN_POINT('',(0.,0.));
#6439 = VECTOR('',#6440,1.);
#6440 = DIRECTION('',(1.,0.));
#6441 = ( GEOMETRIC_REPRESENTATION_CONTEXT(2) 
PARAMETRIC_REPRESENTATION_CONTEXT() REPRESENTATION_CONTEXT('2D SPACE',''
  ) );
#6442 = ORIENTED_EDGE('',*,*,#6344,.T.);
#6443 = ORIENTED_EDGE('',*,*,#6444,.F.);
#6444 = EDGE_CURVE('',#6400,#6345,#6445,.T.);
#6445 = SURFACE_CURVE('',#6446,(#6450,#6457),.PCURVE_S1.);
#6446 = LINE('',#6447,#6448);
#6447 = CARTESIAN_POINT('',(7.4,16.,26.5));
#6448 = VECTOR('',#6449,1.);
#6449 = DIRECTION('',(0.,0.,1.));
#6450 = PCURVE('',#6360,#6451);
#6451 = DEFINITIONAL_REPRESENTATION('',(#6452),#6456);
#6452 = LINE('',#6453,#6454);
#6453 = CARTESIAN_POINT('',(0.,0.8));
#6454 = VECTOR('',#6455,1.);
#6455 = DIRECTION('',(1.,0.));
#6456 = ( GEOMETRIC_REPRESENTATION_CONTEXT(2) 
PARAMETRIC_REPRESENTATION_CONTEXT() REPRESENTATION_CONTEXT('2D SPACE',''
  ) );
#6457 = PCURVE('',#3659,#6458);
#6458 = DEFINITIONAL_REPRESENTATION('',(#6459),#6463);
#6459 = LINE('',#6460,#6461);
#6460 = CARTESIAN_POINT('',(0.,0.));
#6461 = VECTOR('',#6462,1.);
#6462 = DIRECTION('',(1.,0.));
#6463 = ( GEOMETRIC_REPRESENTATION_CONTEXT(2) 
PARAMETRIC_REPRESENTATION_CONTEXT() REPRESENTATION_CONTEXT('2D SPACE',''
  ) );
#6464 = ADVANCED_FACE('',(#6465),#3607,.F.);
#6465 = FACE_BOUND('',#6466,.F.);
#6466 = EDGE_LOOP('',(#6467,#6468,#6469,#6490,#6491,#6492));
#6467 = ORIENTED_EDGE('',*,*,#6321,.F.);
#6468 = ORIENTED_EDGE('',*,*,#6422,.F.);
#6469 = ORIENTED_EDGE('',*,*,#6470,.T.);
#6470 = EDGE_CURVE('',#6398,#3593,#6471,.T.);
#6471 = SURFACE_CURVE('',#6472,(#6476,#6483),.PCURVE_S1.);
#6472 = LINE('',#6473,#6474);
#6473 = CARTESIAN_POINT('',(6.6,16.,26.5));
#6474 = VECTOR('',#6475,1.);
#6475 = DIRECTION('',(0.,1.,0.));
#6476 = PCURVE('',#3607,#6477);
#6477 = DEFINITIONAL_REPRESENTATION('',(#6478),#6482);
#6478 = LINE('',#6479,#6480);
#6479 = CARTESIAN_POINT('',(0.,0.));
#6480 = VECTOR('',#6481,1.);
#6481 = DIRECTION('',(0.,-1.));
#6482 = ( GEOMETRIC_REPRESENTATION_CONTEXT(2) 
PARAMETRIC_REPRESENTATION_CONTEXT() REPRESENTATION_CONTEXT('2D SPACE',''
  ) );
#6483 = PCURVE('',#3633,#6484);
#6484 = DEFINITIONAL_REPRESENTATION('',(#6485),#6489);
#6485 = LINE('',#6486,#6487);
#6486 = CARTESIAN_POINT('',(0.,0.));
#6487 = VECTOR('',#6488,1.);
#6488 = DIRECTION('',(0.,1.));
#6489 = ( GEOMETRIC_REPRESENTATION_CONTEXT(2) 
PARAMETRIC_REPRESENTATION_CONTEXT() REPRESENTATION_CONTEXT('2D SPACE',''
  ) );
#6490 = ORIENTED_EDGE('',*,*,#3592,.F.);
#6491 = ORIENTED_EDGE('',*,*,#3952,.F.);
#6492 = ORIENTED_EDGE('',*,*,#4206,.F.);
#6493 = ADVANCED_FACE('',(#6494),#3633,.F.);
#6494 = FACE_BOUND('',#6495,.F.);
#6495 = EDGE_LOOP('',(#6496,#6497,#6498,#6519));
#6496 = ORIENTED_EDGE('',*,*,#6470,.F.);
#6497 = ORIENTED_EDGE('',*,*,#6397,.T.);
#6498 = ORIENTED_EDGE('',*,*,#6499,.T.);
#6499 = EDGE_CURVE('',#6400,#3619,#6500,.T.);
#6500 = SURFACE_CURVE('',#6501,(#6505,#6512),.PCURVE_S1.);
#6501 = LINE('',#6502,#6503);
#6502 = CARTESIAN_POINT('',(7.4,16.,26.5));
#6503 = VECTOR('',#6504,1.);
#6504 = DIRECTION('',(0.,1.,0.));
#6505 = PCURVE('',#3633,#6506);
#6506 = DEFINITIONAL_REPRESENTATION('',(#6507),#6511);
#6507 = LINE('',#6508,#6509);
#6508 = CARTESIAN_POINT('',(0.8,0.));
#6509 = VECTOR('',#6510,1.);
#6510 = DIRECTION('',(0.,1.));
#6511 = ( GEOMETRIC_REPRESENTATION_CONTEXT(2) 
PARAMETRIC_REPRESENTATION_CONTEXT() REPRESENTATION_CONTEXT('2D SPACE',''
  ) );
#6512 = PCURVE('',#3659,#6513);
#6513 = DEFINITIONAL_REPRESENTATION('',(#6514),#6518);
#6514 = LINE('',#6515,#6516);
#6515 = CARTESIAN_POINT('',(0.,0.));
#6516 = VECTOR('',#6517,1.);
#6517 = DIRECTION('',(0.,-1.));
#6518 = ( GEOMETRIC_REPRESENTATION_CONTEXT(2) 
PARAMETRIC_REPRESENTATION_CONTEXT() REPRESENTATION_CONTEXT('2D SPACE',''
  ) );
#6519 = ORIENTED_EDGE('',*,*,#3618,.F.);
#6520 = ADVANCED_FACE('',(#6521),#3659,.T.);
#6521 = FACE_BOUND('',#6522,.T.);
#6522 = EDGE_LOOP('',(#6523,#6524,#6525,#6526,#6527,#6546));
#6523 = ORIENTED_EDGE('',*,*,#6372,.F.);
#6524 = ORIENTED_EDGE('',*,*,#6444,.F.);
#6525 = ORIENTED_EDGE('',*,*,#6499,.T.);
#6526 = ORIENTED_EDGE('',*,*,#3644,.F.);
#6527 = ORIENTED_EDGE('',*,*,#6528,.F.);
#6528 = EDGE_CURVE('',#4137,#3645,#6529,.T.);
#6529 = SURFACE_CURVE('',#6530,(#6534,#6540),.PCURVE_S1.);
#6530 = LINE('',#6531,#6532);
#6531 = CARTESIAN_POINT('',(7.4,17.676913483253,34.595241735631));
#6532 = VECTOR('',#6533,1.);
#6533 = DIRECTION('',(0.,-3.343682707988E-03,-0.999994409877));
#6534 = PCURVE('',#3659,#6535);
#6535 = DEFINITIONAL_REPRESENTATION('',(#6536),#6539);
#6536 = B_SPLINE_CURVE_WITH_KNOTS('',1,(#6537,#6538),.UNSPECIFIED.,.F.,
  .F.,(2,2),(-8.100803548854,4.759268340525),.PIECEWISE_BEZIER_KNOTS.);
#6537 = CARTESIAN_POINT('',(16.196,-1.704));
#6538 = CARTESIAN_POINT('',(3.336,-1.661));
#6539 = ( GEOMETRIC_REPRESENTATION_CONTEXT(2) 
PARAMETRIC_REPRESENTATION_CONTEXT() REPRESENTATION_CONTEXT('2D SPACE',''
  ) );
#6540 = PCURVE('',#3686,#6541);
#6541 = DEFINITIONAL_REPRESENTATION('',(#6542),#6545);
#6542 = B_SPLINE_CURVE_WITH_KNOTS('',1,(#6543,#6544),.UNSPECIFIED.,.F.,
  .F.,(2,2),(-8.100803548854,4.759268340525),.PIECEWISE_BEZIER_KNOTS.);
#6543 = CARTESIAN_POINT('',(0.,-7.4));
#6544 = CARTESIAN_POINT('',(12.860071889379,-7.4));
#6545 = ( GEOMETRIC_REPRESENTATION_CONTEXT(2) 
PARAMETRIC_REPRESENTATION_CONTEXT() REPRESENTATION_CONTEXT('2D SPACE',''
  ) );
#6546 = ORIENTED_EDGE('',*,*,#4159,.F.);
#6547 = ADVANCED_FACE('',(#6548),#3686,.F.);
#6548 = FACE_BOUND('',#6549,.F.);
#6549 = EDGE_LOOP('',(#6550,#6551,#6552,#6571));
#6550 = ORIENTED_EDGE('',*,*,#6528,.F.);
#6551 = ORIENTED_EDGE('',*,*,#4136,.T.);
#6552 = ORIENTED_EDGE('',*,*,#6553,.T.);
#6553 = EDGE_CURVE('',#4116,#3671,#6554,.T.);
#6554 = SURFACE_CURVE('',#6555,(#6559,#6565),.PCURVE_S1.);
#6555 = LINE('',#6556,#6557);
#6556 = CARTESIAN_POINT('',(23.6,17.676913483253,34.595241735631));
#6557 = VECTOR('',#6558,1.);
#6558 = DIRECTION('',(0.,-3.343682707988E-03,-0.999994409877));
#6559 = PCURVE('',#3686,#6560);
#6560 = DEFINITIONAL_REPRESENTATION('',(#6561),#6564);
#6561 = B_SPLINE_CURVE_WITH_KNOTS('',1,(#6562,#6563),.UNSPECIFIED.,.F.,
  .F.,(2,2),(-8.100803548854,4.759268340525),.PIECEWISE_BEZIER_KNOTS.);
#6562 = CARTESIAN_POINT('',(0.,-23.6));
#6563 = CARTESIAN_POINT('',(12.860071889379,-23.6));
#6564 = ( GEOMETRIC_REPRESENTATION_CONTEXT(2) 
PARAMETRIC_REPRESENTATION_CONTEXT() REPRESENTATION_CONTEXT('2D SPACE',''
  ) );
#6565 = PCURVE('',#3713,#6566);
#6566 = DEFINITIONAL_REPRESENTATION('',(#6567),#6570);
#6567 = B_SPLINE_CURVE_WITH_KNOTS('',1,(#6568,#6569),.UNSPECIFIED.,.F.,
  .F.,(2,2),(-8.100803548854,4.759268340525),.PIECEWISE_BEZIER_KNOTS.);
#6568 = CARTESIAN_POINT('',(16.196,-1.704));
#6569 = CARTESIAN_POINT('',(3.336,-1.661));
#6570 = ( GEOMETRIC_REPRESENTATION_CONTEXT(2) 
PARAMETRIC_REPRESENTATION_CONTEXT() REPRESENTATION_CONTEXT('2D SPACE',''
  ) );
#6571 = ORIENTED_EDGE('',*,*,#3670,.F.);
#6572 = ADVANCED_FACE('',(#6573),#3713,.F.);
#6573 = FACE_BOUND('',#6574,.F.);
#6574 = EDGE_LOOP('',(#6575,#6576,#6577,#6598,#6599,#6600));
#6575 = ORIENTED_EDGE('',*,*,#6174,.F.);
#6576 = ORIENTED_EDGE('',*,*,#6275,.F.);
#6577 = ORIENTED_EDGE('',*,*,#6578,.T.);
#6578 = EDGE_CURVE('',#6251,#3699,#6579,.T.);
#6579 = SURFACE_CURVE('',#6580,(#6584,#6591),.PCURVE_S1.);
#6580 = LINE('',#6581,#6582);
#6581 = CARTESIAN_POINT('',(23.6,16.,26.5));
#6582 = VECTOR('',#6583,1.);
#6583 = DIRECTION('',(0.,1.,0.));
#6584 = PCURVE('',#3713,#6585);
#6585 = DEFINITIONAL_REPRESENTATION('',(#6586),#6590);
#6586 = LINE('',#6587,#6588);
#6587 = CARTESIAN_POINT('',(0.,0.));
#6588 = VECTOR('',#6589,1.);
#6589 = DIRECTION('',(0.,-1.));
#6590 = ( GEOMETRIC_REPRESENTATION_CONTEXT(2) 
PARAMETRIC_REPRESENTATION_CONTEXT() REPRESENTATION_CONTEXT('2D SPACE',''
  ) );
#6591 = PCURVE('',#3739,#6592);
#6592 = DEFINITIONAL_REPRESENTATION('',(#6593),#6597);
#6593 = LINE('',#6594,#6595);
#6594 = CARTESIAN_POINT('',(0.,0.));
#6595 = VECTOR('',#6596,1.);
#6596 = DIRECTION('',(0.,1.));
#6597 = ( GEOMETRIC_REPRESENTATION_CONTEXT(2) 
PARAMETRIC_REPRESENTATION_CONTEXT() REPRESENTATION_CONTEXT('2D SPACE',''
  ) );
#6598 = ORIENTED_EDGE('',*,*,#3698,.F.);
#6599 = ORIENTED_EDGE('',*,*,#6553,.F.);
#6600 = ORIENTED_EDGE('',*,*,#4115,.F.);
#6601 = ADVANCED_FACE('',(#6602),#3739,.F.);
#6602 = FACE_BOUND('',#6603,.F.);
#6603 = EDGE_LOOP('',(#6604,#6605,#6606,#6627));
#6604 = ORIENTED_EDGE('',*,*,#6578,.F.);
#6605 = ORIENTED_EDGE('',*,*,#6250,.T.);
#6606 = ORIENTED_EDGE('',*,*,#6607,.T.);
#6607 = EDGE_CURVE('',#6253,#3725,#6608,.T.);
#6608 = SURFACE_CURVE('',#6609,(#6613,#6620),.PCURVE_S1.);
#6609 = LINE('',#6610,#6611);
#6610 = CARTESIAN_POINT('',(24.4,16.,26.5));
#6611 = VECTOR('',#6612,1.);
#6612 = DIRECTION('',(0.,1.,0.));
#6613 = PCURVE('',#3739,#6614);
#6614 = DEFINITIONAL_REPRESENTATION('',(#6615),#6619);
#6615 = LINE('',#6616,#6617);
#6616 = CARTESIAN_POINT('',(0.8,0.));
#6617 = VECTOR('',#6618,1.);
#6618 = DIRECTION('',(0.,1.));
#6619 = ( GEOMETRIC_REPRESENTATION_CONTEXT(2) 
PARAMETRIC_REPRESENTATION_CONTEXT() REPRESENTATION_CONTEXT('2D SPACE',''
  ) );
#6620 = PCURVE('',#3765,#6621);
#6621 = DEFINITIONAL_REPRESENTATION('',(#6622),#6626);
#6622 = LINE('',#6623,#6624);
#6623 = CARTESIAN_POINT('',(0.,0.));
#6624 = VECTOR('',#6625,1.);
#6625 = DIRECTION('',(0.,-1.));
#6626 = ( GEOMETRIC_REPRESENTATION_CONTEXT(2) 
PARAMETRIC_REPRESENTATION_CONTEXT() REPRESENTATION_CONTEXT('2D SPACE',''
  ) );
#6627 = ORIENTED_EDGE('',*,*,#3724,.F.);
#6628 = ADVANCED_FACE('',(#6629),#3765,.T.);
#6629 = FACE_BOUND('',#6630,.T.);
#6630 = EDGE_LOOP('',(#6631,#6632,#6633,#6634,#6635,#6654));
#6631 = ORIENTED_EDGE('',*,*,#6225,.F.);
#6632 = ORIENTED_EDGE('',*,*,#6297,.F.);
#6633 = ORIENTED_EDGE('',*,*,#6607,.T.);
#6634 = ORIENTED_EDGE('',*,*,#3750,.F.);
#6635 = ORIENTED_EDGE('',*,*,#6636,.F.);
#6636 = EDGE_CURVE('',#4046,#3751,#6637,.T.);
#6637 = SURFACE_CURVE('',#6638,(#6642,#6648),.PCURVE_S1.);
#6638 = LINE('',#6639,#6640);
#6639 = CARTESIAN_POINT('',(24.4,17.676913483253,34.595241735631));
#6640 = VECTOR('',#6641,1.);
#6641 = DIRECTION('',(0.,-3.343682707988E-03,-0.999994409877));
#6642 = PCURVE('',#3765,#6643);
#6643 = DEFINITIONAL_REPRESENTATION('',(#6644),#6647);
#6644 = B_SPLINE_CURVE_WITH_KNOTS('',1,(#6645,#6646),.UNSPECIFIED.,.F.,
  .F.,(2,2),(-8.100803548854,4.759268340525),.PIECEWISE_BEZIER_KNOTS.);
#6645 = CARTESIAN_POINT('',(16.196,-1.704));
#6646 = CARTESIAN_POINT('',(3.336,-1.661));
#6647 = ( GEOMETRIC_REPRESENTATION_CONTEXT(2) 
PARAMETRIC_REPRESENTATION_CONTEXT() REPRESENTATION_CONTEXT('2D SPACE',''
  ) );
#6648 = PCURVE('',#3792,#6649);
#6649 = DEFINITIONAL_REPRESENTATION('',(#6650),#6653);
#6650 = B_SPLINE_CURVE_WITH_KNOTS('',1,(#6651,#6652),.UNSPECIFIED.,.F.,
  .F.,(2,2),(-8.100803548854,4.759268340525),.PIECEWISE_BEZIER_KNOTS.);
#6651 = CARTESIAN_POINT('',(0.,-24.4));
#6652 = CARTESIAN_POINT('',(12.860071889379,-24.4));
#6653 = ( GEOMETRIC_REPRESENTATION_CONTEXT(2) 
PARAMETRIC_REPRESENTATION_CONTEXT() REPRESENTATION_CONTEXT('2D SPACE',''
  ) );
#6654 = ORIENTED_EDGE('',*,*,#4068,.F.);
#6655 = ADVANCED_FACE('',(#6656),#3792,.F.);
#6656 = FACE_BOUND('',#6657,.F.);
#6657 = EDGE_LOOP('',(#6658,#6659,#6660,#6679));
#6658 = ORIENTED_EDGE('',*,*,#6636,.F.);
#6659 = ORIENTED_EDGE('',*,*,#4045,.T.);
#6660 = ORIENTED_EDGE('',*,*,#6661,.T.);
#6661 = EDGE_CURVE('',#4025,#3777,#6662,.T.);
#6662 = SURFACE_CURVE('',#6663,(#6667,#6673),.PCURVE_S1.);
#6663 = LINE('',#6664,#6665);
#6664 = CARTESIAN_POINT('',(30.,17.676913483253,34.595241735631));
#6665 = VECTOR('',#6666,1.);
#6666 = DIRECTION('',(0.,-3.343682707988E-03,-0.999994409877));
#6667 = PCURVE('',#3792,#6668);
#6668 = DEFINITIONAL_REPRESENTATION('',(#6669),#6672);
#6669 = B_SPLINE_CURVE_WITH_KNOTS('',1,(#6670,#6671),.UNSPECIFIED.,.F.,
  .F.,(2,2),(-8.100803548854,4.759268340525),.PIECEWISE_BEZIER_KNOTS.);
#6670 = CARTESIAN_POINT('',(0.,-30.));
#6671 = CARTESIAN_POINT('',(12.860071889379,-30.));
#6672 = ( GEOMETRIC_REPRESENTATION_CONTEXT(2) 
PARAMETRIC_REPRESENTATION_CONTEXT() REPRESENTATION_CONTEXT('2D SPACE',''
  ) );
#6673 = PCURVE('',#3819,#6674);
#6674 = DEFINITIONAL_REPRESENTATION('',(#6675),#6678);
#6675 = B_SPLINE_CURVE_WITH_KNOTS('',1,(#6676,#6677),.UNSPECIFIED.,.F.,
  .F.,(2,2),(-8.100803548854,4.759268340525),.PIECEWISE_BEZIER_KNOTS.);
#6676 = CARTESIAN_POINT('',(16.196,-1.704));
#6677 = CARTESIAN_POINT('',(3.336,-1.661));
#6678 = ( GEOMETRIC_REPRESENTATION_CONTEXT(2) 
PARAMETRIC_REPRESENTATION_CONTEXT() REPRESENTATION_CONTEXT('2D SPACE',''
  ) );
#6679 = ORIENTED_EDGE('',*,*,#3776,.F.);
#6680 = ADVANCED_FACE('',(#6681),#3819,.F.);
#6681 = FACE_BOUND('',#6682,.F.);
#6682 = EDGE_LOOP('',(#6683,#6684,#6707,#6728,#6729,#6730,#6731));
#6683 = ORIENTED_EDGE('',*,*,#6101,.F.);
#6684 = ORIENTED_EDGE('',*,*,#6685,.F.);
#6685 = EDGE_CURVE('',#6686,#6079,#6688,.T.);
#6686 = VERTEX_POINT('',#6687);
#6687 = CARTESIAN_POINT('',(30.,16.,26.5));
#6688 = SURFACE_CURVE('',#6689,(#6693,#6700),.PCURVE_S1.);
#6689 = LINE('',#6690,#6691);
#6690 = CARTESIAN_POINT('',(30.,16.,26.5));
#6691 = VECTOR('',#6692,1.);
#6692 = DIRECTION('',(0.,0.,1.));
#6693 = PCURVE('',#3819,#6694);
#6694 = DEFINITIONAL_REPRESENTATION('',(#6695),#6699);
#6695 = LINE('',#6696,#6697);
#6696 = CARTESIAN_POINT('',(0.,0.));
#6697 = VECTOR('',#6698,1.);
#6698 = DIRECTION('',(1.,0.));
#6699 = ( GEOMETRIC_REPRESENTATION_CONTEXT(2) 
PARAMETRIC_REPRESENTATION_CONTEXT() REPRESENTATION_CONTEXT('2D SPACE',''
  ) );
#6700 = PCURVE('',#528,#6701);
#6701 = DEFINITIONAL_REPRESENTATION('',(#6702),#6706);
#6702 = LINE('',#6703,#6704);
#6703 = CARTESIAN_POINT('',(0.,30.));
#6704 = VECTOR('',#6705,1.);
#6705 = DIRECTION('',(1.,0.));
#6706 = ( GEOMETRIC_REPRESENTATION_CONTEXT(2) 
PARAMETRIC_REPRESENTATION_CONTEXT() REPRESENTATION_CONTEXT('2D SPACE',''
  ) );
#6707 = ORIENTED_EDGE('',*,*,#6708,.T.);
#6708 = EDGE_CURVE('',#6686,#3805,#6709,.T.);
#6709 = SURFACE_CURVE('',#6710,(#6714,#6721),.PCURVE_S1.);
#6710 = LINE('',#6711,#6712);
#6711 = CARTESIAN_POINT('',(30.,16.,26.5));
#6712 = VECTOR('',#6713,1.);
#6713 = DIRECTION('',(0.,1.,0.));
#6714 = PCURVE('',#3819,#6715);
#6715 = DEFINITIONAL_REPRESENTATION('',(#6716),#6720);
#6716 = LINE('',#6717,#6718);
#6717 = CARTESIAN_POINT('',(0.,0.));
#6718 = VECTOR('',#6719,1.);
#6719 = DIRECTION('',(0.,-1.));
#6720 = ( GEOMETRIC_REPRESENTATION_CONTEXT(2) 
PARAMETRIC_REPRESENTATION_CONTEXT() REPRESENTATION_CONTEXT('2D SPACE',''
  ) );
#6721 = PCURVE('',#3845,#6722);
#6722 = DEFINITIONAL_REPRESENTATION('',(#6723),#6727);
#6723 = LINE('',#6724,#6725);
#6724 = CARTESIAN_POINT('',(0.,0.));
#6725 = VECTOR('',#6726,1.);
#6726 = DIRECTION('',(0.,1.));
#6727 = ( GEOMETRIC_REPRESENTATION_CONTEXT(2) 
PARAMETRIC_REPRESENTATION_CONTEXT() REPRESENTATION_CONTEXT('2D SPACE',''
  ) );
#6728 = ORIENTED_EDGE('',*,*,#3804,.F.);
#6729 = ORIENTED_EDGE('',*,*,#6661,.F.);
#6730 = ORIENTED_EDGE('',*,*,#4024,.F.);
#6731 = ORIENTED_EDGE('',*,*,#4485,.F.);
#6732 = ADVANCED_FACE('',(#6733),#3845,.F.);
#6733 = FACE_BOUND('',#6734,.F.);
#6734 = EDGE_LOOP('',(#6735,#6736,#6759,#6780));
#6735 = ORIENTED_EDGE('',*,*,#6708,.F.);
#6736 = ORIENTED_EDGE('',*,*,#6737,.T.);
#6737 = EDGE_CURVE('',#6686,#6738,#6740,.T.);
#6738 = VERTEX_POINT('',#6739);
#6739 = CARTESIAN_POINT('',(31.,16.,26.5));
#6740 = SURFACE_CURVE('',#6741,(#6745,#6752),.PCURVE_S1.);
#6741 = LINE('',#6742,#6743);
#6742 = CARTESIAN_POINT('',(30.,16.,26.5));
#6743 = VECTOR('',#6744,1.);
#6744 = DIRECTION('',(1.,0.,0.));
#6745 = PCURVE('',#3845,#6746);
#6746 = DEFINITIONAL_REPRESENTATION('',(#6747),#6751);
#6747 = LINE('',#6748,#6749);
#6748 = CARTESIAN_POINT('',(0.,0.));
#6749 = VECTOR('',#6750,1.);
#6750 = DIRECTION('',(1.,0.));
#6751 = ( GEOMETRIC_REPRESENTATION_CONTEXT(2) 
PARAMETRIC_REPRESENTATION_CONTEXT() REPRESENTATION_CONTEXT('2D SPACE',''
  ) );
#6752 = PCURVE('',#528,#6753);
#6753 = DEFINITIONAL_REPRESENTATION('',(#6754),#6758);
#6754 = LINE('',#6755,#6756);
#6755 = CARTESIAN_POINT('',(0.,30.));
#6756 = VECTOR('',#6757,1.);
#6757 = DIRECTION('',(0.,1.));
#6758 = ( GEOMETRIC_REPRESENTATION_CONTEXT(2) 
PARAMETRIC_REPRESENTATION_CONTEXT() REPRESENTATION_CONTEXT('2D SPACE',''
  ) );
#6759 = ORIENTED_EDGE('',*,*,#6760,.T.);
#6760 = EDGE_CURVE('',#6738,#3831,#6761,.T.);
#6761 = SURFACE_CURVE('',#6762,(#6766,#6773),.PCURVE_S1.);
#6762 = LINE('',#6763,#6764);
#6763 = CARTESIAN_POINT('',(31.,16.,26.5));
#6764 = VECTOR('',#6765,1.);
#6765 = DIRECTION('',(0.,1.,0.));
#6766 = PCURVE('',#3845,#6767);
#6767 = DEFINITIONAL_REPRESENTATION('',(#6768),#6772);
#6768 = LINE('',#6769,#6770);
#6769 = CARTESIAN_POINT('',(1.,0.));
#6770 = VECTOR('',#6771,1.);
#6771 = DIRECTION('',(0.,1.));
#6772 = ( GEOMETRIC_REPRESENTATION_CONTEXT(2) 
PARAMETRIC_REPRESENTATION_CONTEXT() REPRESENTATION_CONTEXT('2D SPACE',''
  ) );
#6773 = PCURVE('',#119,#6774);
#6774 = DEFINITIONAL_REPRESENTATION('',(#6775),#6779);
#6775 = LINE('',#6776,#6777);
#6776 = CARTESIAN_POINT('',(-17.63994971553,2.818176229406));
#6777 = VECTOR('',#6778,1.);
#6778 = DIRECTION('',(0.,-1.));
#6779 = ( GEOMETRIC_REPRESENTATION_CONTEXT(2) 
PARAMETRIC_REPRESENTATION_CONTEXT() REPRESENTATION_CONTEXT('2D SPACE',''
  ) );
#6780 = ORIENTED_EDGE('',*,*,#3830,.F.);
#6781 = ADVANCED_FACE('',(#6782),#3553,.T.);
#6782 = FACE_BOUND('',#6783,.T.);
#6783 = EDGE_LOOP('',(#6784,#6785,#6808,#6829,#6830,#6831,#6832));
#6784 = ORIENTED_EDGE('',*,*,#6126,.F.);
#6785 = ORIENTED_EDGE('',*,*,#6786,.F.);
#6786 = EDGE_CURVE('',#6787,#6127,#6789,.T.);
#6787 = VERTEX_POINT('',#6788);
#6788 = CARTESIAN_POINT('',(1.,16.,26.5));
#6789 = SURFACE_CURVE('',#6790,(#6794,#6801),.PCURVE_S1.);
#6790 = LINE('',#6791,#6792);
#6791 = CARTESIAN_POINT('',(1.,16.,26.5));
#6792 = VECTOR('',#6793,1.);
#6793 = DIRECTION('',(0.,0.,1.));
#6794 = PCURVE('',#3553,#6795);
#6795 = DEFINITIONAL_REPRESENTATION('',(#6796),#6800);
#6796 = LINE('',#6797,#6798);
#6797 = CARTESIAN_POINT('',(0.,0.));
#6798 = VECTOR('',#6799,1.);
#6799 = DIRECTION('',(1.,0.));
#6800 = ( GEOMETRIC_REPRESENTATION_CONTEXT(2) 
PARAMETRIC_REPRESENTATION_CONTEXT() REPRESENTATION_CONTEXT('2D SPACE',''
  ) );
#6801 = PCURVE('',#528,#6802);
#6802 = DEFINITIONAL_REPRESENTATION('',(#6803),#6807);
#6803 = LINE('',#6804,#6805);
#6804 = CARTESIAN_POINT('',(0.,1.));
#6805 = VECTOR('',#6806,1.);
#6806 = DIRECTION('',(1.,0.));
#6807 = ( GEOMETRIC_REPRESENTATION_CONTEXT(2) 
PARAMETRIC_REPRESENTATION_CONTEXT() REPRESENTATION_CONTEXT('2D SPACE',''
  ) );
#6808 = ORIENTED_EDGE('',*,*,#6809,.T.);
#6809 = EDGE_CURVE('',#6787,#3539,#6810,.T.);
#6810 = SURFACE_CURVE('',#6811,(#6815,#6822),.PCURVE_S1.);
#6811 = LINE('',#6812,#6813);
#6812 = CARTESIAN_POINT('',(1.,16.,26.5));
#6813 = VECTOR('',#6814,1.);
#6814 = DIRECTION('',(0.,1.,0.));
#6815 = PCURVE('',#3553,#6816);
#6816 = DEFINITIONAL_REPRESENTATION('',(#6817),#6821);
#6817 = LINE('',#6818,#6819);
#6818 = CARTESIAN_POINT('',(0.,0.));
#6819 = VECTOR('',#6820,1.);
#6820 = DIRECTION('',(0.,-1.));
#6821 = ( GEOMETRIC_REPRESENTATION_CONTEXT(2) 
PARAMETRIC_REPRESENTATION_CONTEXT() REPRESENTATION_CONTEXT('2D SPACE',''
  ) );
#6822 = PCURVE('',#556,#6823);
#6823 = DEFINITIONAL_REPRESENTATION('',(#6824),#6828);
#6824 = LINE('',#6825,#6826);
#6825 = CARTESIAN_POINT('',(1.,0.));
#6826 = VECTOR('',#6827,1.);
#6827 = DIRECTION('',(0.,1.));
#6828 = ( GEOMETRIC_REPRESENTATION_CONTEXT(2) 
PARAMETRIC_REPRESENTATION_CONTEXT() REPRESENTATION_CONTEXT('2D SPACE',''
  ) );
#6829 = ORIENTED_EDGE('',*,*,#3536,.F.);
#6830 = ORIENTED_EDGE('',*,*,#3903,.F.);
#6831 = ORIENTED_EDGE('',*,*,#3975,.F.);
#6832 = ORIENTED_EDGE('',*,*,#4230,.F.);
#6833 = ADVANCED_FACE('',(#6834),#556,.F.);
#6834 = FACE_BOUND('',#6835,.F.);
#6835 = EDGE_LOOP('',(#6836,#6837,#6858,#6859));
#6836 = ORIENTED_EDGE('',*,*,#540,.F.);
#6837 = ORIENTED_EDGE('',*,*,#6838,.T.);
#6838 = EDGE_CURVE('',#513,#6787,#6839,.T.);
#6839 = SURFACE_CURVE('',#6840,(#6844,#6851),.PCURVE_S1.);
#6840 = LINE('',#6841,#6842);
#6841 = CARTESIAN_POINT('',(0.,16.,26.5));
#6842 = VECTOR('',#6843,1.);
#6843 = DIRECTION('',(1.,0.,0.));
#6844 = PCURVE('',#556,#6845);
#6845 = DEFINITIONAL_REPRESENTATION('',(#6846),#6850);
#6846 = LINE('',#6847,#6848);
#6847 = CARTESIAN_POINT('',(0.,0.));
#6848 = VECTOR('',#6849,1.);
#6849 = DIRECTION('',(1.,0.));
#6850 = ( GEOMETRIC_REPRESENTATION_CONTEXT(2) 
PARAMETRIC_REPRESENTATION_CONTEXT() REPRESENTATION_CONTEXT('2D SPACE',''
  ) );
#6851 = PCURVE('',#528,#6852);
#6852 = DEFINITIONAL_REPRESENTATION('',(#6853),#6857);
#6853 = LINE('',#6854,#6855);
#6854 = CARTESIAN_POINT('',(0.,0.));
#6855 = VECTOR('',#6856,1.);
#6856 = DIRECTION('',(0.,1.));
#6857 = ( GEOMETRIC_REPRESENTATION_CONTEXT(2) 
PARAMETRIC_REPRESENTATION_CONTEXT() REPRESENTATION_CONTEXT('2D SPACE',''
  ) );
#6858 = ORIENTED_EDGE('',*,*,#6809,.T.);
#6859 = ORIENTED_EDGE('',*,*,#3881,.F.);
#6860 = ADVANCED_FACE('',(#6861,#6917),#528,.F.);
#6861 = FACE_BOUND('',#6862,.F.);
#6862 = EDGE_LOOP('',(#6863,#6864,#6865,#6888,#6909,#6910,#6911,#6912,
    #6913,#6914,#6915,#6916));
#6863 = ORIENTED_EDGE('',*,*,#6838,.F.);
#6864 = ORIENTED_EDGE('',*,*,#512,.T.);
#6865 = ORIENTED_EDGE('',*,*,#6866,.T.);
#6866 = EDGE_CURVE('',#485,#6867,#6869,.T.);
#6867 = VERTEX_POINT('',#6868);
#6868 = CARTESIAN_POINT('',(31.,16.,76.5));
#6869 = SURFACE_CURVE('',#6870,(#6874,#6881),.PCURVE_S1.);
#6870 = LINE('',#6871,#6872);
#6871 = CARTESIAN_POINT('',(0.,16.,76.5));
#6872 = VECTOR('',#6873,1.);
#6873 = DIRECTION('',(1.,0.,0.));
#6874 = PCURVE('',#528,#6875);
#6875 = DEFINITIONAL_REPRESENTATION('',(#6876),#6880);
#6876 = LINE('',#6877,#6878);
#6877 = CARTESIAN_POINT('',(50.,0.));
#6878 = VECTOR('',#6879,1.);
#6879 = DIRECTION('',(0.,1.));
#6880 = ( GEOMETRIC_REPRESENTATION_CONTEXT(2) 
PARAMETRIC_REPRESENTATION_CONTEXT() REPRESENTATION_CONTEXT('2D SPACE',''
  ) );
#6881 = PCURVE('',#500,#6882);
#6882 = DEFINITIONAL_REPRESENTATION('',(#6883),#6887);
#6883 = LINE('',#6884,#6885);
#6884 = CARTESIAN_POINT('',(0.,0.));
#6885 = VECTOR('',#6886,1.);
#6886 = DIRECTION('',(1.,0.));
#6887 = ( GEOMETRIC_REPRESENTATION_CONTEXT(2) 
PARAMETRIC_REPRESENTATION_CONTEXT() REPRESENTATION_CONTEXT('2D SPACE',''
  ) );
#6888 = ORIENTED_EDGE('',*,*,#6889,.F.);
#6889 = EDGE_CURVE('',#6738,#6867,#6890,.T.);
#6890 = SURFACE_CURVE('',#6891,(#6895,#6902),.PCURVE_S1.);
#6891 = LINE('',#6892,#6893);
#6892 = CARTESIAN_POINT('',(31.,16.,26.5));
#6893 = VECTOR('',#6894,1.);
#6894 = DIRECTION('',(0.,0.,1.));
#6895 = PCURVE('',#528,#6896);
#6896 = DEFINITIONAL_REPRESENTATION('',(#6897),#6901);
#6897 = LINE('',#6898,#6899);
#6898 = CARTESIAN_POINT('',(0.,31.));
#6899 = VECTOR('',#6900,1.);
#6900 = DIRECTION('',(1.,0.));
#6901 = ( GEOMETRIC_REPRESENTATION_CONTEXT(2) 
PARAMETRIC_REPRESENTATION_CONTEXT() REPRESENTATION_CONTEXT('2D SPACE',''
  ) );
#6902 = PCURVE('',#119,#6903);
#6903 = DEFINITIONAL_REPRESENTATION('',(#6904),#6908);
#6904 = LINE('',#6905,#6906);
#6905 = CARTESIAN_POINT('',(-17.63994971553,2.818176229406));
#6906 = VECTOR('',#6907,1.);
#6907 = DIRECTION('',(1.,0.));
#6908 = ( GEOMETRIC_REPRESENTATION_CONTEXT(2) 
PARAMETRIC_REPRESENTATION_CONTEXT() REPRESENTATION_CONTEXT('2D SPACE',''
  ) );
#6909 = ORIENTED_EDGE('',*,*,#6737,.F.);
#6910 = ORIENTED_EDGE('',*,*,#6685,.T.);
#6911 = ORIENTED_EDGE('',*,*,#6078,.F.);
#6912 = ORIENTED_EDGE('',*,*,#5974,.F.);
#6913 = ORIENTED_EDGE('',*,*,#5824,.F.);
#6914 = ORIENTED_EDGE('',*,*,#6048,.F.);
#6915 = ORIENTED_EDGE('',*,*,#6149,.F.);
#6916 = ORIENTED_EDGE('',*,*,#6786,.F.);
#6917 = FACE_BOUND('',#6918,.F.);
#6918 = EDGE_LOOP('',(#6919,#6920,#6921,#6922));
#6919 = ORIENTED_EDGE('',*,*,#5479,.F.);
#6920 = ORIENTED_EDGE('',*,*,#5873,.F.);
#6921 = ORIENTED_EDGE('',*,*,#5628,.T.);
#6922 = ORIENTED_EDGE('',*,*,#5527,.T.);
#6923 = ADVANCED_FACE('',(#6924),#500,.T.);
#6924 = FACE_BOUND('',#6925,.T.);
#6925 = EDGE_LOOP('',(#6926,#6927,#6928,#6951));
#6926 = ORIENTED_EDGE('',*,*,#484,.F.);
#6927 = ORIENTED_EDGE('',*,*,#6866,.T.);
#6928 = ORIENTED_EDGE('',*,*,#6929,.T.);
#6929 = EDGE_CURVE('',#6867,#6930,#6932,.T.);
#6930 = VERTEX_POINT('',#6931);
#6931 = CARTESIAN_POINT('',(31.,18.,76.5));
#6932 = SURFACE_CURVE('',#6933,(#6937,#6944),.PCURVE_S1.);
#6933 = LINE('',#6934,#6935);
#6934 = CARTESIAN_POINT('',(31.,16.,76.5));
#6935 = VECTOR('',#6936,1.);
#6936 = DIRECTION('',(0.,1.,0.));
#6937 = PCURVE('',#500,#6938);
#6938 = DEFINITIONAL_REPRESENTATION('',(#6939),#6943);
#6939 = LINE('',#6940,#6941);
#6940 = CARTESIAN_POINT('',(31.,0.));
#6941 = VECTOR('',#6942,1.);
#6942 = DIRECTION('',(0.,1.));
#6943 = ( GEOMETRIC_REPRESENTATION_CONTEXT(2) 
PARAMETRIC_REPRESENTATION_CONTEXT() REPRESENTATION_CONTEXT('2D SPACE',''
  ) );
#6944 = PCURVE('',#119,#6945);
#6945 = DEFINITIONAL_REPRESENTATION('',(#6946),#6950);
#6946 = LINE('',#6947,#6948);
#6947 = CARTESIAN_POINT('',(32.360050284464,2.818176229406));
#6948 = VECTOR('',#6949,1.);
#6949 = DIRECTION('',(0.,-1.));
#6950 = ( GEOMETRIC_REPRESENTATION_CONTEXT(2) 
PARAMETRIC_REPRESENTATION_CONTEXT() REPRESENTATION_CONTEXT('2D SPACE',''
  ) );
#6951 = ORIENTED_EDGE('',*,*,#6952,.F.);
#6952 = EDGE_CURVE('',#456,#6930,#6953,.T.);
#6953 = SURFACE_CURVE('',#6954,(#6958,#6965),.PCURVE_S1.);
#6954 = LINE('',#6955,#6956);
#6955 = CARTESIAN_POINT('',(0.,18.,76.5));
#6956 = VECTOR('',#6957,1.);
#6957 = DIRECTION('',(1.,0.,0.));
#6958 = PCURVE('',#500,#6959);
#6959 = DEFINITIONAL_REPRESENTATION('',(#6960),#6964);
#6960 = LINE('',#6961,#6962);
#6961 = CARTESIAN_POINT('',(0.,2.));
#6962 = VECTOR('',#6963,1.);
#6963 = DIRECTION('',(1.,0.));
#6964 = ( GEOMETRIC_REPRESENTATION_CONTEXT(2) 
PARAMETRIC_REPRESENTATION_CONTEXT() REPRESENTATION_CONTEXT('2D SPACE',''
  ) );
#6965 = PCURVE('',#472,#6966);
#6966 = DEFINITIONAL_REPRESENTATION('',(#6967),#6971);
#6967 = LINE('',#6968,#6969);
#6968 = CARTESIAN_POINT('',(-1.570796326795,0.));
#6969 = VECTOR('',#6970,1.);
#6970 = DIRECTION('',(0.,-1.));
#6971 = ( GEOMETRIC_REPRESENTATION_CONTEXT(2) 
PARAMETRIC_REPRESENTATION_CONTEXT() REPRESENTATION_CONTEXT('2D SPACE',''
  ) );
#6972 = ADVANCED_FACE('',(#6973),#472,.T.);
#6973 = FACE_BOUND('',#6974,.F.);
#6974 = EDGE_LOOP('',(#6975,#6998,#7020,#7021));
#6975 = ORIENTED_EDGE('',*,*,#6976,.T.);
#6976 = EDGE_CURVE('',#428,#6977,#6979,.T.);
#6977 = VERTEX_POINT('',#6978);
#6978 = CARTESIAN_POINT('',(31.,18.5,77.));
#6979 = SURFACE_CURVE('',#6980,(#6984,#6991),.PCURVE_S1.);
#6980 = LINE('',#6981,#6982);
#6981 = CARTESIAN_POINT('',(0.,18.5,77.));
#6982 = VECTOR('',#6983,1.);
#6983 = DIRECTION('',(1.,0.,0.));
#6984 = PCURVE('',#472,#6985);
#6985 = DEFINITIONAL_REPRESENTATION('',(#6986),#6990);
#6986 = LINE('',#6987,#6988);
#6987 = CARTESIAN_POINT('',(0.,0.));
#6988 = VECTOR('',#6989,1.);
#6989 = DIRECTION('',(0.,-1.));
#6990 = ( GEOMETRIC_REPRESENTATION_CONTEXT(2) 
PARAMETRIC_REPRESENTATION_CONTEXT() REPRESENTATION_CONTEXT('2D SPACE',''
  ) );
#6991 = PCURVE('',#443,#6992);
#6992 = DEFINITIONAL_REPRESENTATION('',(#6993),#6997);
#6993 = LINE('',#6994,#6995);
#6994 = CARTESIAN_POINT('',(1.,0.));
#6995 = VECTOR('',#6996,1.);
#6996 = DIRECTION('',(0.,-1.));
#6997 = ( GEOMETRIC_REPRESENTATION_CONTEXT(2) 
PARAMETRIC_REPRESENTATION_CONTEXT() REPRESENTATION_CONTEXT('2D SPACE',''
  ) );
#6998 = ORIENTED_EDGE('',*,*,#6999,.T.);
#6999 = EDGE_CURVE('',#6977,#6930,#7000,.T.);
#7000 = SURFACE_CURVE('',#7001,(#7006,#7013),.PCURVE_S1.);
#7001 = CIRCLE('',#7002,0.5);
#7002 = AXIS2_PLACEMENT_3D('',#7003,#7004,#7005);
#7003 = CARTESIAN_POINT('',(31.,18.5,76.5));
#7004 = DIRECTION('',(1.,0.,0.));
#7005 = DIRECTION('',(0.,1.42108547152E-14,1.));
#7006 = PCURVE('',#472,#7007);
#7007 = DEFINITIONAL_REPRESENTATION('',(#7008),#7012);
#7008 = LINE('',#7009,#7010);
#7009 = CARTESIAN_POINT('',(0.,-31.));
#7010 = VECTOR('',#7011,1.);
#7011 = DIRECTION('',(-1.,0.));
#7012 = ( GEOMETRIC_REPRESENTATION_CONTEXT(2) 
PARAMETRIC_REPRESENTATION_CONTEXT() REPRESENTATION_CONTEXT('2D SPACE',''
  ) );
#7013 = PCURVE('',#119,#7014);
#7014 = DEFINITIONAL_REPRESENTATION('',(#7015),#7019);
#7015 = CIRCLE('',#7016,0.5);
#7016 = AXIS2_PLACEMENT_2D('',#7017,#7018);
#7017 = CARTESIAN_POINT('',(32.360050284464,0.318176229406));
#7018 = DIRECTION('',(1.,-1.42108547152E-14));
#7019 = ( GEOMETRIC_REPRESENTATION_CONTEXT(2) 
PARAMETRIC_REPRESENTATION_CONTEXT() REPRESENTATION_CONTEXT('2D SPACE',''
  ) );
#7020 = ORIENTED_EDGE('',*,*,#6952,.F.);
#7021 = ORIENTED_EDGE('',*,*,#455,.F.);
#7022 = ADVANCED_FACE('',(#7023),#443,.F.);
#7023 = FACE_BOUND('',#7024,.F.);
#7024 = EDGE_LOOP('',(#7025,#7048,#7069,#7070));
#7025 = ORIENTED_EDGE('',*,*,#7026,.T.);
#7026 = EDGE_CURVE('',#399,#7027,#7029,.T.);
#7027 = VERTEX_POINT('',#7028);
#7028 = CARTESIAN_POINT('',(31.,19.5,77.));
#7029 = SURFACE_CURVE('',#7030,(#7034,#7041),.PCURVE_S1.);
#7030 = LINE('',#7031,#7032);
#7031 = CARTESIAN_POINT('',(0.,19.5,77.));
#7032 = VECTOR('',#7033,1.);
#7033 = DIRECTION('',(1.,0.,0.));
#7034 = PCURVE('',#443,#7035);
#7035 = DEFINITIONAL_REPRESENTATION('',(#7036),#7040);
#7036 = LINE('',#7037,#7038);
#7037 = CARTESIAN_POINT('',(0.,0.));
#7038 = VECTOR('',#7039,1.);
#7039 = DIRECTION('',(0.,-1.));
#7040 = ( GEOMETRIC_REPRESENTATION_CONTEXT(2) 
PARAMETRIC_REPRESENTATION_CONTEXT() REPRESENTATION_CONTEXT('2D SPACE',''
  ) );
#7041 = PCURVE('',#415,#7042);
#7042 = DEFINITIONAL_REPRESENTATION('',(#7043),#7047);
#7043 = LINE('',#7044,#7045);
#7044 = CARTESIAN_POINT('',(-1.570796326795,0.));
#7045 = VECTOR('',#7046,1.);
#7046 = DIRECTION('',(0.,-1.));
#7047 = ( GEOMETRIC_REPRESENTATION_CONTEXT(2) 
PARAMETRIC_REPRESENTATION_CONTEXT() REPRESENTATION_CONTEXT('2D SPACE',''
  ) );
#7048 = ORIENTED_EDGE('',*,*,#7049,.T.);
#7049 = EDGE_CURVE('',#7027,#6977,#7050,.T.);
#7050 = SURFACE_CURVE('',#7051,(#7055,#7062),.PCURVE_S1.);
#7051 = LINE('',#7052,#7053);
#7052 = CARTESIAN_POINT('',(31.,19.5,77.));
#7053 = VECTOR('',#7054,1.);
#7054 = DIRECTION('',(0.,-1.,0.));
#7055 = PCURVE('',#443,#7056);
#7056 = DEFINITIONAL_REPRESENTATION('',(#7057),#7061);
#7057 = LINE('',#7058,#7059);
#7058 = CARTESIAN_POINT('',(0.,-31.));
#7059 = VECTOR('',#7060,1.);
#7060 = DIRECTION('',(1.,0.));
#7061 = ( GEOMETRIC_REPRESENTATION_CONTEXT(2) 
PARAMETRIC_REPRESENTATION_CONTEXT() REPRESENTATION_CONTEXT('2D SPACE',''
  ) );
#7062 = PCURVE('',#119,#7063);
#7063 = DEFINITIONAL_REPRESENTATION('',(#7064),#7068);
#7064 = LINE('',#7065,#7066);
#7065 = CARTESIAN_POINT('',(32.860050284464,-0.681823770594));
#7066 = VECTOR('',#7067,1.);
#7067 = DIRECTION('',(0.,1.));
#7068 = ( GEOMETRIC_REPRESENTATION_CONTEXT(2) 
PARAMETRIC_REPRESENTATION_CONTEXT() REPRESENTATION_CONTEXT('2D SPACE',''
  ) );
#7069 = ORIENTED_EDGE('',*,*,#6976,.F.);
#7070 = ORIENTED_EDGE('',*,*,#427,.F.);
#7071 = ADVANCED_FACE('',(#7072),#415,.T.);
#7072 = FACE_BOUND('',#7073,.F.);
#7073 = EDGE_LOOP('',(#7074,#7097,#7119,#7120));
#7074 = ORIENTED_EDGE('',*,*,#7075,.T.);
#7075 = EDGE_CURVE('',#371,#7076,#7078,.T.);
#7076 = VERTEX_POINT('',#7077);
#7077 = CARTESIAN_POINT('',(31.,20.,76.5));
#7078 = SURFACE_CURVE('',#7079,(#7083,#7090),.PCURVE_S1.);
#7079 = LINE('',#7080,#7081);
#7080 = CARTESIAN_POINT('',(0.,20.,76.5));
#7081 = VECTOR('',#7082,1.);
#7082 = DIRECTION('',(1.,0.,0.));
#7083 = PCURVE('',#415,#7084);
#7084 = DEFINITIONAL_REPRESENTATION('',(#7085),#7089);
#7085 = LINE('',#7086,#7087);
#7086 = CARTESIAN_POINT('',(0.,0.));
#7087 = VECTOR('',#7088,1.);
#7088 = DIRECTION('',(0.,-1.));
#7089 = ( GEOMETRIC_REPRESENTATION_CONTEXT(2) 
PARAMETRIC_REPRESENTATION_CONTEXT() REPRESENTATION_CONTEXT('2D SPACE',''
  ) );
#7090 = PCURVE('',#386,#7091);
#7091 = DEFINITIONAL_REPRESENTATION('',(#7092),#7096);
#7092 = LINE('',#7093,#7094);
#7093 = CARTESIAN_POINT('',(9.253062466016,0.));
#7094 = VECTOR('',#7095,1.);
#7095 = DIRECTION('',(0.,-1.));
#7096 = ( GEOMETRIC_REPRESENTATION_CONTEXT(2) 
PARAMETRIC_REPRESENTATION_CONTEXT() REPRESENTATION_CONTEXT('2D SPACE',''
  ) );
#7097 = ORIENTED_EDGE('',*,*,#7098,.T.);
#7098 = EDGE_CURVE('',#7076,#7027,#7099,.T.);
#7099 = SURFACE_CURVE('',#7100,(#7105,#7112),.PCURVE_S1.);
#7100 = CIRCLE('',#7101,0.5);
#7101 = AXIS2_PLACEMENT_3D('',#7102,#7103,#7104);
#7102 = CARTESIAN_POINT('',(31.,19.5,76.5));
#7103 = DIRECTION('',(1.,0.,0.));
#7104 = DIRECTION('',(0.,1.,0.));
#7105 = PCURVE('',#415,#7106);
#7106 = DEFINITIONAL_REPRESENTATION('',(#7107),#7111);
#7107 = LINE('',#7108,#7109);
#7108 = CARTESIAN_POINT('',(0.,-31.));
#7109 = VECTOR('',#7110,1.);
#7110 = DIRECTION('',(-1.,0.));
#7111 = ( GEOMETRIC_REPRESENTATION_CONTEXT(2) 
PARAMETRIC_REPRESENTATION_CONTEXT() REPRESENTATION_CONTEXT('2D SPACE',''
  ) );
#7112 = PCURVE('',#119,#7113);
#7113 = DEFINITIONAL_REPRESENTATION('',(#7114),#7118);
#7114 = CIRCLE('',#7115,0.5);
#7115 = AXIS2_PLACEMENT_2D('',#7116,#7117);
#7116 = CARTESIAN_POINT('',(32.360050284464,-0.681823770594));
#7117 = DIRECTION('',(0.,-1.));
#7118 = ( GEOMETRIC_REPRESENTATION_CONTEXT(2) 
PARAMETRIC_REPRESENTATION_CONTEXT() REPRESENTATION_CONTEXT('2D SPACE',''
  ) );
#7119 = ORIENTED_EDGE('',*,*,#7026,.F.);
#7120 = ORIENTED_EDGE('',*,*,#398,.F.);
#7121 = ADVANCED_FACE('',(#7122,#7170,#7404),#386,.F.);
#7122 = FACE_BOUND('',#7123,.F.);
#7123 = EDGE_LOOP('',(#7124,#7147,#7168,#7169));
#7124 = ORIENTED_EDGE('',*,*,#7125,.T.);
#7125 = EDGE_CURVE('',#343,#7126,#7128,.T.);
#7126 = VERTEX_POINT('',#7127);
#7127 = CARTESIAN_POINT('',(31.,19.966,67.247));
#7128 = SURFACE_CURVE('',#7129,(#7133,#7140),.PCURVE_S1.);
#7129 = LINE('',#7130,#7131);
#7130 = CARTESIAN_POINT('',(0.,19.966,67.247));
#7131 = VECTOR('',#7132,1.);
#7132 = DIRECTION('',(1.,0.,0.));
#7133 = PCURVE('',#386,#7134);
#7134 = DEFINITIONAL_REPRESENTATION('',(#7135),#7139);
#7135 = LINE('',#7136,#7137);
#7136 = CARTESIAN_POINT('',(0.,0.));
#7137 = VECTOR('',#7138,1.);
#7138 = DIRECTION('',(0.,-1.));
#7139 = ( GEOMETRIC_REPRESENTATION_CONTEXT(2) 
PARAMETRIC_REPRESENTATION_CONTEXT() REPRESENTATION_CONTEXT('2D SPACE',''
  ) );
#7140 = PCURVE('',#358,#7141);
#7141 = DEFINITIONAL_REPRESENTATION('',(#7142),#7146);
#7142 = LINE('',#7143,#7144);
#7143 = CARTESIAN_POINT('',(24.552397948062,0.));
#7144 = VECTOR('',#7145,1.);
#7145 = DIRECTION('',(0.,-1.));
#7146 = ( GEOMETRIC_REPRESENTATION_CONTEXT(2) 
PARAMETRIC_REPRESENTATION_CONTEXT() REPRESENTATION_CONTEXT('2D SPACE',''
  ) );
#7147 = ORIENTED_EDGE('',*,*,#7148,.T.);
#7148 = EDGE_CURVE('',#7126,#7076,#7149,.T.);
#7149 = SURFACE_CURVE('',#7150,(#7154,#7161),.PCURVE_S1.);
#7150 = LINE('',#7151,#7152);
#7151 = CARTESIAN_POINT('',(31.,19.966,67.247));
#7152 = VECTOR('',#7153,1.);
#7153 = DIRECTION('',(0.,3.674459145269E-03,0.999993249152));
#7154 = PCURVE('',#386,#7155);
#7155 = DEFINITIONAL_REPRESENTATION('',(#7156),#7160);
#7156 = LINE('',#7157,#7158);
#7157 = CARTESIAN_POINT('',(0.,-31.));
#7158 = VECTOR('',#7159,1.);
#7159 = DIRECTION('',(1.,0.));
#7160 = ( GEOMETRIC_REPRESENTATION_CONTEXT(2) 
PARAMETRIC_REPRESENTATION_CONTEXT() REPRESENTATION_CONTEXT('2D SPACE',''
  ) );
#7161 = PCURVE('',#119,#7162);
#7162 = DEFINITIONAL_REPRESENTATION('',(#7163),#7167);
#7163 = LINE('',#7164,#7165);
#7164 = CARTESIAN_POINT('',(23.107050284464,-1.147823770594));
#7165 = VECTOR('',#7166,1.);
#7166 = DIRECTION('',(0.999993249152,-3.674459145269E-03));
#7167 = ( GEOMETRIC_REPRESENTATION_CONTEXT(2) 
PARAMETRIC_REPRESENTATION_CONTEXT() REPRESENTATION_CONTEXT('2D SPACE',''
  ) );
#7168 = ORIENTED_EDGE('',*,*,#7075,.F.);
#7169 = ORIENTED_EDGE('',*,*,#370,.F.);
#7170 = FACE_BOUND('',#7171,.F.);
#7171 = EDGE_LOOP('',(#7172,#7206,#7232,#7264,#7290,#7322,#7348,#7380));
#7172 = ORIENTED_EDGE('',*,*,#7173,.F.);
#7173 = EDGE_CURVE('',#7174,#7176,#7178,.T.);
#7174 = VERTEX_POINT('',#7175);
#7175 = CARTESIAN_POINT('',(26.25,19.970604128391,68.5));
#7176 = VERTEX_POINT('',#7177);
#7177 = CARTESIAN_POINT('',(26.5,19.971522749379,68.75));
#7178 = SURFACE_CURVE('',#7179,(#7184,#7191),.PCURVE_S1.);
#7179 = ELLIPSE('',#7180,0.250001687723,0.25);
#7180 = AXIS2_PLACEMENT_3D('',#7181,#7182,#7183);
#7181 = CARTESIAN_POINT('',(26.25,19.971522749379,68.75));
#7182 = DIRECTION('',(0.,-0.999993249152,3.674459145269E-03));
#7183 = DIRECTION('',(0.,3.674459145269E-03,0.999993249152));
#7184 = PCURVE('',#386,#7185);
#7185 = DEFINITIONAL_REPRESENTATION('',(#7186),#7190);
#7186 = ELLIPSE('',#7187,0.250001687723,0.25);
#7187 = AXIS2_PLACEMENT_2D('',#7188,#7189);
#7188 = CARTESIAN_POINT('',(1.503010146593,-26.25));
#7189 = DIRECTION('',(1.,0.));
#7190 = ( GEOMETRIC_REPRESENTATION_CONTEXT(2) 
PARAMETRIC_REPRESENTATION_CONTEXT() REPRESENTATION_CONTEXT('2D SPACE',''
  ) );
#7191 = PCURVE('',#7192,#7197);
#7192 = CYLINDRICAL_SURFACE('',#7193,0.25);
#7193 = AXIS2_PLACEMENT_3D('',#7194,#7195,#7196);
#7194 = CARTESIAN_POINT('',(26.25,19.5,68.75));
#7195 = DIRECTION('',(0.,1.,0.));
#7196 = DIRECTION('',(0.,0.,-1.));
#7197 = DEFINITIONAL_REPRESENTATION('',(#7198),#7205);
#7198 = B_SPLINE_CURVE_WITH_KNOTS('',5,(#7199,#7200,#7201,#7202,#7203,
    #7204),.UNSPECIFIED.,.F.,.F.,(6,6),(3.14159265359,4.712388980385),
  .PIECEWISE_BEZIER_KNOTS.);
#7199 = CARTESIAN_POINT('',(0.,0.470604128391));
#7200 = CARTESIAN_POINT('',(-0.314159265359,0.470604128391));
#7201 = CARTESIAN_POINT('',(-0.628318530718,0.470717146555));
#7202 = CARTESIAN_POINT('',(-0.942477796077,0.470945301581));
#7203 = CARTESIAN_POINT('',(-1.256637061436,0.471234156084));
#7204 = CARTESIAN_POINT('',(-1.570796326795,0.471522749379));
#7205 = ( GEOMETRIC_REPRESENTATION_CONTEXT(2) 
PARAMETRIC_REPRESENTATION_CONTEXT() REPRESENTATION_CONTEXT('2D SPACE',''
  ) );
#7206 = ORIENTED_EDGE('',*,*,#7207,.T.);
#7207 = EDGE_CURVE('',#7174,#7208,#7210,.T.);
#7208 = VERTEX_POINT('',#7209);
#7209 = CARTESIAN_POINT('',(23.75,19.970604128391,68.5));
#7210 = SURFACE_CURVE('',#7211,(#7215,#7221),.PCURVE_S1.);
#7211 = LINE('',#7212,#7213);
#7212 = CARTESIAN_POINT('',(11.75,19.970604128391,68.5));
#7213 = VECTOR('',#7214,1.);
#7214 = DIRECTION('',(-1.,0.,0.));
#7215 = PCURVE('',#386,#7216);
#7216 = DEFINITIONAL_REPRESENTATION('',(#7217),#7220);
#7217 = B_SPLINE_CURVE_WITH_KNOTS('',1,(#7218,#7219),.UNSPECIFIED.,.F.,
  .F.,(2,2),(-14.5,-12.),.PIECEWISE_BEZIER_KNOTS.);
#7218 = CARTESIAN_POINT('',(1.253008458869,-26.25));
#7219 = CARTESIAN_POINT('',(1.253008458869,-23.75));
#7220 = ( GEOMETRIC_REPRESENTATION_CONTEXT(2) 
PARAMETRIC_REPRESENTATION_CONTEXT() REPRESENTATION_CONTEXT('2D SPACE',''
  ) );
#7221 = PCURVE('',#7222,#7227);
#7222 = PLANE('',#7223);
#7223 = AXIS2_PLACEMENT_3D('',#7224,#7225,#7226);
#7224 = CARTESIAN_POINT('',(23.5,19.5,68.5));
#7225 = DIRECTION('',(0.,0.,1.));
#7226 = DIRECTION('',(0.,1.,0.));
#7227 = DEFINITIONAL_REPRESENTATION('',(#7228),#7231);
#7228 = B_SPLINE_CURVE_WITH_KNOTS('',1,(#7229,#7230),.UNSPECIFIED.,.F.,
  .F.,(2,2),(-14.5,-12.),.PIECEWISE_BEZIER_KNOTS.);
#7229 = CARTESIAN_POINT('',(0.470604128391,-2.75));
#7230 = CARTESIAN_POINT('',(0.470604128391,-0.25));
#7231 = ( GEOMETRIC_REPRESENTATION_CONTEXT(2) 
PARAMETRIC_REPRESENTATION_CONTEXT() REPRESENTATION_CONTEXT('2D SPACE',''
  ) );
#7232 = ORIENTED_EDGE('',*,*,#7233,.F.);
#7233 = EDGE_CURVE('',#7234,#7208,#7236,.T.);
#7234 = VERTEX_POINT('',#7235);
#7235 = CARTESIAN_POINT('',(23.5,19.971522749379,68.75));
#7236 = SURFACE_CURVE('',#7237,(#7242,#7249),.PCURVE_S1.);
#7237 = ELLIPSE('',#7238,0.250001687723,0.25);
#7238 = AXIS2_PLACEMENT_3D('',#7239,#7240,#7241);
#7239 = CARTESIAN_POINT('',(23.75,19.971522749379,68.75));
#7240 = DIRECTION('',(0.,-0.999993249152,3.674459145269E-03));
#7241 = DIRECTION('',(0.,3.674459145269E-03,0.999993249152));
#7242 = PCURVE('',#386,#7243);
#7243 = DEFINITIONAL_REPRESENTATION('',(#7244),#7248);
#7244 = ELLIPSE('',#7245,0.250001687723,0.25);
#7245 = AXIS2_PLACEMENT_2D('',#7246,#7247);
#7246 = CARTESIAN_POINT('',(1.503010146593,-23.75));
#7247 = DIRECTION('',(1.,0.));
#7248 = ( GEOMETRIC_REPRESENTATION_CONTEXT(2) 
PARAMETRIC_REPRESENTATION_CONTEXT() REPRESENTATION_CONTEXT('2D SPACE',''
  ) );
#7249 = PCURVE('',#7250,#7255);
#7250 = CYLINDRICAL_SURFACE('',#7251,0.25);
#7251 = AXIS2_PLACEMENT_3D('',#7252,#7253,#7254);
#7252 = CARTESIAN_POINT('',(23.75,19.5,68.75));
#7253 = DIRECTION('',(0.,1.,0.));
#7254 = DIRECTION('',(0.,0.,-1.));
#7255 = DEFINITIONAL_REPRESENTATION('',(#7256),#7263);
#7256 = B_SPLINE_CURVE_WITH_KNOTS('',5,(#7257,#7258,#7259,#7260,#7261,
    #7262),.UNSPECIFIED.,.F.,.F.,(6,6),(1.570796326795,3.14159265359),
  .PIECEWISE_BEZIER_KNOTS.);
#7257 = CARTESIAN_POINT('',(1.570796326795,0.471522749379));
#7258 = CARTESIAN_POINT('',(1.256637061436,0.471234156084));
#7259 = CARTESIAN_POINT('',(0.942477796077,0.470945301581));
#7260 = CARTESIAN_POINT('',(0.628318530718,0.470717146555));
#7261 = CARTESIAN_POINT('',(0.314159265359,0.470604128391));
#7262 = CARTESIAN_POINT('',(0.,0.470604128391));
#7263 = ( GEOMETRIC_REPRESENTATION_CONTEXT(2) 
PARAMETRIC_REPRESENTATION_CONTEXT() REPRESENTATION_CONTEXT('2D SPACE',''
  ) );
#7264 = ORIENTED_EDGE('',*,*,#7265,.T.);
#7265 = EDGE_CURVE('',#7234,#7266,#7268,.T.);
#7266 = VERTEX_POINT('',#7267);
#7267 = CARTESIAN_POINT('',(23.5,19.995406895061,75.25));
#7268 = SURFACE_CURVE('',#7269,(#7273,#7279),.PCURVE_S1.);
#7269 = LINE('',#7270,#7271);
#7270 = CARTESIAN_POINT('',(23.5,19.974736436114,69.624595393118));
#7271 = VECTOR('',#7272,1.);
#7272 = DIRECTION('',(0.,3.674459145269E-03,0.999993249152));
#7273 = PCURVE('',#386,#7274);
#7274 = DEFINITIONAL_REPRESENTATION('',(#7275),#7278);
#7275 = B_SPLINE_CURVE_WITH_KNOTS('',1,(#7276,#7277),.UNSPECIFIED.,.F.,
  .F.,(2,2),(-0.874601297418,5.625442583389),.PIECEWISE_BEZIER_KNOTS.);
#7276 = CARTESIAN_POINT('',(1.503010146593,-23.5));
#7277 = CARTESIAN_POINT('',(8.0030540274,-23.5));
#7278 = ( GEOMETRIC_REPRESENTATION_CONTEXT(2) 
PARAMETRIC_REPRESENTATION_CONTEXT() REPRESENTATION_CONTEXT('2D SPACE',''
  ) );
#7279 = PCURVE('',#7280,#7285);
#7280 = PLANE('',#7281);
#7281 = AXIS2_PLACEMENT_3D('',#7282,#7283,#7284);
#7282 = CARTESIAN_POINT('',(23.5,20.579688902847,72.));
#7283 = DIRECTION('',(1.,0.,0.));
#7284 = DIRECTION('',(0.,0.,1.));
#7285 = DEFINITIONAL_REPRESENTATION('',(#7286),#7289);
#7286 = B_SPLINE_CURVE_WITH_KNOTS('',1,(#7287,#7288),.UNSPECIFIED.,.F.,
  .F.,(2,2),(-0.874601297418,5.625442583389),.PIECEWISE_BEZIER_KNOTS.);
#7287 = CARTESIAN_POINT('',(-3.25,0.608166153469));
#7288 = CARTESIAN_POINT('',(3.25,0.584282007786));
#7289 = ( GEOMETRIC_REPRESENTATION_CONTEXT(2) 
PARAMETRIC_REPRESENTATION_CONTEXT() REPRESENTATION_CONTEXT('2D SPACE',''
  ) );
#7290 = ORIENTED_EDGE('',*,*,#7291,.F.);
#7291 = EDGE_CURVE('',#7292,#7266,#7294,.T.);
#7292 = VERTEX_POINT('',#7293);
#7293 = CARTESIAN_POINT('',(23.75,19.996325516049,75.5));
#7294 = SURFACE_CURVE('',#7295,(#7300,#7307),.PCURVE_S1.);
#7295 = ELLIPSE('',#7296,0.250001687723,0.25);
#7296 = AXIS2_PLACEMENT_3D('',#7297,#7298,#7299);
#7297 = CARTESIAN_POINT('',(23.75,19.995406895061,75.25));
#7298 = DIRECTION('',(0.,-0.999993249152,3.674459145269E-03));
#7299 = DIRECTION('',(0.,-3.674459145269E-03,-0.999993249152));
#7300 = PCURVE('',#386,#7301);
#7301 = DEFINITIONAL_REPRESENTATION('',(#7302),#7306);
#7302 = ELLIPSE('',#7303,0.250001687723,0.25);
#7303 = AXIS2_PLACEMENT_2D('',#7304,#7305);
#7304 = CARTESIAN_POINT('',(8.0030540274,-23.75));
#7305 = DIRECTION('',(-1.,0.));
#7306 = ( GEOMETRIC_REPRESENTATION_CONTEXT(2) 
PARAMETRIC_REPRESENTATION_CONTEXT() REPRESENTATION_CONTEXT('2D SPACE',''
  ) );
#7307 = PCURVE('',#7308,#7313);
#7308 = CYLINDRICAL_SURFACE('',#7309,0.25);
#7309 = AXIS2_PLACEMENT_3D('',#7310,#7311,#7312);
#7310 = CARTESIAN_POINT('',(23.75,20.,75.25));
#7311 = DIRECTION('',(0.,-1.,0.));
#7312 = DIRECTION('',(0.,0.,1.));
#7313 = DEFINITIONAL_REPRESENTATION('',(#7314),#7321);
#7314 = B_SPLINE_CURVE_WITH_KNOTS('',5,(#7315,#7316,#7317,#7318,#7319,
    #7320),.UNSPECIFIED.,.F.,.F.,(6,6),(3.14159265359,4.712388980385),
  .PIECEWISE_BEZIER_KNOTS.);
#7315 = CARTESIAN_POINT('',(0.,3.674483951155E-03));
#7316 = CARTESIAN_POINT('',(0.314159265359,3.674483951155E-03));
#7317 = CARTESIAN_POINT('',(0.628318530718,3.787502114912E-03));
#7318 = CARTESIAN_POINT('',(0.942477796077,4.015657141057E-03));
#7319 = CARTESIAN_POINT('',(1.256637061436,4.304511644274E-03));
#7320 = CARTESIAN_POINT('',(1.570796326795,4.593104938941E-03));
#7321 = ( GEOMETRIC_REPRESENTATION_CONTEXT(2) 
PARAMETRIC_REPRESENTATION_CONTEXT() REPRESENTATION_CONTEXT('2D SPACE',''
  ) );
#7322 = ORIENTED_EDGE('',*,*,#7323,.T.);
#7323 = EDGE_CURVE('',#7292,#7324,#7326,.T.);
#7324 = VERTEX_POINT('',#7325);
#7325 = CARTESIAN_POINT('',(26.25,19.996325516049,75.5));
#7326 = SURFACE_CURVE('',#7327,(#7331,#7337),.PCURVE_S1.);
#7327 = LINE('',#7328,#7329);
#7328 = CARTESIAN_POINT('',(11.75,19.996325516049,75.5));
#7329 = VECTOR('',#7330,1.);
#7330 = DIRECTION('',(1.,0.,0.));
#7331 = PCURVE('',#386,#7332);
#7332 = DEFINITIONAL_REPRESENTATION('',(#7333),#7336);
#7333 = B_SPLINE_CURVE_WITH_KNOTS('',1,(#7334,#7335),.UNSPECIFIED.,.F.,
  .F.,(2,2),(12.,14.5),.PIECEWISE_BEZIER_KNOTS.);
#7334 = CARTESIAN_POINT('',(8.253055715123,-23.75));
#7335 = CARTESIAN_POINT('',(8.253055715123,-26.25));
#7336 = ( GEOMETRIC_REPRESENTATION_CONTEXT(2) 
PARAMETRIC_REPRESENTATION_CONTEXT() REPRESENTATION_CONTEXT('2D SPACE',''
  ) );
#7337 = PCURVE('',#7338,#7343);
#7338 = PLANE('',#7339);
#7339 = AXIS2_PLACEMENT_3D('',#7340,#7341,#7342);
#7340 = CARTESIAN_POINT('',(23.5,20.,75.5));
#7341 = DIRECTION('',(0.,0.,-1.));
#7342 = DIRECTION('',(0.,-1.,0.));
#7343 = DEFINITIONAL_REPRESENTATION('',(#7344),#7347);
#7344 = B_SPLINE_CURVE_WITH_KNOTS('',1,(#7345,#7346),.UNSPECIFIED.,.F.,
  .F.,(2,2),(12.,14.5),.PIECEWISE_BEZIER_KNOTS.);
#7345 = CARTESIAN_POINT('',(3.674483951151E-03,-0.25));
#7346 = CARTESIAN_POINT('',(3.674483951151E-03,-2.75));
#7347 = ( GEOMETRIC_REPRESENTATION_CONTEXT(2) 
PARAMETRIC_REPRESENTATION_CONTEXT() REPRESENTATION_CONTEXT('2D SPACE',''
  ) );
#7348 = ORIENTED_EDGE('',*,*,#7349,.F.);
#7349 = EDGE_CURVE('',#7350,#7324,#7352,.T.);
#7350 = VERTEX_POINT('',#7351);
#7351 = CARTESIAN_POINT('',(26.5,19.995406895061,75.25));
#7352 = SURFACE_CURVE('',#7353,(#7358,#7365),.PCURVE_S1.);
#7353 = ELLIPSE('',#7354,0.250001687723,0.25);
#7354 = AXIS2_PLACEMENT_3D('',#7355,#7356,#7357);
#7355 = CARTESIAN_POINT('',(26.25,19.995406895061,75.25));
#7356 = DIRECTION('',(0.,-0.999993249152,3.674459145269E-03));
#7357 = DIRECTION('',(0.,-3.674459145269E-03,-0.999993249152));
#7358 = PCURVE('',#386,#7359);
#7359 = DEFINITIONAL_REPRESENTATION('',(#7360),#7364);
#7360 = ELLIPSE('',#7361,0.250001687723,0.25);
#7361 = AXIS2_PLACEMENT_2D('',#7362,#7363);
#7362 = CARTESIAN_POINT('',(8.0030540274,-26.25));
#7363 = DIRECTION('',(-1.,0.));
#7364 = ( GEOMETRIC_REPRESENTATION_CONTEXT(2) 
PARAMETRIC_REPRESENTATION_CONTEXT() REPRESENTATION_CONTEXT('2D SPACE',''
  ) );
#7365 = PCURVE('',#7366,#7371);
#7366 = CYLINDRICAL_SURFACE('',#7367,0.25);
#7367 = AXIS2_PLACEMENT_3D('',#7368,#7369,#7370);
#7368 = CARTESIAN_POINT('',(26.25,20.,75.25));
#7369 = DIRECTION('',(0.,-1.,0.));
#7370 = DIRECTION('',(0.,0.,1.));
#7371 = DEFINITIONAL_REPRESENTATION('',(#7372),#7379);
#7372 = B_SPLINE_CURVE_WITH_KNOTS('',5,(#7373,#7374,#7375,#7376,#7377,
    #7378),.UNSPECIFIED.,.F.,.F.,(6,6),(1.570796326795,3.14159265359),
  .PIECEWISE_BEZIER_KNOTS.);
#7373 = CARTESIAN_POINT('',(-1.570796326795,4.593104938941E-03));
#7374 = CARTESIAN_POINT('',(-1.256637061436,4.304511644274E-03));
#7375 = CARTESIAN_POINT('',(-0.942477796077,4.015657141057E-03));
#7376 = CARTESIAN_POINT('',(-0.628318530718,3.787502114912E-03));
#7377 = CARTESIAN_POINT('',(-0.314159265359,3.674483951155E-03));
#7378 = CARTESIAN_POINT('',(0.,3.674483951155E-03));
#7379 = ( GEOMETRIC_REPRESENTATION_CONTEXT(2) 
PARAMETRIC_REPRESENTATION_CONTEXT() REPRESENTATION_CONTEXT('2D SPACE',''
  ) );
#7380 = ORIENTED_EDGE('',*,*,#7381,.F.);
#7381 = EDGE_CURVE('',#7176,#7350,#7382,.T.);
#7382 = SURFACE_CURVE('',#7383,(#7387,#7393),.PCURVE_S1.);
#7383 = LINE('',#7384,#7385);
#7384 = CARTESIAN_POINT('',(26.5,19.974736436114,69.624595393118));
#7385 = VECTOR('',#7386,1.);
#7386 = DIRECTION('',(0.,3.674459145269E-03,0.999993249152));
#7387 = PCURVE('',#386,#7388);
#7388 = DEFINITIONAL_REPRESENTATION('',(#7389),#7392);
#7389 = B_SPLINE_CURVE_WITH_KNOTS('',1,(#7390,#7391),.UNSPECIFIED.,.F.,
  .F.,(2,2),(-0.874601297418,5.625442583389),.PIECEWISE_BEZIER_KNOTS.);
#7390 = CARTESIAN_POINT('',(1.503010146593,-26.5));
#7391 = CARTESIAN_POINT('',(8.0030540274,-26.5));
#7392 = ( GEOMETRIC_REPRESENTATION_CONTEXT(2) 
PARAMETRIC_REPRESENTATION_CONTEXT() REPRESENTATION_CONTEXT('2D SPACE',''
  ) );
#7393 = PCURVE('',#7394,#7399);
#7394 = PLANE('',#7395);
#7395 = AXIS2_PLACEMENT_3D('',#7396,#7397,#7398);
#7396 = CARTESIAN_POINT('',(26.5,20.579688902847,72.));
#7397 = DIRECTION('',(1.,0.,0.));
#7398 = DIRECTION('',(0.,0.,1.));
#7399 = DEFINITIONAL_REPRESENTATION('',(#7400),#7403);
#7400 = B_SPLINE_CURVE_WITH_KNOTS('',1,(#7401,#7402),.UNSPECIFIED.,.F.,
  .F.,(2,2),(-0.874601297418,5.625442583389),.PIECEWISE_BEZIER_KNOTS.);
#7401 = CARTESIAN_POINT('',(-3.25,0.608166153469));
#7402 = CARTESIAN_POINT('',(3.25,0.584282007786));
#7403 = ( GEOMETRIC_REPRESENTATION_CONTEXT(2) 
PARAMETRIC_REPRESENTATION_CONTEXT() REPRESENTATION_CONTEXT('2D SPACE',''
  ) );
#7404 = FACE_BOUND('',#7405,.F.);
#7405 = EDGE_LOOP('',(#7406,#7440,#7466,#7498,#7524,#7556,#7582,#7614));
#7406 = ORIENTED_EDGE('',*,*,#7407,.F.);
#7407 = EDGE_CURVE('',#7408,#7410,#7412,.T.);
#7408 = VERTEX_POINT('',#7409);
#7409 = CARTESIAN_POINT('',(7.25,19.970604128391,68.5));
#7410 = VERTEX_POINT('',#7411);
#7411 = CARTESIAN_POINT('',(7.5,19.971522749379,68.75));
#7412 = SURFACE_CURVE('',#7413,(#7418,#7425),.PCURVE_S1.);
#7413 = ELLIPSE('',#7414,0.250001687723,0.25);
#7414 = AXIS2_PLACEMENT_3D('',#7415,#7416,#7417);
#7415 = CARTESIAN_POINT('',(7.25,19.971522749379,68.75));
#7416 = DIRECTION('',(0.,-0.999993249152,3.674459145269E-03));
#7417 = DIRECTION('',(0.,3.674459145269E-03,0.999993249152));
#7418 = PCURVE('',#386,#7419);
#7419 = DEFINITIONAL_REPRESENTATION('',(#7420),#7424);
#7420 = ELLIPSE('',#7421,0.250001687723,0.25);
#7421 = AXIS2_PLACEMENT_2D('',#7422,#7423);
#7422 = CARTESIAN_POINT('',(1.503010146593,-7.25));
#7423 = DIRECTION('',(1.,0.));
#7424 = ( GEOMETRIC_REPRESENTATION_CONTEXT(2) 
PARAMETRIC_REPRESENTATION_CONTEXT() REPRESENTATION_CONTEXT('2D SPACE',''
  ) );
#7425 = PCURVE('',#7426,#7431);
#7426 = CYLINDRICAL_SURFACE('',#7427,0.25);
#7427 = AXIS2_PLACEMENT_3D('',#7428,#7429,#7430);
#7428 = CARTESIAN_POINT('',(7.25,19.5,68.75));
#7429 = DIRECTION('',(0.,1.,0.));
#7430 = DIRECTION('',(0.,0.,-1.));
#7431 = DEFINITIONAL_REPRESENTATION('',(#7432),#7439);
#7432 = B_SPLINE_CURVE_WITH_KNOTS('',5,(#7433,#7434,#7435,#7436,#7437,
    #7438),.UNSPECIFIED.,.F.,.F.,(6,6),(3.14159265359,4.712388980385),
  .PIECEWISE_BEZIER_KNOTS.);
#7433 = CARTESIAN_POINT('',(0.,0.470604128391));
#7434 = CARTESIAN_POINT('',(-0.314159265359,0.470604128391));
#7435 = CARTESIAN_POINT('',(-0.628318530718,0.470717146555));
#7436 = CARTESIAN_POINT('',(-0.942477796077,0.470945301581));
#7437 = CARTESIAN_POINT('',(-1.256637061436,0.471234156084));
#7438 = CARTESIAN_POINT('',(-1.570796326795,0.471522749379));
#7439 = ( GEOMETRIC_REPRESENTATION_CONTEXT(2) 
PARAMETRIC_REPRESENTATION_CONTEXT() REPRESENTATION_CONTEXT('2D SPACE',''
  ) );
#7440 = ORIENTED_EDGE('',*,*,#7441,.T.);
#7441 = EDGE_CURVE('',#7408,#7442,#7444,.T.);
#7442 = VERTEX_POINT('',#7443);
#7443 = CARTESIAN_POINT('',(4.75,19.970604128391,68.5));
#7444 = SURFACE_CURVE('',#7445,(#7449,#7455),.PCURVE_S1.);
#7445 = LINE('',#7446,#7447);
#7446 = CARTESIAN_POINT('',(2.25,19.970604128391,68.5));
#7447 = VECTOR('',#7448,1.);
#7448 = DIRECTION('',(-1.,0.,0.));
#7449 = PCURVE('',#386,#7450);
#7450 = DEFINITIONAL_REPRESENTATION('',(#7451),#7454);
#7451 = B_SPLINE_CURVE_WITH_KNOTS('',1,(#7452,#7453),.UNSPECIFIED.,.F.,
  .F.,(2,2),(-5.,-2.5),.PIECEWISE_BEZIER_KNOTS.);
#7452 = CARTESIAN_POINT('',(1.253008458869,-7.25));
#7453 = CARTESIAN_POINT('',(1.253008458869,-4.75));
#7454 = ( GEOMETRIC_REPRESENTATION_CONTEXT(2) 
PARAMETRIC_REPRESENTATION_CONTEXT() REPRESENTATION_CONTEXT('2D SPACE',''
  ) );
#7455 = PCURVE('',#7456,#7461);
#7456 = PLANE('',#7457);
#7457 = AXIS2_PLACEMENT_3D('',#7458,#7459,#7460);
#7458 = CARTESIAN_POINT('',(4.5,19.5,68.5));
#7459 = DIRECTION('',(0.,0.,1.));
#7460 = DIRECTION('',(0.,1.,0.));
#7461 = DEFINITIONAL_REPRESENTATION('',(#7462),#7465);
#7462 = B_SPLINE_CURVE_WITH_KNOTS('',1,(#7463,#7464),.UNSPECIFIED.,.F.,
  .F.,(2,2),(-5.,-2.5),.PIECEWISE_BEZIER_KNOTS.);
#7463 = CARTESIAN_POINT('',(0.470604128391,-2.75));
#7464 = CARTESIAN_POINT('',(0.470604128391,-0.25));
#7465 = ( GEOMETRIC_REPRESENTATION_CONTEXT(2) 
PARAMETRIC_REPRESENTATION_CONTEXT() REPRESENTATION_CONTEXT('2D SPACE',''
  ) );
#7466 = ORIENTED_EDGE('',*,*,#7467,.F.);
#7467 = EDGE_CURVE('',#7468,#7442,#7470,.T.);
#7468 = VERTEX_POINT('',#7469);
#7469 = CARTESIAN_POINT('',(4.5,19.971522749379,68.75));
#7470 = SURFACE_CURVE('',#7471,(#7476,#7483),.PCURVE_S1.);
#7471 = ELLIPSE('',#7472,0.250001687723,0.25);
#7472 = AXIS2_PLACEMENT_3D('',#7473,#7474,#7475);
#7473 = CARTESIAN_POINT('',(4.75,19.971522749379,68.75));
#7474 = DIRECTION('',(0.,-0.999993249152,3.674459145269E-03));
#7475 = DIRECTION('',(0.,3.674459145269E-03,0.999993249152));
#7476 = PCURVE('',#386,#7477);
#7477 = DEFINITIONAL_REPRESENTATION('',(#7478),#7482);
#7478 = ELLIPSE('',#7479,0.250001687723,0.25);
#7479 = AXIS2_PLACEMENT_2D('',#7480,#7481);
#7480 = CARTESIAN_POINT('',(1.503010146593,-4.75));
#7481 = DIRECTION('',(1.,0.));
#7482 = ( GEOMETRIC_REPRESENTATION_CONTEXT(2) 
PARAMETRIC_REPRESENTATION_CONTEXT() REPRESENTATION_CONTEXT('2D SPACE',''
  ) );
#7483 = PCURVE('',#7484,#7489);
#7484 = CYLINDRICAL_SURFACE('',#7485,0.25);
#7485 = AXIS2_PLACEMENT_3D('',#7486,#7487,#7488);
#7486 = CARTESIAN_POINT('',(4.75,19.5,68.75));
#7487 = DIRECTION('',(0.,1.,0.));
#7488 = DIRECTION('',(0.,0.,-1.));
#7489 = DEFINITIONAL_REPRESENTATION('',(#7490),#7497);
#7490 = B_SPLINE_CURVE_WITH_KNOTS('',5,(#7491,#7492,#7493,#7494,#7495,
    #7496),.UNSPECIFIED.,.F.,.F.,(6,6),(1.570796326795,3.14159265359),
  .PIECEWISE_BEZIER_KNOTS.);
#7491 = CARTESIAN_POINT('',(1.570796326795,0.471522749379));
#7492 = CARTESIAN_POINT('',(1.256637061436,0.471234156084));
#7493 = CARTESIAN_POINT('',(0.942477796077,0.470945301581));
#7494 = CARTESIAN_POINT('',(0.628318530718,0.470717146555));
#7495 = CARTESIAN_POINT('',(0.314159265359,0.470604128391));
#7496 = CARTESIAN_POINT('',(0.,0.470604128391));
#7497 = ( GEOMETRIC_REPRESENTATION_CONTEXT(2) 
PARAMETRIC_REPRESENTATION_CONTEXT() REPRESENTATION_CONTEXT('2D SPACE',''
  ) );
#7498 = ORIENTED_EDGE('',*,*,#7499,.T.);
#7499 = EDGE_CURVE('',#7468,#7500,#7502,.T.);
#7500 = VERTEX_POINT('',#7501);
#7501 = CARTESIAN_POINT('',(4.5,19.995406895061,75.25));
#7502 = SURFACE_CURVE('',#7503,(#7507,#7513),.PCURVE_S1.);
#7503 = LINE('',#7504,#7505);
#7504 = CARTESIAN_POINT('',(4.5,19.974736436114,69.624595393118));
#7505 = VECTOR('',#7506,1.);
#7506 = DIRECTION('',(0.,3.674459145269E-03,0.999993249152));
#7507 = PCURVE('',#386,#7508);
#7508 = DEFINITIONAL_REPRESENTATION('',(#7509),#7512);
#7509 = B_SPLINE_CURVE_WITH_KNOTS('',1,(#7510,#7511),.UNSPECIFIED.,.F.,
  .F.,(2,2),(-0.874601297418,5.625442583389),.PIECEWISE_BEZIER_KNOTS.);
#7510 = CARTESIAN_POINT('',(1.503010146593,-4.5));
#7511 = CARTESIAN_POINT('',(8.0030540274,-4.5));
#7512 = ( GEOMETRIC_REPRESENTATION_CONTEXT(2) 
PARAMETRIC_REPRESENTATION_CONTEXT() REPRESENTATION_CONTEXT('2D SPACE',''
  ) );
#7513 = PCURVE('',#7514,#7519);
#7514 = PLANE('',#7515);
#7515 = AXIS2_PLACEMENT_3D('',#7516,#7517,#7518);
#7516 = CARTESIAN_POINT('',(4.5,20.579688902847,72.));
#7517 = DIRECTION('',(1.,0.,0.));
#7518 = DIRECTION('',(0.,0.,1.));
#7519 = DEFINITIONAL_REPRESENTATION('',(#7520),#7523);
#7520 = B_SPLINE_CURVE_WITH_KNOTS('',1,(#7521,#7522),.UNSPECIFIED.,.F.,
  .F.,(2,2),(-0.874601297418,5.625442583389),.PIECEWISE_BEZIER_KNOTS.);
#7521 = CARTESIAN_POINT('',(-3.25,0.608166153469));
#7522 = CARTESIAN_POINT('',(3.25,0.584282007786));
#7523 = ( GEOMETRIC_REPRESENTATION_CONTEXT(2) 
PARAMETRIC_REPRESENTATION_CONTEXT() REPRESENTATION_CONTEXT('2D SPACE',''
  ) );
#7524 = ORIENTED_EDGE('',*,*,#7525,.F.);
#7525 = EDGE_CURVE('',#7526,#7500,#7528,.T.);
#7526 = VERTEX_POINT('',#7527);
#7527 = CARTESIAN_POINT('',(4.75,19.996325516049,75.5));
#7528 = SURFACE_CURVE('',#7529,(#7534,#7541),.PCURVE_S1.);
#7529 = ELLIPSE('',#7530,0.250001687723,0.25);
#7530 = AXIS2_PLACEMENT_3D('',#7531,#7532,#7533);
#7531 = CARTESIAN_POINT('',(4.75,19.995406895061,75.25));
#7532 = DIRECTION('',(0.,-0.999993249152,3.674459145269E-03));
#7533 = DIRECTION('',(0.,-3.674459145269E-03,-0.999993249152));
#7534 = PCURVE('',#386,#7535);
#7535 = DEFINITIONAL_REPRESENTATION('',(#7536),#7540);
#7536 = ELLIPSE('',#7537,0.250001687723,0.25);
#7537 = AXIS2_PLACEMENT_2D('',#7538,#7539);
#7538 = CARTESIAN_POINT('',(8.0030540274,-4.75));
#7539 = DIRECTION('',(-1.,0.));
#7540 = ( GEOMETRIC_REPRESENTATION_CONTEXT(2) 
PARAMETRIC_REPRESENTATION_CONTEXT() REPRESENTATION_CONTEXT('2D SPACE',''
  ) );
#7541 = PCURVE('',#7542,#7547);
#7542 = CYLINDRICAL_SURFACE('',#7543,0.25);
#7543 = AXIS2_PLACEMENT_3D('',#7544,#7545,#7546);
#7544 = CARTESIAN_POINT('',(4.75,20.,75.25));
#7545 = DIRECTION('',(0.,-1.,0.));
#7546 = DIRECTION('',(0.,0.,1.));
#7547 = DEFINITIONAL_REPRESENTATION('',(#7548),#7555);
#7548 = B_SPLINE_CURVE_WITH_KNOTS('',5,(#7549,#7550,#7551,#7552,#7553,
    #7554),.UNSPECIFIED.,.F.,.F.,(6,6),(3.14159265359,4.712388980385),
  .PIECEWISE_BEZIER_KNOTS.);
#7549 = CARTESIAN_POINT('',(0.,3.674483951155E-03));
#7550 = CARTESIAN_POINT('',(0.314159265359,3.674483951155E-03));
#7551 = CARTESIAN_POINT('',(0.628318530718,3.787502114912E-03));
#7552 = CARTESIAN_POINT('',(0.942477796077,4.015657141057E-03));
#7553 = CARTESIAN_POINT('',(1.256637061436,4.304511644274E-03));
#7554 = CARTESIAN_POINT('',(1.570796326795,4.593104938941E-03));
#7555 = ( GEOMETRIC_REPRESENTATION_CONTEXT(2) 
PARAMETRIC_REPRESENTATION_CONTEXT() REPRESENTATION_CONTEXT('2D SPACE',''
  ) );
#7556 = ORIENTED_EDGE('',*,*,#7557,.T.);
#7557 = EDGE_CURVE('',#7526,#7558,#7560,.T.);
#7558 = VERTEX_POINT('',#7559);
#7559 = CARTESIAN_POINT('',(7.25,19.996325516049,75.5));
#7560 = SURFACE_CURVE('',#7561,(#7565,#7571),.PCURVE_S1.);
#7561 = LINE('',#7562,#7563);
#7562 = CARTESIAN_POINT('',(2.25,19.996325516049,75.5));
#7563 = VECTOR('',#7564,1.);
#7564 = DIRECTION('',(1.,0.,0.));
#7565 = PCURVE('',#386,#7566);
#7566 = DEFINITIONAL_REPRESENTATION('',(#7567),#7570);
#7567 = B_SPLINE_CURVE_WITH_KNOTS('',1,(#7568,#7569),.UNSPECIFIED.,.F.,
  .F.,(2,2),(2.5,5.),.PIECEWISE_BEZIER_KNOTS.);
#7568 = CARTESIAN_POINT('',(8.253055715123,-4.75));
#7569 = CARTESIAN_POINT('',(8.253055715123,-7.25));
#7570 = ( GEOMETRIC_REPRESENTATION_CONTEXT(2) 
PARAMETRIC_REPRESENTATION_CONTEXT() REPRESENTATION_CONTEXT('2D SPACE',''
  ) );
#7571 = PCURVE('',#7572,#7577);
#7572 = PLANE('',#7573);
#7573 = AXIS2_PLACEMENT_3D('',#7574,#7575,#7576);
#7574 = CARTESIAN_POINT('',(4.5,20.,75.5));
#7575 = DIRECTION('',(0.,0.,-1.));
#7576 = DIRECTION('',(0.,-1.,0.));
#7577 = DEFINITIONAL_REPRESENTATION('',(#7578),#7581);
#7578 = B_SPLINE_CURVE_WITH_KNOTS('',1,(#7579,#7580),.UNSPECIFIED.,.F.,
  .F.,(2,2),(2.5,5.),.PIECEWISE_BEZIER_KNOTS.);
#7579 = CARTESIAN_POINT('',(3.674483951151E-03,-0.25));
#7580 = CARTESIAN_POINT('',(3.674483951151E-03,-2.75));
#7581 = ( GEOMETRIC_REPRESENTATION_CONTEXT(2) 
PARAMETRIC_REPRESENTATION_CONTEXT() REPRESENTATION_CONTEXT('2D SPACE',''
  ) );
#7582 = ORIENTED_EDGE('',*,*,#7583,.F.);
#7583 = EDGE_CURVE('',#7584,#7558,#7586,.T.);
#7584 = VERTEX_POINT('',#7585);
#7585 = CARTESIAN_POINT('',(7.5,19.995406895061,75.25));
#7586 = SURFACE_CURVE('',#7587,(#7592,#7599),.PCURVE_S1.);
#7587 = ELLIPSE('',#7588,0.250001687723,0.25);
#7588 = AXIS2_PLACEMENT_3D('',#7589,#7590,#7591);
#7589 = CARTESIAN_POINT('',(7.25,19.995406895061,75.25));
#7590 = DIRECTION('',(0.,-0.999993249152,3.674459145269E-03));
#7591 = DIRECTION('',(0.,-3.674459145269E-03,-0.999993249152));
#7592 = PCURVE('',#386,#7593);
#7593 = DEFINITIONAL_REPRESENTATION('',(#7594),#7598);
#7594 = ELLIPSE('',#7595,0.250001687723,0.25);
#7595 = AXIS2_PLACEMENT_2D('',#7596,#7597);
#7596 = CARTESIAN_POINT('',(8.0030540274,-7.25));
#7597 = DIRECTION('',(-1.,0.));
#7598 = ( GEOMETRIC_REPRESENTATION_CONTEXT(2) 
PARAMETRIC_REPRESENTATION_CONTEXT() REPRESENTATION_CONTEXT('2D SPACE',''
  ) );
#7599 = PCURVE('',#7600,#7605);
#7600 = CYLINDRICAL_SURFACE('',#7601,0.25);
#7601 = AXIS2_PLACEMENT_3D('',#7602,#7603,#7604);
#7602 = CARTESIAN_POINT('',(7.25,20.,75.25));
#7603 = DIRECTION('',(0.,-1.,0.));
#7604 = DIRECTION('',(0.,0.,1.));
#7605 = DEFINITIONAL_REPRESENTATION('',(#7606),#7613);
#7606 = B_SPLINE_CURVE_WITH_KNOTS('',5,(#7607,#7608,#7609,#7610,#7611,
    #7612),.UNSPECIFIED.,.F.,.F.,(6,6),(1.570796326795,3.14159265359),
  .PIECEWISE_BEZIER_KNOTS.);
#7607 = CARTESIAN_POINT('',(-1.570796326795,4.593104938941E-03));
#7608 = CARTESIAN_POINT('',(-1.256637061436,4.304511644274E-03));
#7609 = CARTESIAN_POINT('',(-0.942477796077,4.015657141057E-03));
#7610 = CARTESIAN_POINT('',(-0.628318530718,3.787502114912E-03));
#7611 = CARTESIAN_POINT('',(-0.314159265359,3.674483951155E-03));
#7612 = CARTESIAN_POINT('',(0.,3.674483951155E-03));
#7613 = ( GEOMETRIC_REPRESENTATION_CONTEXT(2) 
PARAMETRIC_REPRESENTATION_CONTEXT() REPRESENTATION_CONTEXT('2D SPACE',''
  ) );
#7614 = ORIENTED_EDGE('',*,*,#7615,.F.);
#7615 = EDGE_CURVE('',#7410,#7584,#7616,.T.);
#7616 = SURFACE_CURVE('',#7617,(#7621,#7627),.PCURVE_S1.);
#7617 = LINE('',#7618,#7619);
#7618 = CARTESIAN_POINT('',(7.5,19.974736436114,69.624595393118));
#7619 = VECTOR('',#7620,1.);
#7620 = DIRECTION('',(0.,3.674459145269E-03,0.999993249152));
#7621 = PCURVE('',#386,#7622);
#7622 = DEFINITIONAL_REPRESENTATION('',(#7623),#7626);
#7623 = B_SPLINE_CURVE_WITH_KNOTS('',1,(#7624,#7625),.UNSPECIFIED.,.F.,
  .F.,(2,2),(-0.874601297418,5.625442583389),.PIECEWISE_BEZIER_KNOTS.);
#7624 = CARTESIAN_POINT('',(1.503010146593,-7.5));
#7625 = CARTESIAN_POINT('',(8.0030540274,-7.5));
#7626 = ( GEOMETRIC_REPRESENTATION_CONTEXT(2) 
PARAMETRIC_REPRESENTATION_CONTEXT() REPRESENTATION_CONTEXT('2D SPACE',''
  ) );
#7627 = PCURVE('',#7628,#7633);
#7628 = PLANE('',#7629);
#7629 = AXIS2_PLACEMENT_3D('',#7630,#7631,#7632);
#7630 = CARTESIAN_POINT('',(7.5,20.579688902847,72.));
#7631 = DIRECTION('',(1.,0.,0.));
#7632 = DIRECTION('',(0.,0.,1.));
#7633 = DEFINITIONAL_REPRESENTATION('',(#7634),#7637);
#7634 = B_SPLINE_CURVE_WITH_KNOTS('',1,(#7635,#7636),.UNSPECIFIED.,.F.,
  .F.,(2,2),(-0.874601297418,5.625442583389),.PIECEWISE_BEZIER_KNOTS.);
#7635 = CARTESIAN_POINT('',(-3.25,0.608166153469));
#7636 = CARTESIAN_POINT('',(3.25,0.584282007786));
#7637 = ( GEOMETRIC_REPRESENTATION_CONTEXT(2) 
PARAMETRIC_REPRESENTATION_CONTEXT() REPRESENTATION_CONTEXT('2D SPACE',''
  ) );
#7638 = ADVANCED_FACE('',(#7639),#7542,.T.);
#7639 = FACE_BOUND('',#7640,.T.);
#7640 = EDGE_LOOP('',(#7641,#7664,#7691,#7712));
#7641 = ORIENTED_EDGE('',*,*,#7642,.F.);
#7642 = EDGE_CURVE('',#7643,#7526,#7645,.T.);
#7643 = VERTEX_POINT('',#7644);
#7644 = CARTESIAN_POINT('',(4.75,20.,75.5));
#7645 = SURFACE_CURVE('',#7646,(#7650,#7657),.PCURVE_S1.);
#7646 = LINE('',#7647,#7648);
#7647 = CARTESIAN_POINT('',(4.75,20.,75.5));
#7648 = VECTOR('',#7649,1.);
#7649 = DIRECTION('',(0.,-1.,0.));
#7650 = PCURVE('',#7542,#7651);
#7651 = DEFINITIONAL_REPRESENTATION('',(#7652),#7656);
#7652 = LINE('',#7653,#7654);
#7653 = CARTESIAN_POINT('',(0.,0.));
#7654 = VECTOR('',#7655,1.);
#7655 = DIRECTION('',(0.,1.));
#7656 = ( GEOMETRIC_REPRESENTATION_CONTEXT(2) 
PARAMETRIC_REPRESENTATION_CONTEXT() REPRESENTATION_CONTEXT('2D SPACE',''
  ) );
#7657 = PCURVE('',#7572,#7658);
#7658 = DEFINITIONAL_REPRESENTATION('',(#7659),#7663);
#7659 = LINE('',#7660,#7661);
#7660 = CARTESIAN_POINT('',(0.,-0.25));
#7661 = VECTOR('',#7662,1.);
#7662 = DIRECTION('',(1.,0.));
#7663 = ( GEOMETRIC_REPRESENTATION_CONTEXT(2) 
PARAMETRIC_REPRESENTATION_CONTEXT() REPRESENTATION_CONTEXT('2D SPACE',''
  ) );
#7664 = ORIENTED_EDGE('',*,*,#7665,.T.);
#7665 = EDGE_CURVE('',#7643,#7666,#7668,.T.);
#7666 = VERTEX_POINT('',#7667);
#7667 = CARTESIAN_POINT('',(4.5,20.,75.25));
#7668 = SURFACE_CURVE('',#7669,(#7674,#7680),.PCURVE_S1.);
#7669 = CIRCLE('',#7670,0.25);
#7670 = AXIS2_PLACEMENT_3D('',#7671,#7672,#7673);
#7671 = CARTESIAN_POINT('',(4.75,20.,75.25));
#7672 = DIRECTION('',(0.,-1.,3.613946018758E-15));
#7673 = DIRECTION('',(0.,3.613946018758E-15,1.));
#7674 = PCURVE('',#7542,#7675);
#7675 = DEFINITIONAL_REPRESENTATION('',(#7676),#7679);
#7676 = B_SPLINE_CURVE_WITH_KNOTS('',1,(#7677,#7678),.UNSPECIFIED.,.F.,
  .F.,(2,2),(0.,1.570796326795),.PIECEWISE_BEZIER_KNOTS.);
#7677 = CARTESIAN_POINT('',(0.,0.));
#7678 = CARTESIAN_POINT('',(1.570796326795,0.));
#7679 = ( GEOMETRIC_REPRESENTATION_CONTEXT(2) 
PARAMETRIC_REPRESENTATION_CONTEXT() REPRESENTATION_CONTEXT('2D SPACE',''
  ) );
#7680 = PCURVE('',#7681,#7686);
#7681 = TOROIDAL_SURFACE('',#7682,1.75,0.25);
#7682 = AXIS2_PLACEMENT_3D('',#7683,#7684,#7685);
#7683 = CARTESIAN_POINT('',(4.75,20.,73.5));
#7684 = DIRECTION('',(-1.,0.,0.));
#7685 = DIRECTION('',(0.,1.,0.));
#7686 = DEFINITIONAL_REPRESENTATION('',(#7687),#7690);
#7687 = B_SPLINE_CURVE_WITH_KNOTS('',1,(#7688,#7689),.UNSPECIFIED.,.F.,
  .F.,(2,2),(0.,1.570796326795),.PIECEWISE_BEZIER_KNOTS.);
#7688 = CARTESIAN_POINT('',(-1.570796326795,0.));
#7689 = CARTESIAN_POINT('',(-1.570796326795,1.570796326795));
#7690 = ( GEOMETRIC_REPRESENTATION_CONTEXT(2) 
PARAMETRIC_REPRESENTATION_CONTEXT() REPRESENTATION_CONTEXT('2D SPACE',''
  ) );
#7691 = ORIENTED_EDGE('',*,*,#7692,.T.);
#7692 = EDGE_CURVE('',#7666,#7500,#7693,.T.);
#7693 = SURFACE_CURVE('',#7694,(#7698,#7705),.PCURVE_S1.);
#7694 = LINE('',#7695,#7696);
#7695 = CARTESIAN_POINT('',(4.5,20.,75.25));
#7696 = VECTOR('',#7697,1.);
#7697 = DIRECTION('',(0.,-1.,0.));
#7698 = PCURVE('',#7542,#7699);
#7699 = DEFINITIONAL_REPRESENTATION('',(#7700),#7704);
#7700 = LINE('',#7701,#7702);
#7701 = CARTESIAN_POINT('',(1.570796326795,0.));
#7702 = VECTOR('',#7703,1.);
#7703 = DIRECTION('',(0.,1.));
#7704 = ( GEOMETRIC_REPRESENTATION_CONTEXT(2) 
PARAMETRIC_REPRESENTATION_CONTEXT() REPRESENTATION_CONTEXT('2D SPACE',''
  ) );
#7705 = PCURVE('',#7514,#7706);
#7706 = DEFINITIONAL_REPRESENTATION('',(#7707),#7711);
#7707 = LINE('',#7708,#7709);
#7708 = CARTESIAN_POINT('',(3.25,0.579688902847));
#7709 = VECTOR('',#7710,1.);
#7710 = DIRECTION('',(0.,1.));
#7711 = ( GEOMETRIC_REPRESENTATION_CONTEXT(2) 
PARAMETRIC_REPRESENTATION_CONTEXT() REPRESENTATION_CONTEXT('2D SPACE',''
  ) );
#7712 = ORIENTED_EDGE('',*,*,#7525,.F.);
#7713 = ADVANCED_FACE('',(#7714),#7681,.T.);
#7714 = FACE_BOUND('',#7715,.F.);
#7715 = EDGE_LOOP('',(#7716,#7745,#7772,#7773));
#7716 = ORIENTED_EDGE('',*,*,#7717,.F.);
#7717 = EDGE_CURVE('',#7718,#7720,#7722,.T.);
#7718 = VERTEX_POINT('',#7719);
#7719 = CARTESIAN_POINT('',(4.75,22.,73.5));
#7720 = VERTEX_POINT('',#7721);
#7721 = CARTESIAN_POINT('',(4.5,21.75,73.5));
#7722 = SURFACE_CURVE('',#7723,(#7728,#7734),.PCURVE_S1.);
#7723 = CIRCLE('',#7724,0.25);
#7724 = AXIS2_PLACEMENT_3D('',#7725,#7726,#7727);
#7725 = CARTESIAN_POINT('',(4.75,21.75,73.5));
#7726 = DIRECTION('',(0.,0.,1.));
#7727 = DIRECTION('',(0.,1.,0.));
#7728 = PCURVE('',#7681,#7729);
#7729 = DEFINITIONAL_REPRESENTATION('',(#7730),#7733);
#7730 = B_SPLINE_CURVE_WITH_KNOTS('',1,(#7731,#7732),.UNSPECIFIED.,.F.,
  .F.,(2,2),(0.,1.570796326795),.PIECEWISE_BEZIER_KNOTS.);
#7731 = CARTESIAN_POINT('',(0.,0.));
#7732 = CARTESIAN_POINT('',(0.,1.570796326795));
#7733 = ( GEOMETRIC_REPRESENTATION_CONTEXT(2) 
PARAMETRIC_REPRESENTATION_CONTEXT() REPRESENTATION_CONTEXT('2D SPACE',''
  ) );
#7734 = PCURVE('',#7735,#7740);
#7735 = CYLINDRICAL_SURFACE('',#7736,0.25);
#7736 = AXIS2_PLACEMENT_3D('',#7737,#7738,#7739);
#7737 = CARTESIAN_POINT('',(4.75,21.75,70.5));
#7738 = DIRECTION('',(0.,0.,1.));
#7739 = DIRECTION('',(0.,1.,0.));
#7740 = DEFINITIONAL_REPRESENTATION('',(#7741),#7744);
#7741 = B_SPLINE_CURVE_WITH_KNOTS('',1,(#7742,#7743),.UNSPECIFIED.,.F.,
  .F.,(2,2),(0.,1.570796326795),.PIECEWISE_BEZIER_KNOTS.);
#7742 = CARTESIAN_POINT('',(0.,3.));
#7743 = CARTESIAN_POINT('',(1.570796326795,3.));
#7744 = ( GEOMETRIC_REPRESENTATION_CONTEXT(2) 
PARAMETRIC_REPRESENTATION_CONTEXT() REPRESENTATION_CONTEXT('2D SPACE',''
  ) );
#7745 = ORIENTED_EDGE('',*,*,#7746,.T.);
#7746 = EDGE_CURVE('',#7718,#7643,#7747,.T.);
#7747 = SURFACE_CURVE('',#7748,(#7753,#7760),.PCURVE_S1.);
#7748 = CIRCLE('',#7749,2.);
#7749 = AXIS2_PLACEMENT_3D('',#7750,#7751,#7752);
#7750 = CARTESIAN_POINT('',(4.75,20.,73.5));
#7751 = DIRECTION('',(1.,0.,0.));
#7752 = DIRECTION('',(0.,1.,0.));
#7753 = PCURVE('',#7681,#7754);
#7754 = DEFINITIONAL_REPRESENTATION('',(#7755),#7759);
#7755 = LINE('',#7756,#7757);
#7756 = CARTESIAN_POINT('',(0.,0.));
#7757 = VECTOR('',#7758,1.);
#7758 = DIRECTION('',(-1.,0.));
#7759 = ( GEOMETRIC_REPRESENTATION_CONTEXT(2) 
PARAMETRIC_REPRESENTATION_CONTEXT() REPRESENTATION_CONTEXT('2D SPACE',''
  ) );
#7760 = PCURVE('',#7761,#7766);
#7761 = CYLINDRICAL_SURFACE('',#7762,2.);
#7762 = AXIS2_PLACEMENT_3D('',#7763,#7764,#7765);
#7763 = CARTESIAN_POINT('',(4.5,20.,73.5));
#7764 = DIRECTION('',(-1.,0.,0.));
#7765 = DIRECTION('',(0.,1.,0.));
#7766 = DEFINITIONAL_REPRESENTATION('',(#7767),#7771);
#7767 = LINE('',#7768,#7769);
#7768 = CARTESIAN_POINT('',(0.,-0.25));
#7769 = VECTOR('',#7770,1.);
#7770 = DIRECTION('',(-1.,0.));
#7771 = ( GEOMETRIC_REPRESENTATION_CONTEXT(2) 
PARAMETRIC_REPRESENTATION_CONTEXT() REPRESENTATION_CONTEXT('2D SPACE',''
  ) );
#7772 = ORIENTED_EDGE('',*,*,#7665,.T.);
#7773 = ORIENTED_EDGE('',*,*,#7774,.F.);
#7774 = EDGE_CURVE('',#7720,#7666,#7775,.T.);
#7775 = SURFACE_CURVE('',#7776,(#7781,#7788),.PCURVE_S1.);
#7776 = CIRCLE('',#7777,1.75);
#7777 = AXIS2_PLACEMENT_3D('',#7778,#7779,#7780);
#7778 = CARTESIAN_POINT('',(4.5,20.,73.5));
#7779 = DIRECTION('',(1.,0.,0.));
#7780 = DIRECTION('',(0.,1.,0.));
#7781 = PCURVE('',#7681,#7782);
#7782 = DEFINITIONAL_REPRESENTATION('',(#7783),#7787);
#7783 = LINE('',#7784,#7785);
#7784 = CARTESIAN_POINT('',(0.,1.570796326795));
#7785 = VECTOR('',#7786,1.);
#7786 = DIRECTION('',(-1.,0.));
#7787 = ( GEOMETRIC_REPRESENTATION_CONTEXT(2) 
PARAMETRIC_REPRESENTATION_CONTEXT() REPRESENTATION_CONTEXT('2D SPACE',''
  ) );
#7788 = PCURVE('',#7514,#7789);
#7789 = DEFINITIONAL_REPRESENTATION('',(#7790),#7794);
#7790 = CIRCLE('',#7791,1.75);
#7791 = AXIS2_PLACEMENT_2D('',#7792,#7793);
#7792 = CARTESIAN_POINT('',(1.5,0.579688902847));
#7793 = DIRECTION('',(0.,-1.));
#7794 = ( GEOMETRIC_REPRESENTATION_CONTEXT(2) 
PARAMETRIC_REPRESENTATION_CONTEXT() REPRESENTATION_CONTEXT('2D SPACE',''
  ) );
#7795 = ADVANCED_FACE('',(#7796),#7761,.T.);
#7796 = FACE_BOUND('',#7797,.F.);
#7797 = EDGE_LOOP('',(#7798,#7826,#7855,#7876));
#7798 = ORIENTED_EDGE('',*,*,#7799,.T.);
#7799 = EDGE_CURVE('',#7718,#7800,#7802,.T.);
#7800 = VERTEX_POINT('',#7801);
#7801 = CARTESIAN_POINT('',(7.25,22.,73.5));
#7802 = SURFACE_CURVE('',#7803,(#7807,#7814),.PCURVE_S1.);
#7803 = LINE('',#7804,#7805);
#7804 = CARTESIAN_POINT('',(4.5,22.,73.5));
#7805 = VECTOR('',#7806,1.);
#7806 = DIRECTION('',(1.,0.,0.));
#7807 = PCURVE('',#7761,#7808);
#7808 = DEFINITIONAL_REPRESENTATION('',(#7809),#7813);
#7809 = LINE('',#7810,#7811);
#7810 = CARTESIAN_POINT('',(0.,0.));
#7811 = VECTOR('',#7812,1.);
#7812 = DIRECTION('',(0.,-1.));
#7813 = ( GEOMETRIC_REPRESENTATION_CONTEXT(2) 
PARAMETRIC_REPRESENTATION_CONTEXT() REPRESENTATION_CONTEXT('2D SPACE',''
  ) );
#7814 = PCURVE('',#7815,#7820);
#7815 = PLANE('',#7816);
#7816 = AXIS2_PLACEMENT_3D('',#7817,#7818,#7819);
#7817 = CARTESIAN_POINT('',(4.5,22.,70.5));
#7818 = DIRECTION('',(0.,-1.,0.));
#7819 = DIRECTION('',(0.,0.,1.));
#7820 = DEFINITIONAL_REPRESENTATION('',(#7821),#7825);
#7821 = LINE('',#7822,#7823);
#7822 = CARTESIAN_POINT('',(3.,0.));
#7823 = VECTOR('',#7824,1.);
#7824 = DIRECTION('',(0.,-1.));
#7825 = ( GEOMETRIC_REPRESENTATION_CONTEXT(2) 
PARAMETRIC_REPRESENTATION_CONTEXT() REPRESENTATION_CONTEXT('2D SPACE',''
  ) );
#7826 = ORIENTED_EDGE('',*,*,#7827,.T.);
#7827 = EDGE_CURVE('',#7800,#7828,#7830,.T.);
#7828 = VERTEX_POINT('',#7829);
#7829 = CARTESIAN_POINT('',(7.25,20.,75.5));
#7830 = SURFACE_CURVE('',#7831,(#7836,#7843),.PCURVE_S1.);
#7831 = CIRCLE('',#7832,2.);
#7832 = AXIS2_PLACEMENT_3D('',#7833,#7834,#7835);
#7833 = CARTESIAN_POINT('',(7.25,20.,73.5));
#7834 = DIRECTION('',(1.,0.,0.));
#7835 = DIRECTION('',(0.,1.,0.));
#7836 = PCURVE('',#7761,#7837);
#7837 = DEFINITIONAL_REPRESENTATION('',(#7838),#7842);
#7838 = LINE('',#7839,#7840);
#7839 = CARTESIAN_POINT('',(0.,-2.75));
#7840 = VECTOR('',#7841,1.);
#7841 = DIRECTION('',(-1.,0.));
#7842 = ( GEOMETRIC_REPRESENTATION_CONTEXT(2) 
PARAMETRIC_REPRESENTATION_CONTEXT() REPRESENTATION_CONTEXT('2D SPACE',''
  ) );
#7843 = PCURVE('',#7844,#7849);
#7844 = TOROIDAL_SURFACE('',#7845,1.75,0.25);
#7845 = AXIS2_PLACEMENT_3D('',#7846,#7847,#7848);
#7846 = CARTESIAN_POINT('',(7.25,20.,73.5));
#7847 = DIRECTION('',(1.,0.,0.));
#7848 = DIRECTION('',(0.,1.,0.));
#7849 = DEFINITIONAL_REPRESENTATION('',(#7850),#7854);
#7850 = LINE('',#7851,#7852);
#7851 = CARTESIAN_POINT('',(0.,0.));
#7852 = VECTOR('',#7853,1.);
#7853 = DIRECTION('',(1.,0.));
#7854 = ( GEOMETRIC_REPRESENTATION_CONTEXT(2) 
PARAMETRIC_REPRESENTATION_CONTEXT() REPRESENTATION_CONTEXT('2D SPACE',''
  ) );
#7855 = ORIENTED_EDGE('',*,*,#7856,.F.);
#7856 = EDGE_CURVE('',#7643,#7828,#7857,.T.);
#7857 = SURFACE_CURVE('',#7858,(#7862,#7869),.PCURVE_S1.);
#7858 = LINE('',#7859,#7860);
#7859 = CARTESIAN_POINT('',(4.5,20.,75.5));
#7860 = VECTOR('',#7861,1.);
#7861 = DIRECTION('',(1.,0.,0.));
#7862 = PCURVE('',#7761,#7863);
#7863 = DEFINITIONAL_REPRESENTATION('',(#7864),#7868);
#7864 = LINE('',#7865,#7866);
#7865 = CARTESIAN_POINT('',(-1.570796326795,0.));
#7866 = VECTOR('',#7867,1.);
#7867 = DIRECTION('',(0.,-1.));
#7868 = ( GEOMETRIC_REPRESENTATION_CONTEXT(2) 
PARAMETRIC_REPRESENTATION_CONTEXT() REPRESENTATION_CONTEXT('2D SPACE',''
  ) );
#7869 = PCURVE('',#7572,#7870);
#7870 = DEFINITIONAL_REPRESENTATION('',(#7871),#7875);
#7871 = LINE('',#7872,#7873);
#7872 = CARTESIAN_POINT('',(0.,0.));
#7873 = VECTOR('',#7874,1.);
#7874 = DIRECTION('',(0.,-1.));
#7875 = ( GEOMETRIC_REPRESENTATION_CONTEXT(2) 
PARAMETRIC_REPRESENTATION_CONTEXT() REPRESENTATION_CONTEXT('2D SPACE',''
  ) );
#7876 = ORIENTED_EDGE('',*,*,#7746,.F.);
#7877 = ADVANCED_FACE('',(#7878),#7844,.T.);
#7878 = FACE_BOUND('',#7879,.T.);
#7879 = EDGE_LOOP('',(#7880,#7907,#7908,#7930));
#7880 = ORIENTED_EDGE('',*,*,#7881,.F.);
#7881 = EDGE_CURVE('',#7800,#7882,#7884,.T.);
#7882 = VERTEX_POINT('',#7883);
#7883 = CARTESIAN_POINT('',(7.5,21.75,73.5));
#7884 = SURFACE_CURVE('',#7885,(#7890,#7896),.PCURVE_S1.);
#7885 = CIRCLE('',#7886,0.25);
#7886 = AXIS2_PLACEMENT_3D('',#7887,#7888,#7889);
#7887 = CARTESIAN_POINT('',(7.25,21.75,73.5));
#7888 = DIRECTION('',(0.,0.,-1.));
#7889 = DIRECTION('',(0.,1.,0.));
#7890 = PCURVE('',#7844,#7891);
#7891 = DEFINITIONAL_REPRESENTATION('',(#7892),#7895);
#7892 = B_SPLINE_CURVE_WITH_KNOTS('',1,(#7893,#7894),.UNSPECIFIED.,.F.,
  .F.,(2,2),(0.,1.570796326795),.PIECEWISE_BEZIER_KNOTS.);
#7893 = CARTESIAN_POINT('',(0.,0.));
#7894 = CARTESIAN_POINT('',(0.,1.570796326795));
#7895 = ( GEOMETRIC_REPRESENTATION_CONTEXT(2) 
PARAMETRIC_REPRESENTATION_CONTEXT() REPRESENTATION_CONTEXT('2D SPACE',''
  ) );
#7896 = PCURVE('',#7897,#7902);
#7897 = CYLINDRICAL_SURFACE('',#7898,0.25);
#7898 = AXIS2_PLACEMENT_3D('',#7899,#7900,#7901);
#7899 = CARTESIAN_POINT('',(7.25,21.75,70.5));
#7900 = DIRECTION('',(0.,0.,1.));
#7901 = DIRECTION('',(0.,1.,0.));
#7902 = DEFINITIONAL_REPRESENTATION('',(#7903),#7906);
#7903 = B_SPLINE_CURVE_WITH_KNOTS('',1,(#7904,#7905),.UNSPECIFIED.,.F.,
  .F.,(2,2),(0.,1.570796326795),.PIECEWISE_BEZIER_KNOTS.);
#7904 = CARTESIAN_POINT('',(0.,3.));
#7905 = CARTESIAN_POINT('',(-1.570796326795,3.));
#7906 = ( GEOMETRIC_REPRESENTATION_CONTEXT(2) 
PARAMETRIC_REPRESENTATION_CONTEXT() REPRESENTATION_CONTEXT('2D SPACE',''
  ) );
#7907 = ORIENTED_EDGE('',*,*,#7827,.T.);
#7908 = ORIENTED_EDGE('',*,*,#7909,.T.);
#7909 = EDGE_CURVE('',#7828,#7910,#7912,.T.);
#7910 = VERTEX_POINT('',#7911);
#7911 = CARTESIAN_POINT('',(7.5,20.,75.25));
#7912 = SURFACE_CURVE('',#7913,(#7918,#7924),.PCURVE_S1.);
#7913 = CIRCLE('',#7914,0.25);
#7914 = AXIS2_PLACEMENT_3D('',#7915,#7916,#7917);
#7915 = CARTESIAN_POINT('',(7.25,20.,75.25));
#7916 = DIRECTION('',(0.,1.,-3.613946018758E-15));
#7917 = DIRECTION('',(0.,3.613946018758E-15,1.));
#7918 = PCURVE('',#7844,#7919);
#7919 = DEFINITIONAL_REPRESENTATION('',(#7920),#7923);
#7920 = B_SPLINE_CURVE_WITH_KNOTS('',1,(#7921,#7922),.UNSPECIFIED.,.F.,
  .F.,(2,2),(0.,1.570796326795),.PIECEWISE_BEZIER_KNOTS.);
#7921 = CARTESIAN_POINT('',(1.570796326795,0.));
#7922 = CARTESIAN_POINT('',(1.570796326795,1.570796326795));
#7923 = ( GEOMETRIC_REPRESENTATION_CONTEXT(2) 
PARAMETRIC_REPRESENTATION_CONTEXT() REPRESENTATION_CONTEXT('2D SPACE',''
  ) );
#7924 = PCURVE('',#7600,#7925);
#7925 = DEFINITIONAL_REPRESENTATION('',(#7926),#7929);
#7926 = B_SPLINE_CURVE_WITH_KNOTS('',1,(#7927,#7928),.UNSPECIFIED.,.F.,
  .F.,(2,2),(0.,1.570796326795),.PIECEWISE_BEZIER_KNOTS.);
#7927 = CARTESIAN_POINT('',(0.,0.));
#7928 = CARTESIAN_POINT('',(-1.570796326795,0.));
#7929 = ( GEOMETRIC_REPRESENTATION_CONTEXT(2) 
PARAMETRIC_REPRESENTATION_CONTEXT() REPRESENTATION_CONTEXT('2D SPACE',''
  ) );
#7930 = ORIENTED_EDGE('',*,*,#7931,.F.);
#7931 = EDGE_CURVE('',#7882,#7910,#7932,.T.);
#7932 = SURFACE_CURVE('',#7933,(#7938,#7945),.PCURVE_S1.);
#7933 = CIRCLE('',#7934,1.75);
#7934 = AXIS2_PLACEMENT_3D('',#7935,#7936,#7937);
#7935 = CARTESIAN_POINT('',(7.5,20.,73.5));
#7936 = DIRECTION('',(1.,0.,0.));
#7937 = DIRECTION('',(0.,1.,0.));
#7938 = PCURVE('',#7844,#7939);
#7939 = DEFINITIONAL_REPRESENTATION('',(#7940),#7944);
#7940 = LINE('',#7941,#7942);
#7941 = CARTESIAN_POINT('',(0.,1.570796326795));
#7942 = VECTOR('',#7943,1.);
#7943 = DIRECTION('',(1.,0.));
#7944 = ( GEOMETRIC_REPRESENTATION_CONTEXT(2) 
PARAMETRIC_REPRESENTATION_CONTEXT() REPRESENTATION_CONTEXT('2D SPACE',''
  ) );
#7945 = PCURVE('',#7628,#7946);
#7946 = DEFINITIONAL_REPRESENTATION('',(#7947),#7951);
#7947 = CIRCLE('',#7948,1.75);
#7948 = AXIS2_PLACEMENT_2D('',#7949,#7950);
#7949 = CARTESIAN_POINT('',(1.5,0.579688902847));
#7950 = DIRECTION('',(0.,-1.));
#7951 = ( GEOMETRIC_REPRESENTATION_CONTEXT(2) 
PARAMETRIC_REPRESENTATION_CONTEXT() REPRESENTATION_CONTEXT('2D SPACE',''
  ) );
#7952 = ADVANCED_FACE('',(#7953),#7897,.T.);
#7953 = FACE_BOUND('',#7954,.F.);
#7954 = EDGE_LOOP('',(#7955,#7984,#8005,#8006));
#7955 = ORIENTED_EDGE('',*,*,#7956,.T.);
#7956 = EDGE_CURVE('',#7957,#7959,#7961,.T.);
#7957 = VERTEX_POINT('',#7958);
#7958 = CARTESIAN_POINT('',(7.25,22.,70.5));
#7959 = VERTEX_POINT('',#7960);
#7960 = CARTESIAN_POINT('',(7.5,21.75,70.5));
#7961 = SURFACE_CURVE('',#7962,(#7967,#7973),.PCURVE_S1.);
#7962 = CIRCLE('',#7963,0.25);
#7963 = AXIS2_PLACEMENT_3D('',#7964,#7965,#7966);
#7964 = CARTESIAN_POINT('',(7.25,21.75,70.5));
#7965 = DIRECTION('',(0.,-6.123233995737E-17,-1.));
#7966 = DIRECTION('',(0.,1.,-6.123233995737E-17));
#7967 = PCURVE('',#7897,#7968);
#7968 = DEFINITIONAL_REPRESENTATION('',(#7969),#7972);
#7969 = B_SPLINE_CURVE_WITH_KNOTS('',1,(#7970,#7971),.UNSPECIFIED.,.F.,
  .F.,(2,2),(0.,1.570796326795),.PIECEWISE_BEZIER_KNOTS.);
#7970 = CARTESIAN_POINT('',(0.,0.));
#7971 = CARTESIAN_POINT('',(-1.570796326795,0.));
#7972 = ( GEOMETRIC_REPRESENTATION_CONTEXT(2) 
PARAMETRIC_REPRESENTATION_CONTEXT() REPRESENTATION_CONTEXT('2D SPACE',''
  ) );
#7973 = PCURVE('',#7974,#7979);
#7974 = TOROIDAL_SURFACE('',#7975,1.75,0.25);
#7975 = AXIS2_PLACEMENT_3D('',#7976,#7977,#7978);
#7976 = CARTESIAN_POINT('',(7.25,20.,70.5));
#7977 = DIRECTION('',(1.,0.,0.));
#7978 = DIRECTION('',(0.,1.7763568394E-15,-1.));
#7979 = DEFINITIONAL_REPRESENTATION('',(#7980),#7983);
#7980 = B_SPLINE_CURVE_WITH_KNOTS('',1,(#7981,#7982),.UNSPECIFIED.,.F.,
  .F.,(2,2),(0.,1.570796326795),.PIECEWISE_BEZIER_KNOTS.);
#7981 = CARTESIAN_POINT('',(1.570796326795,0.));
#7982 = CARTESIAN_POINT('',(1.570796326795,1.570796326795));
#7983 = ( GEOMETRIC_REPRESENTATION_CONTEXT(2) 
PARAMETRIC_REPRESENTATION_CONTEXT() REPRESENTATION_CONTEXT('2D SPACE',''
  ) );
#7984 = ORIENTED_EDGE('',*,*,#7985,.T.);
#7985 = EDGE_CURVE('',#7959,#7882,#7986,.T.);
#7986 = SURFACE_CURVE('',#7987,(#7991,#7998),.PCURVE_S1.);
#7987 = LINE('',#7988,#7989);
#7988 = CARTESIAN_POINT('',(7.5,21.75,70.5));
#7989 = VECTOR('',#7990,1.);
#7990 = DIRECTION('',(0.,0.,1.));
#7991 = PCURVE('',#7897,#7992);
#7992 = DEFINITIONAL_REPRESENTATION('',(#7993),#7997);
#7993 = LINE('',#7994,#7995);
#7994 = CARTESIAN_POINT('',(-1.570796326795,0.));
#7995 = VECTOR('',#7996,1.);
#7996 = DIRECTION('',(0.,1.));
#7997 = ( GEOMETRIC_REPRESENTATION_CONTEXT(2) 
PARAMETRIC_REPRESENTATION_CONTEXT() REPRESENTATION_CONTEXT('2D SPACE',''
  ) );
#7998 = PCURVE('',#7628,#7999);
#7999 = DEFINITIONAL_REPRESENTATION('',(#8000),#8004);
#8000 = LINE('',#8001,#8002);
#8001 = CARTESIAN_POINT('',(-1.5,-1.170311097153));
#8002 = VECTOR('',#8003,1.);
#8003 = DIRECTION('',(1.,0.));
#8004 = ( GEOMETRIC_REPRESENTATION_CONTEXT(2) 
PARAMETRIC_REPRESENTATION_CONTEXT() REPRESENTATION_CONTEXT('2D SPACE',''
  ) );
#8005 = ORIENTED_EDGE('',*,*,#7881,.F.);
#8006 = ORIENTED_EDGE('',*,*,#8007,.F.);
#8007 = EDGE_CURVE('',#7957,#7800,#8008,.T.);
#8008 = SURFACE_CURVE('',#8009,(#8013,#8020),.PCURVE_S1.);
#8009 = LINE('',#8010,#8011);
#8010 = CARTESIAN_POINT('',(7.25,22.,70.5));
#8011 = VECTOR('',#8012,1.);
#8012 = DIRECTION('',(0.,0.,1.));
#8013 = PCURVE('',#7897,#8014);
#8014 = DEFINITIONAL_REPRESENTATION('',(#8015),#8019);
#8015 = LINE('',#8016,#8017);
#8016 = CARTESIAN_POINT('',(0.,0.));
#8017 = VECTOR('',#8018,1.);
#8018 = DIRECTION('',(0.,1.));
#8019 = ( GEOMETRIC_REPRESENTATION_CONTEXT(2) 
PARAMETRIC_REPRESENTATION_CONTEXT() REPRESENTATION_CONTEXT('2D SPACE',''
  ) );
#8020 = PCURVE('',#7815,#8021);
#8021 = DEFINITIONAL_REPRESENTATION('',(#8022),#8026);
#8022 = LINE('',#8023,#8024);
#8023 = CARTESIAN_POINT('',(0.,-2.75));
#8024 = VECTOR('',#8025,1.);
#8025 = DIRECTION('',(1.,0.));
#8026 = ( GEOMETRIC_REPRESENTATION_CONTEXT(2) 
PARAMETRIC_REPRESENTATION_CONTEXT() REPRESENTATION_CONTEXT('2D SPACE',''
  ) );
#8027 = ADVANCED_FACE('',(#8028),#7974,.T.);
#8028 = FACE_BOUND('',#8029,.T.);
#8029 = EDGE_LOOP('',(#8030,#8054,#8081,#8082));
#8030 = ORIENTED_EDGE('',*,*,#8031,.F.);
#8031 = EDGE_CURVE('',#8032,#8034,#8036,.T.);
#8032 = VERTEX_POINT('',#8033);
#8033 = CARTESIAN_POINT('',(7.25,20.,68.5));
#8034 = VERTEX_POINT('',#8035);
#8035 = CARTESIAN_POINT('',(7.5,20.,68.75));
#8036 = SURFACE_CURVE('',#8037,(#8042,#8048),.PCURVE_S1.);
#8037 = CIRCLE('',#8038,0.25);
#8038 = AXIS2_PLACEMENT_3D('',#8039,#8040,#8041);
#8039 = CARTESIAN_POINT('',(7.25,20.,68.75));
#8040 = DIRECTION('',(0.,-1.,0.));
#8041 = DIRECTION('',(0.,0.,-1.));
#8042 = PCURVE('',#7974,#8043);
#8043 = DEFINITIONAL_REPRESENTATION('',(#8044),#8047);
#8044 = B_SPLINE_CURVE_WITH_KNOTS('',1,(#8045,#8046),.UNSPECIFIED.,.F.,
  .F.,(2,2),(0.,1.570796326795),.PIECEWISE_BEZIER_KNOTS.);
#8045 = CARTESIAN_POINT('',(0.,0.));
#8046 = CARTESIAN_POINT('',(0.,1.570796326795));
#8047 = ( GEOMETRIC_REPRESENTATION_CONTEXT(2) 
PARAMETRIC_REPRESENTATION_CONTEXT() REPRESENTATION_CONTEXT('2D SPACE',''
  ) );
#8048 = PCURVE('',#7426,#8049);
#8049 = DEFINITIONAL_REPRESENTATION('',(#8050),#8053);
#8050 = B_SPLINE_CURVE_WITH_KNOTS('',1,(#8051,#8052),.UNSPECIFIED.,.F.,
  .F.,(2,2),(0.,1.570796326795),.PIECEWISE_BEZIER_KNOTS.);
#8051 = CARTESIAN_POINT('',(0.,0.5));
#8052 = CARTESIAN_POINT('',(-1.570796326795,0.5));
#8053 = ( GEOMETRIC_REPRESENTATION_CONTEXT(2) 
PARAMETRIC_REPRESENTATION_CONTEXT() REPRESENTATION_CONTEXT('2D SPACE',''
  ) );
#8054 = ORIENTED_EDGE('',*,*,#8055,.T.);
#8055 = EDGE_CURVE('',#8032,#7957,#8056,.T.);
#8056 = SURFACE_CURVE('',#8057,(#8062,#8069),.PCURVE_S1.);
#8057 = CIRCLE('',#8058,2.);
#8058 = AXIS2_PLACEMENT_3D('',#8059,#8060,#8061);
#8059 = CARTESIAN_POINT('',(7.25,20.,70.5));
#8060 = DIRECTION('',(1.,0.,0.));
#8061 = DIRECTION('',(0.,1.7763568394E-15,-1.));
#8062 = PCURVE('',#7974,#8063);
#8063 = DEFINITIONAL_REPRESENTATION('',(#8064),#8068);
#8064 = LINE('',#8065,#8066);
#8065 = CARTESIAN_POINT('',(0.,0.));
#8066 = VECTOR('',#8067,1.);
#8067 = DIRECTION('',(1.,0.));
#8068 = ( GEOMETRIC_REPRESENTATION_CONTEXT(2) 
PARAMETRIC_REPRESENTATION_CONTEXT() REPRESENTATION_CONTEXT('2D SPACE',''
  ) );
#8069 = PCURVE('',#8070,#8075);
#8070 = CYLINDRICAL_SURFACE('',#8071,2.);
#8071 = AXIS2_PLACEMENT_3D('',#8072,#8073,#8074);
#8072 = CARTESIAN_POINT('',(4.5,20.,70.5));
#8073 = DIRECTION('',(-1.,0.,0.));
#8074 = DIRECTION('',(0.,1.7763568394E-15,-1.));
#8075 = DEFINITIONAL_REPRESENTATION('',(#8076),#8080);
#8076 = LINE('',#8077,#8078);
#8077 = CARTESIAN_POINT('',(0.,-2.75));
#8078 = VECTOR('',#8079,1.);
#8079 = DIRECTION('',(-1.,0.));
#8080 = ( GEOMETRIC_REPRESENTATION_CONTEXT(2) 
PARAMETRIC_REPRESENTATION_CONTEXT() REPRESENTATION_CONTEXT('2D SPACE',''
  ) );
#8081 = ORIENTED_EDGE('',*,*,#7956,.T.);
#8082 = ORIENTED_EDGE('',*,*,#8083,.F.);
#8083 = EDGE_CURVE('',#8034,#7959,#8084,.T.);
#8084 = SURFACE_CURVE('',#8085,(#8090,#8097),.PCURVE_S1.);
#8085 = CIRCLE('',#8086,1.75);
#8086 = AXIS2_PLACEMENT_3D('',#8087,#8088,#8089);
#8087 = CARTESIAN_POINT('',(7.5,20.,70.5));
#8088 = DIRECTION('',(1.,0.,0.));
#8089 = DIRECTION('',(0.,1.7763568394E-15,-1.));
#8090 = PCURVE('',#7974,#8091);
#8091 = DEFINITIONAL_REPRESENTATION('',(#8092),#8096);
#8092 = LINE('',#8093,#8094);
#8093 = CARTESIAN_POINT('',(0.,1.570796326795));
#8094 = VECTOR('',#8095,1.);
#8095 = DIRECTION('',(1.,0.));
#8096 = ( GEOMETRIC_REPRESENTATION_CONTEXT(2) 
PARAMETRIC_REPRESENTATION_CONTEXT() REPRESENTATION_CONTEXT('2D SPACE',''
  ) );
#8097 = PCURVE('',#7628,#8098);
#8098 = DEFINITIONAL_REPRESENTATION('',(#8099),#8103);
#8099 = CIRCLE('',#8100,1.75);
#8100 = AXIS2_PLACEMENT_2D('',#8101,#8102);
#8101 = CARTESIAN_POINT('',(-1.5,0.579688902847));
#8102 = DIRECTION('',(-1.,-2.030122102172E-15));
#8103 = ( GEOMETRIC_REPRESENTATION_CONTEXT(2) 
PARAMETRIC_REPRESENTATION_CONTEXT() REPRESENTATION_CONTEXT('2D SPACE',''
  ) );
#8104 = ADVANCED_FACE('',(#8105),#8070,.T.);
#8105 = FACE_BOUND('',#8106,.F.);
#8106 = EDGE_LOOP('',(#8107,#8130,#8131,#8154));
#8107 = ORIENTED_EDGE('',*,*,#8108,.T.);
#8108 = EDGE_CURVE('',#8109,#8032,#8111,.T.);
#8109 = VERTEX_POINT('',#8110);
#8110 = CARTESIAN_POINT('',(4.75,20.,68.5));
#8111 = SURFACE_CURVE('',#8112,(#8116,#8123),.PCURVE_S1.);
#8112 = LINE('',#8113,#8114);
#8113 = CARTESIAN_POINT('',(4.5,20.,68.5));
#8114 = VECTOR('',#8115,1.);
#8115 = DIRECTION('',(1.,0.,0.));
#8116 = PCURVE('',#8070,#8117);
#8117 = DEFINITIONAL_REPRESENTATION('',(#8118),#8122);
#8118 = LINE('',#8119,#8120);
#8119 = CARTESIAN_POINT('',(0.,0.));
#8120 = VECTOR('',#8121,1.);
#8121 = DIRECTION('',(0.,-1.));
#8122 = ( GEOMETRIC_REPRESENTATION_CONTEXT(2) 
PARAMETRIC_REPRESENTATION_CONTEXT() REPRESENTATION_CONTEXT('2D SPACE',''
  ) );
#8123 = PCURVE('',#7456,#8124);
#8124 = DEFINITIONAL_REPRESENTATION('',(#8125),#8129);
#8125 = LINE('',#8126,#8127);
#8126 = CARTESIAN_POINT('',(0.5,0.));
#8127 = VECTOR('',#8128,1.);
#8128 = DIRECTION('',(0.,-1.));
#8129 = ( GEOMETRIC_REPRESENTATION_CONTEXT(2) 
PARAMETRIC_REPRESENTATION_CONTEXT() REPRESENTATION_CONTEXT('2D SPACE',''
  ) );
#8130 = ORIENTED_EDGE('',*,*,#8055,.T.);
#8131 = ORIENTED_EDGE('',*,*,#8132,.F.);
#8132 = EDGE_CURVE('',#8133,#7957,#8135,.T.);
#8133 = VERTEX_POINT('',#8134);
#8134 = CARTESIAN_POINT('',(4.75,22.,70.5));
#8135 = SURFACE_CURVE('',#8136,(#8140,#8147),.PCURVE_S1.);
#8136 = LINE('',#8137,#8138);
#8137 = CARTESIAN_POINT('',(4.5,22.,70.5));
#8138 = VECTOR('',#8139,1.);
#8139 = DIRECTION('',(1.,0.,0.));
#8140 = PCURVE('',#8070,#8141);
#8141 = DEFINITIONAL_REPRESENTATION('',(#8142),#8146);
#8142 = LINE('',#8143,#8144);
#8143 = CARTESIAN_POINT('',(-1.570796326795,0.));
#8144 = VECTOR('',#8145,1.);
#8145 = DIRECTION('',(0.,-1.));
#8146 = ( GEOMETRIC_REPRESENTATION_CONTEXT(2) 
PARAMETRIC_REPRESENTATION_CONTEXT() REPRESENTATION_CONTEXT('2D SPACE',''
  ) );
#8147 = PCURVE('',#7815,#8148);
#8148 = DEFINITIONAL_REPRESENTATION('',(#8149),#8153);
#8149 = LINE('',#8150,#8151);
#8150 = CARTESIAN_POINT('',(0.,0.));
#8151 = VECTOR('',#8152,1.);
#8152 = DIRECTION('',(0.,-1.));
#8153 = ( GEOMETRIC_REPRESENTATION_CONTEXT(2) 
PARAMETRIC_REPRESENTATION_CONTEXT() REPRESENTATION_CONTEXT('2D SPACE',''
  ) );
#8154 = ORIENTED_EDGE('',*,*,#8155,.F.);
#8155 = EDGE_CURVE('',#8109,#8133,#8156,.T.);
#8156 = SURFACE_CURVE('',#8157,(#8162,#8169),.PCURVE_S1.);
#8157 = CIRCLE('',#8158,2.);
#8158 = AXIS2_PLACEMENT_3D('',#8159,#8160,#8161);
#8159 = CARTESIAN_POINT('',(4.75,20.,70.5));
#8160 = DIRECTION('',(1.,0.,0.));
#8161 = DIRECTION('',(0.,1.7763568394E-15,-1.));
#8162 = PCURVE('',#8070,#8163);
#8163 = DEFINITIONAL_REPRESENTATION('',(#8164),#8168);
#8164 = LINE('',#8165,#8166);
#8165 = CARTESIAN_POINT('',(0.,-0.25));
#8166 = VECTOR('',#8167,1.);
#8167 = DIRECTION('',(-1.,0.));
#8168 = ( GEOMETRIC_REPRESENTATION_CONTEXT(2) 
PARAMETRIC_REPRESENTATION_CONTEXT() REPRESENTATION_CONTEXT('2D SPACE',''
  ) );
#8169 = PCURVE('',#8170,#8175);
#8170 = TOROIDAL_SURFACE('',#8171,1.75,0.25);
#8171 = AXIS2_PLACEMENT_3D('',#8172,#8173,#8174);
#8172 = CARTESIAN_POINT('',(4.75,20.,70.5));
#8173 = DIRECTION('',(-1.,0.,0.));
#8174 = DIRECTION('',(0.,1.7763568394E-15,-1.));
#8175 = DEFINITIONAL_REPRESENTATION('',(#8176),#8180);
#8176 = LINE('',#8177,#8178);
#8177 = CARTESIAN_POINT('',(0.,0.));
#8178 = VECTOR('',#8179,1.);
#8179 = DIRECTION('',(-1.,0.));
#8180 = ( GEOMETRIC_REPRESENTATION_CONTEXT(2) 
PARAMETRIC_REPRESENTATION_CONTEXT() REPRESENTATION_CONTEXT('2D SPACE',''
  ) );
#8181 = ADVANCED_FACE('',(#8182),#8170,.T.);
#8182 = FACE_BOUND('',#8183,.F.);
#8183 = EDGE_LOOP('',(#8184,#8206,#8207,#8229));
#8184 = ORIENTED_EDGE('',*,*,#8185,.F.);
#8185 = EDGE_CURVE('',#8109,#8186,#8188,.T.);
#8186 = VERTEX_POINT('',#8187);
#8187 = CARTESIAN_POINT('',(4.5,20.,68.75));
#8188 = SURFACE_CURVE('',#8189,(#8194,#8200),.PCURVE_S1.);
#8189 = CIRCLE('',#8190,0.25);
#8190 = AXIS2_PLACEMENT_3D('',#8191,#8192,#8193);
#8191 = CARTESIAN_POINT('',(4.75,20.,68.75));
#8192 = DIRECTION('',(0.,1.,0.));
#8193 = DIRECTION('',(0.,0.,-1.));
#8194 = PCURVE('',#8170,#8195);
#8195 = DEFINITIONAL_REPRESENTATION('',(#8196),#8199);
#8196 = B_SPLINE_CURVE_WITH_KNOTS('',1,(#8197,#8198),.UNSPECIFIED.,.F.,
  .F.,(2,2),(0.,1.570796326795),.PIECEWISE_BEZIER_KNOTS.);
#8197 = CARTESIAN_POINT('',(0.,0.));
#8198 = CARTESIAN_POINT('',(0.,1.570796326795));
#8199 = ( GEOMETRIC_REPRESENTATION_CONTEXT(2) 
PARAMETRIC_REPRESENTATION_CONTEXT() REPRESENTATION_CONTEXT('2D SPACE',''
  ) );
#8200 = PCURVE('',#7484,#8201);
#8201 = DEFINITIONAL_REPRESENTATION('',(#8202),#8205);
#8202 = B_SPLINE_CURVE_WITH_KNOTS('',1,(#8203,#8204),.UNSPECIFIED.,.F.,
  .F.,(2,2),(0.,1.570796326795),.PIECEWISE_BEZIER_KNOTS.);
#8203 = CARTESIAN_POINT('',(0.,0.5));
#8204 = CARTESIAN_POINT('',(1.570796326795,0.5));
#8205 = ( GEOMETRIC_REPRESENTATION_CONTEXT(2) 
PARAMETRIC_REPRESENTATION_CONTEXT() REPRESENTATION_CONTEXT('2D SPACE',''
  ) );
#8206 = ORIENTED_EDGE('',*,*,#8155,.T.);
#8207 = ORIENTED_EDGE('',*,*,#8208,.T.);
#8208 = EDGE_CURVE('',#8133,#8209,#8211,.T.);
#8209 = VERTEX_POINT('',#8210);
#8210 = CARTESIAN_POINT('',(4.5,21.75,70.5));
#8211 = SURFACE_CURVE('',#8212,(#8217,#8223),.PCURVE_S1.);
#8212 = CIRCLE('',#8213,0.25);
#8213 = AXIS2_PLACEMENT_3D('',#8214,#8215,#8216);
#8214 = CARTESIAN_POINT('',(4.75,21.75,70.5));
#8215 = DIRECTION('',(0.,6.123233995737E-17,1.));
#8216 = DIRECTION('',(0.,1.,-6.123233995737E-17));
#8217 = PCURVE('',#8170,#8218);
#8218 = DEFINITIONAL_REPRESENTATION('',(#8219),#8222);
#8219 = B_SPLINE_CURVE_WITH_KNOTS('',1,(#8220,#8221),.UNSPECIFIED.,.F.,
  .F.,(2,2),(0.,1.570796326795),.PIECEWISE_BEZIER_KNOTS.);
#8220 = CARTESIAN_POINT('',(-1.570796326795,0.));
#8221 = CARTESIAN_POINT('',(-1.570796326795,1.570796326795));
#8222 = ( GEOMETRIC_REPRESENTATION_CONTEXT(2) 
PARAMETRIC_REPRESENTATION_CONTEXT() REPRESENTATION_CONTEXT('2D SPACE',''
  ) );
#8223 = PCURVE('',#7735,#8224);
#8224 = DEFINITIONAL_REPRESENTATION('',(#8225),#8228);
#8225 = B_SPLINE_CURVE_WITH_KNOTS('',1,(#8226,#8227),.UNSPECIFIED.,.F.,
  .F.,(2,2),(0.,1.570796326795),.PIECEWISE_BEZIER_KNOTS.);
#8226 = CARTESIAN_POINT('',(0.,0.));
#8227 = CARTESIAN_POINT('',(1.570796326795,0.));
#8228 = ( GEOMETRIC_REPRESENTATION_CONTEXT(2) 
PARAMETRIC_REPRESENTATION_CONTEXT() REPRESENTATION_CONTEXT('2D SPACE',''
  ) );
#8229 = ORIENTED_EDGE('',*,*,#8230,.F.);
#8230 = EDGE_CURVE('',#8186,#8209,#8231,.T.);
#8231 = SURFACE_CURVE('',#8232,(#8237,#8244),.PCURVE_S1.);
#8232 = CIRCLE('',#8233,1.75);
#8233 = AXIS2_PLACEMENT_3D('',#8234,#8235,#8236);
#8234 = CARTESIAN_POINT('',(4.5,20.,70.5));
#8235 = DIRECTION('',(1.,0.,0.));
#8236 = DIRECTION('',(0.,1.7763568394E-15,-1.));
#8237 = PCURVE('',#8170,#8238);
#8238 = DEFINITIONAL_REPRESENTATION('',(#8239),#8243);
#8239 = LINE('',#8240,#8241);
#8240 = CARTESIAN_POINT('',(0.,1.570796326795));
#8241 = VECTOR('',#8242,1.);
#8242 = DIRECTION('',(-1.,0.));
#8243 = ( GEOMETRIC_REPRESENTATION_CONTEXT(2) 
PARAMETRIC_REPRESENTATION_CONTEXT() REPRESENTATION_CONTEXT('2D SPACE',''
  ) );
#8244 = PCURVE('',#7514,#8245);
#8245 = DEFINITIONAL_REPRESENTATION('',(#8246),#8250);
#8246 = CIRCLE('',#8247,1.75);
#8247 = AXIS2_PLACEMENT_2D('',#8248,#8249);
#8248 = CARTESIAN_POINT('',(-1.5,0.579688902847));
#8249 = DIRECTION('',(-1.,-2.030122102172E-15));
#8250 = ( GEOMETRIC_REPRESENTATION_CONTEXT(2) 
PARAMETRIC_REPRESENTATION_CONTEXT() REPRESENTATION_CONTEXT('2D SPACE',''
  ) );
#8251 = ADVANCED_FACE('',(#8252),#7815,.F.);
#8252 = FACE_BOUND('',#8253,.F.);
#8253 = EDGE_LOOP('',(#8254,#8255,#8256,#8257));
#8254 = ORIENTED_EDGE('',*,*,#8132,.T.);
#8255 = ORIENTED_EDGE('',*,*,#8007,.T.);
#8256 = ORIENTED_EDGE('',*,*,#7799,.F.);
#8257 = ORIENTED_EDGE('',*,*,#8258,.F.);
#8258 = EDGE_CURVE('',#8133,#7718,#8259,.T.);
#8259 = SURFACE_CURVE('',#8260,(#8264,#8271),.PCURVE_S1.);
#8260 = LINE('',#8261,#8262);
#8261 = CARTESIAN_POINT('',(4.75,22.,70.5));
#8262 = VECTOR('',#8263,1.);
#8263 = DIRECTION('',(0.,0.,1.));
#8264 = PCURVE('',#7815,#8265);
#8265 = DEFINITIONAL_REPRESENTATION('',(#8266),#8270);
#8266 = LINE('',#8267,#8268);
#8267 = CARTESIAN_POINT('',(0.,-0.25));
#8268 = VECTOR('',#8269,1.);
#8269 = DIRECTION('',(1.,0.));
#8270 = ( GEOMETRIC_REPRESENTATION_CONTEXT(2) 
PARAMETRIC_REPRESENTATION_CONTEXT() REPRESENTATION_CONTEXT('2D SPACE',''
  ) );
#8271 = PCURVE('',#7735,#8272);
#8272 = DEFINITIONAL_REPRESENTATION('',(#8273),#8277);
#8273 = LINE('',#8274,#8275);
#8274 = CARTESIAN_POINT('',(0.,0.));
#8275 = VECTOR('',#8276,1.);
#8276 = DIRECTION('',(0.,1.));
#8277 = ( GEOMETRIC_REPRESENTATION_CONTEXT(2) 
PARAMETRIC_REPRESENTATION_CONTEXT() REPRESENTATION_CONTEXT('2D SPACE',''
  ) );
#8278 = ADVANCED_FACE('',(#8279),#7735,.T.);
#8279 = FACE_BOUND('',#8280,.T.);
#8280 = EDGE_LOOP('',(#8281,#8282,#8303,#8304));
#8281 = ORIENTED_EDGE('',*,*,#8208,.T.);
#8282 = ORIENTED_EDGE('',*,*,#8283,.T.);
#8283 = EDGE_CURVE('',#8209,#7720,#8284,.T.);
#8284 = SURFACE_CURVE('',#8285,(#8289,#8296),.PCURVE_S1.);
#8285 = LINE('',#8286,#8287);
#8286 = CARTESIAN_POINT('',(4.5,21.75,70.5));
#8287 = VECTOR('',#8288,1.);
#8288 = DIRECTION('',(0.,0.,1.));
#8289 = PCURVE('',#7735,#8290);
#8290 = DEFINITIONAL_REPRESENTATION('',(#8291),#8295);
#8291 = LINE('',#8292,#8293);
#8292 = CARTESIAN_POINT('',(1.570796326795,0.));
#8293 = VECTOR('',#8294,1.);
#8294 = DIRECTION('',(0.,1.));
#8295 = ( GEOMETRIC_REPRESENTATION_CONTEXT(2) 
PARAMETRIC_REPRESENTATION_CONTEXT() REPRESENTATION_CONTEXT('2D SPACE',''
  ) );
#8296 = PCURVE('',#7514,#8297);
#8297 = DEFINITIONAL_REPRESENTATION('',(#8298),#8302);
#8298 = LINE('',#8299,#8300);
#8299 = CARTESIAN_POINT('',(-1.5,-1.170311097153));
#8300 = VECTOR('',#8301,1.);
#8301 = DIRECTION('',(1.,0.));
#8302 = ( GEOMETRIC_REPRESENTATION_CONTEXT(2) 
PARAMETRIC_REPRESENTATION_CONTEXT() REPRESENTATION_CONTEXT('2D SPACE',''
  ) );
#8303 = ORIENTED_EDGE('',*,*,#7717,.F.);
#8304 = ORIENTED_EDGE('',*,*,#8258,.F.);
#8305 = ADVANCED_FACE('',(#8306),#7572,.F.);
#8306 = FACE_BOUND('',#8307,.F.);
#8307 = EDGE_LOOP('',(#8308,#8309,#8310,#8331));
#8308 = ORIENTED_EDGE('',*,*,#7642,.F.);
#8309 = ORIENTED_EDGE('',*,*,#7856,.T.);
#8310 = ORIENTED_EDGE('',*,*,#8311,.T.);
#8311 = EDGE_CURVE('',#7828,#7558,#8312,.T.);
#8312 = SURFACE_CURVE('',#8313,(#8317,#8324),.PCURVE_S1.);
#8313 = LINE('',#8314,#8315);
#8314 = CARTESIAN_POINT('',(7.25,20.,75.5));
#8315 = VECTOR('',#8316,1.);
#8316 = DIRECTION('',(0.,-1.,0.));
#8317 = PCURVE('',#7572,#8318);
#8318 = DEFINITIONAL_REPRESENTATION('',(#8319),#8323);
#8319 = LINE('',#8320,#8321);
#8320 = CARTESIAN_POINT('',(0.,-2.75));
#8321 = VECTOR('',#8322,1.);
#8322 = DIRECTION('',(1.,0.));
#8323 = ( GEOMETRIC_REPRESENTATION_CONTEXT(2) 
PARAMETRIC_REPRESENTATION_CONTEXT() REPRESENTATION_CONTEXT('2D SPACE',''
  ) );
#8324 = PCURVE('',#7600,#8325);
#8325 = DEFINITIONAL_REPRESENTATION('',(#8326),#8330);
#8326 = LINE('',#8327,#8328);
#8327 = CARTESIAN_POINT('',(0.,0.));
#8328 = VECTOR('',#8329,1.);
#8329 = DIRECTION('',(0.,1.));
#8330 = ( GEOMETRIC_REPRESENTATION_CONTEXT(2) 
PARAMETRIC_REPRESENTATION_CONTEXT() REPRESENTATION_CONTEXT('2D SPACE',''
  ) );
#8331 = ORIENTED_EDGE('',*,*,#7557,.F.);
#8332 = ADVANCED_FACE('',(#8333),#7514,.F.);
#8333 = FACE_BOUND('',#8334,.F.);
#8334 = EDGE_LOOP('',(#8335,#8336,#8337,#8358,#8359,#8360));
#8335 = ORIENTED_EDGE('',*,*,#7692,.T.);
#8336 = ORIENTED_EDGE('',*,*,#7499,.F.);
#8337 = ORIENTED_EDGE('',*,*,#8338,.T.);
#8338 = EDGE_CURVE('',#7468,#8186,#8339,.T.);
#8339 = SURFACE_CURVE('',#8340,(#8344,#8351),.PCURVE_S1.);
#8340 = LINE('',#8341,#8342);
#8341 = CARTESIAN_POINT('',(4.5,19.5,68.75));
#8342 = VECTOR('',#8343,1.);
#8343 = DIRECTION('',(0.,1.,0.));
#8344 = PCURVE('',#7514,#8345);
#8345 = DEFINITIONAL_REPRESENTATION('',(#8346),#8350);
#8346 = LINE('',#8347,#8348);
#8347 = CARTESIAN_POINT('',(-3.25,1.079688902847));
#8348 = VECTOR('',#8349,1.);
#8349 = DIRECTION('',(0.,-1.));
#8350 = ( GEOMETRIC_REPRESENTATION_CONTEXT(2) 
PARAMETRIC_REPRESENTATION_CONTEXT() REPRESENTATION_CONTEXT('2D SPACE',''
  ) );
#8351 = PCURVE('',#7484,#8352);
#8352 = DEFINITIONAL_REPRESENTATION('',(#8353),#8357);
#8353 = LINE('',#8354,#8355);
#8354 = CARTESIAN_POINT('',(1.570796326795,0.));
#8355 = VECTOR('',#8356,1.);
#8356 = DIRECTION('',(0.,1.));
#8357 = ( GEOMETRIC_REPRESENTATION_CONTEXT(2) 
PARAMETRIC_REPRESENTATION_CONTEXT() REPRESENTATION_CONTEXT('2D SPACE',''
  ) );
#8358 = ORIENTED_EDGE('',*,*,#8230,.T.);
#8359 = ORIENTED_EDGE('',*,*,#8283,.T.);
#8360 = ORIENTED_EDGE('',*,*,#7774,.T.);
#8361 = ADVANCED_FACE('',(#8362),#7600,.T.);
#8362 = FACE_BOUND('',#8363,.F.);
#8363 = EDGE_LOOP('',(#8364,#8365,#8366,#8387));
#8364 = ORIENTED_EDGE('',*,*,#8311,.F.);
#8365 = ORIENTED_EDGE('',*,*,#7909,.T.);
#8366 = ORIENTED_EDGE('',*,*,#8367,.T.);
#8367 = EDGE_CURVE('',#7910,#7584,#8368,.T.);
#8368 = SURFACE_CURVE('',#8369,(#8373,#8380),.PCURVE_S1.);
#8369 = LINE('',#8370,#8371);
#8370 = CARTESIAN_POINT('',(7.5,20.,75.25));
#8371 = VECTOR('',#8372,1.);
#8372 = DIRECTION('',(0.,-1.,0.));
#8373 = PCURVE('',#7600,#8374);
#8374 = DEFINITIONAL_REPRESENTATION('',(#8375),#8379);
#8375 = LINE('',#8376,#8377);
#8376 = CARTESIAN_POINT('',(-1.570796326795,0.));
#8377 = VECTOR('',#8378,1.);
#8378 = DIRECTION('',(0.,1.));
#8379 = ( GEOMETRIC_REPRESENTATION_CONTEXT(2) 
PARAMETRIC_REPRESENTATION_CONTEXT() REPRESENTATION_CONTEXT('2D SPACE',''
  ) );
#8380 = PCURVE('',#7628,#8381);
#8381 = DEFINITIONAL_REPRESENTATION('',(#8382),#8386);
#8382 = LINE('',#8383,#8384);
#8383 = CARTESIAN_POINT('',(3.25,0.579688902847));
#8384 = VECTOR('',#8385,1.);
#8385 = DIRECTION('',(0.,1.));
#8386 = ( GEOMETRIC_REPRESENTATION_CONTEXT(2) 
PARAMETRIC_REPRESENTATION_CONTEXT() REPRESENTATION_CONTEXT('2D SPACE',''
  ) );
#8387 = ORIENTED_EDGE('',*,*,#7583,.T.);
#8388 = ADVANCED_FACE('',(#8389),#7484,.T.);
#8389 = FACE_BOUND('',#8390,.T.);
#8390 = EDGE_LOOP('',(#8391,#8412,#8413,#8414));
#8391 = ORIENTED_EDGE('',*,*,#8392,.F.);
#8392 = EDGE_CURVE('',#7442,#8109,#8393,.T.);
#8393 = SURFACE_CURVE('',#8394,(#8398,#8405),.PCURVE_S1.);
#8394 = LINE('',#8395,#8396);
#8395 = CARTESIAN_POINT('',(4.75,19.5,68.5));
#8396 = VECTOR('',#8397,1.);
#8397 = DIRECTION('',(0.,1.,0.));
#8398 = PCURVE('',#7484,#8399);
#8399 = DEFINITIONAL_REPRESENTATION('',(#8400),#8404);
#8400 = LINE('',#8401,#8402);
#8401 = CARTESIAN_POINT('',(0.,0.));
#8402 = VECTOR('',#8403,1.);
#8403 = DIRECTION('',(0.,1.));
#8404 = ( GEOMETRIC_REPRESENTATION_CONTEXT(2) 
PARAMETRIC_REPRESENTATION_CONTEXT() REPRESENTATION_CONTEXT('2D SPACE',''
  ) );
#8405 = PCURVE('',#7456,#8406);
#8406 = DEFINITIONAL_REPRESENTATION('',(#8407),#8411);
#8407 = LINE('',#8408,#8409);
#8408 = CARTESIAN_POINT('',(0.,-0.25));
#8409 = VECTOR('',#8410,1.);
#8410 = DIRECTION('',(1.,0.));
#8411 = ( GEOMETRIC_REPRESENTATION_CONTEXT(2) 
PARAMETRIC_REPRESENTATION_CONTEXT() REPRESENTATION_CONTEXT('2D SPACE',''
  ) );
#8412 = ORIENTED_EDGE('',*,*,#7467,.F.);
#8413 = ORIENTED_EDGE('',*,*,#8338,.T.);
#8414 = ORIENTED_EDGE('',*,*,#8185,.F.);
#8415 = ADVANCED_FACE('',(#8416),#7628,.T.);
#8416 = FACE_BOUND('',#8417,.T.);
#8417 = EDGE_LOOP('',(#8418,#8419,#8420,#8441,#8442,#8443));
#8418 = ORIENTED_EDGE('',*,*,#8367,.T.);
#8419 = ORIENTED_EDGE('',*,*,#7615,.F.);
#8420 = ORIENTED_EDGE('',*,*,#8421,.T.);
#8421 = EDGE_CURVE('',#7410,#8034,#8422,.T.);
#8422 = SURFACE_CURVE('',#8423,(#8427,#8434),.PCURVE_S1.);
#8423 = LINE('',#8424,#8425);
#8424 = CARTESIAN_POINT('',(7.5,19.5,68.75));
#8425 = VECTOR('',#8426,1.);
#8426 = DIRECTION('',(0.,1.,0.));
#8427 = PCURVE('',#7628,#8428);
#8428 = DEFINITIONAL_REPRESENTATION('',(#8429),#8433);
#8429 = LINE('',#8430,#8431);
#8430 = CARTESIAN_POINT('',(-3.25,1.079688902847));
#8431 = VECTOR('',#8432,1.);
#8432 = DIRECTION('',(0.,-1.));
#8433 = ( GEOMETRIC_REPRESENTATION_CONTEXT(2) 
PARAMETRIC_REPRESENTATION_CONTEXT() REPRESENTATION_CONTEXT('2D SPACE',''
  ) );
#8434 = PCURVE('',#7426,#8435);
#8435 = DEFINITIONAL_REPRESENTATION('',(#8436),#8440);
#8436 = LINE('',#8437,#8438);
#8437 = CARTESIAN_POINT('',(-1.570796326795,0.));
#8438 = VECTOR('',#8439,1.);
#8439 = DIRECTION('',(0.,1.));
#8440 = ( GEOMETRIC_REPRESENTATION_CONTEXT(2) 
PARAMETRIC_REPRESENTATION_CONTEXT() REPRESENTATION_CONTEXT('2D SPACE',''
  ) );
#8441 = ORIENTED_EDGE('',*,*,#8083,.T.);
#8442 = ORIENTED_EDGE('',*,*,#7985,.T.);
#8443 = ORIENTED_EDGE('',*,*,#7931,.T.);
#8444 = ADVANCED_FACE('',(#8445),#7456,.F.);
#8445 = FACE_BOUND('',#8446,.F.);
#8446 = EDGE_LOOP('',(#8447,#8448,#8449,#8470));
#8447 = ORIENTED_EDGE('',*,*,#8392,.F.);
#8448 = ORIENTED_EDGE('',*,*,#7441,.F.);
#8449 = ORIENTED_EDGE('',*,*,#8450,.T.);
#8450 = EDGE_CURVE('',#7408,#8032,#8451,.T.);
#8451 = SURFACE_CURVE('',#8452,(#8456,#8463),.PCURVE_S1.);
#8452 = LINE('',#8453,#8454);
#8453 = CARTESIAN_POINT('',(7.25,19.5,68.5));
#8454 = VECTOR('',#8455,1.);
#8455 = DIRECTION('',(0.,1.,0.));
#8456 = PCURVE('',#7456,#8457);
#8457 = DEFINITIONAL_REPRESENTATION('',(#8458),#8462);
#8458 = LINE('',#8459,#8460);
#8459 = CARTESIAN_POINT('',(0.,-2.75));
#8460 = VECTOR('',#8461,1.);
#8461 = DIRECTION('',(1.,0.));
#8462 = ( GEOMETRIC_REPRESENTATION_CONTEXT(2) 
PARAMETRIC_REPRESENTATION_CONTEXT() REPRESENTATION_CONTEXT('2D SPACE',''
  ) );
#8463 = PCURVE('',#7426,#8464);
#8464 = DEFINITIONAL_REPRESENTATION('',(#8465),#8469);
#8465 = LINE('',#8466,#8467);
#8466 = CARTESIAN_POINT('',(0.,0.));
#8467 = VECTOR('',#8468,1.);
#8468 = DIRECTION('',(0.,1.));
#8469 = ( GEOMETRIC_REPRESENTATION_CONTEXT(2) 
PARAMETRIC_REPRESENTATION_CONTEXT() REPRESENTATION_CONTEXT('2D SPACE',''
  ) );
#8470 = ORIENTED_EDGE('',*,*,#8108,.F.);
#8471 = ADVANCED_FACE('',(#8472),#7426,.T.);
#8472 = FACE_BOUND('',#8473,.F.);
#8473 = EDGE_LOOP('',(#8474,#8475,#8476,#8477));
#8474 = ORIENTED_EDGE('',*,*,#8450,.F.);
#8475 = ORIENTED_EDGE('',*,*,#7407,.T.);
#8476 = ORIENTED_EDGE('',*,*,#8421,.T.);
#8477 = ORIENTED_EDGE('',*,*,#8031,.F.);
#8478 = ADVANCED_FACE('',(#8479),#7222,.F.);
#8479 = FACE_BOUND('',#8480,.F.);
#8480 = EDGE_LOOP('',(#8481,#8504,#8505,#8528));
#8481 = ORIENTED_EDGE('',*,*,#8482,.F.);
#8482 = EDGE_CURVE('',#7208,#8483,#8485,.T.);
#8483 = VERTEX_POINT('',#8484);
#8484 = CARTESIAN_POINT('',(23.75,20.,68.5));
#8485 = SURFACE_CURVE('',#8486,(#8490,#8497),.PCURVE_S1.);
#8486 = LINE('',#8487,#8488);
#8487 = CARTESIAN_POINT('',(23.75,19.5,68.5));
#8488 = VECTOR('',#8489,1.);
#8489 = DIRECTION('',(0.,1.,0.));
#8490 = PCURVE('',#7222,#8491);
#8491 = DEFINITIONAL_REPRESENTATION('',(#8492),#8496);
#8492 = LINE('',#8493,#8494);
#8493 = CARTESIAN_POINT('',(0.,-0.25));
#8494 = VECTOR('',#8495,1.);
#8495 = DIRECTION('',(1.,0.));
#8496 = ( GEOMETRIC_REPRESENTATION_CONTEXT(2) 
PARAMETRIC_REPRESENTATION_CONTEXT() REPRESENTATION_CONTEXT('2D SPACE',''
  ) );
#8497 = PCURVE('',#7250,#8498);
#8498 = DEFINITIONAL_REPRESENTATION('',(#8499),#8503);
#8499 = LINE('',#8500,#8501);
#8500 = CARTESIAN_POINT('',(0.,0.));
#8501 = VECTOR('',#8502,1.);
#8502 = DIRECTION('',(0.,1.));
#8503 = ( GEOMETRIC_REPRESENTATION_CONTEXT(2) 
PARAMETRIC_REPRESENTATION_CONTEXT() REPRESENTATION_CONTEXT('2D SPACE',''
  ) );
#8504 = ORIENTED_EDGE('',*,*,#7207,.F.);
#8505 = ORIENTED_EDGE('',*,*,#8506,.T.);
#8506 = EDGE_CURVE('',#7174,#8507,#8509,.T.);
#8507 = VERTEX_POINT('',#8508);
#8508 = CARTESIAN_POINT('',(26.25,20.,68.5));
#8509 = SURFACE_CURVE('',#8510,(#8514,#8521),.PCURVE_S1.);
#8510 = LINE('',#8511,#8512);
#8511 = CARTESIAN_POINT('',(26.25,19.5,68.5));
#8512 = VECTOR('',#8513,1.);
#8513 = DIRECTION('',(0.,1.,0.));
#8514 = PCURVE('',#7222,#8515);
#8515 = DEFINITIONAL_REPRESENTATION('',(#8516),#8520);
#8516 = LINE('',#8517,#8518);
#8517 = CARTESIAN_POINT('',(0.,-2.75));
#8518 = VECTOR('',#8519,1.);
#8519 = DIRECTION('',(1.,0.));
#8520 = ( GEOMETRIC_REPRESENTATION_CONTEXT(2) 
PARAMETRIC_REPRESENTATION_CONTEXT() REPRESENTATION_CONTEXT('2D SPACE',''
  ) );
#8521 = PCURVE('',#7192,#8522);
#8522 = DEFINITIONAL_REPRESENTATION('',(#8523),#8527);
#8523 = LINE('',#8524,#8525);
#8524 = CARTESIAN_POINT('',(0.,0.));
#8525 = VECTOR('',#8526,1.);
#8526 = DIRECTION('',(0.,1.));
#8527 = ( GEOMETRIC_REPRESENTATION_CONTEXT(2) 
PARAMETRIC_REPRESENTATION_CONTEXT() REPRESENTATION_CONTEXT('2D SPACE',''
  ) );
#8528 = ORIENTED_EDGE('',*,*,#8529,.F.);
#8529 = EDGE_CURVE('',#8483,#8507,#8530,.T.);
#8530 = SURFACE_CURVE('',#8531,(#8535,#8542),.PCURVE_S1.);
#8531 = LINE('',#8532,#8533);
#8532 = CARTESIAN_POINT('',(23.5,20.,68.5));
#8533 = VECTOR('',#8534,1.);
#8534 = DIRECTION('',(1.,0.,0.));
#8535 = PCURVE('',#7222,#8536);
#8536 = DEFINITIONAL_REPRESENTATION('',(#8537),#8541);
#8537 = LINE('',#8538,#8539);
#8538 = CARTESIAN_POINT('',(0.5,0.));
#8539 = VECTOR('',#8540,1.);
#8540 = DIRECTION('',(0.,-1.));
#8541 = ( GEOMETRIC_REPRESENTATION_CONTEXT(2) 
PARAMETRIC_REPRESENTATION_CONTEXT() REPRESENTATION_CONTEXT('2D SPACE',''
  ) );
#8542 = PCURVE('',#8543,#8548);
#8543 = CYLINDRICAL_SURFACE('',#8544,2.);
#8544 = AXIS2_PLACEMENT_3D('',#8545,#8546,#8547);
#8545 = CARTESIAN_POINT('',(23.5,20.,70.5));
#8546 = DIRECTION('',(-1.,0.,0.));
#8547 = DIRECTION('',(0.,1.7763568394E-15,-1.));
#8548 = DEFINITIONAL_REPRESENTATION('',(#8549),#8553);
#8549 = LINE('',#8550,#8551);
#8550 = CARTESIAN_POINT('',(0.,0.));
#8551 = VECTOR('',#8552,1.);
#8552 = DIRECTION('',(0.,-1.));
#8553 = ( GEOMETRIC_REPRESENTATION_CONTEXT(2) 
PARAMETRIC_REPRESENTATION_CONTEXT() REPRESENTATION_CONTEXT('2D SPACE',''
  ) );
#8554 = ADVANCED_FACE('',(#8555),#8543,.T.);
#8555 = FACE_BOUND('',#8556,.F.);
#8556 = EDGE_LOOP('',(#8557,#8558,#8587,#8615));
#8557 = ORIENTED_EDGE('',*,*,#8529,.T.);
#8558 = ORIENTED_EDGE('',*,*,#8559,.T.);
#8559 = EDGE_CURVE('',#8507,#8560,#8562,.T.);
#8560 = VERTEX_POINT('',#8561);
#8561 = CARTESIAN_POINT('',(26.25,22.,70.5));
#8562 = SURFACE_CURVE('',#8563,(#8568,#8575),.PCURVE_S1.);
#8563 = CIRCLE('',#8564,2.);
#8564 = AXIS2_PLACEMENT_3D('',#8565,#8566,#8567);
#8565 = CARTESIAN_POINT('',(26.25,20.,70.5));
#8566 = DIRECTION('',(1.,0.,0.));
#8567 = DIRECTION('',(0.,1.7763568394E-15,-1.));
#8568 = PCURVE('',#8543,#8569);
#8569 = DEFINITIONAL_REPRESENTATION('',(#8570),#8574);
#8570 = LINE('',#8571,#8572);
#8571 = CARTESIAN_POINT('',(0.,-2.75));
#8572 = VECTOR('',#8573,1.);
#8573 = DIRECTION('',(-1.,0.));
#8574 = ( GEOMETRIC_REPRESENTATION_CONTEXT(2) 
PARAMETRIC_REPRESENTATION_CONTEXT() REPRESENTATION_CONTEXT('2D SPACE',''
  ) );
#8575 = PCURVE('',#8576,#8581);
#8576 = TOROIDAL_SURFACE('',#8577,1.75,0.25);
#8577 = AXIS2_PLACEMENT_3D('',#8578,#8579,#8580);
#8578 = CARTESIAN_POINT('',(26.25,20.,70.5));
#8579 = DIRECTION('',(1.,0.,0.));
#8580 = DIRECTION('',(0.,1.7763568394E-15,-1.));
#8581 = DEFINITIONAL_REPRESENTATION('',(#8582),#8586);
#8582 = LINE('',#8583,#8584);
#8583 = CARTESIAN_POINT('',(0.,0.));
#8584 = VECTOR('',#8585,1.);
#8585 = DIRECTION('',(1.,0.));
#8586 = ( GEOMETRIC_REPRESENTATION_CONTEXT(2) 
PARAMETRIC_REPRESENTATION_CONTEXT() REPRESENTATION_CONTEXT('2D SPACE',''
  ) );
#8587 = ORIENTED_EDGE('',*,*,#8588,.F.);
#8588 = EDGE_CURVE('',#8589,#8560,#8591,.T.);
#8589 = VERTEX_POINT('',#8590);
#8590 = CARTESIAN_POINT('',(23.75,22.,70.5));
#8591 = SURFACE_CURVE('',#8592,(#8596,#8603),.PCURVE_S1.);
#8592 = LINE('',#8593,#8594);
#8593 = CARTESIAN_POINT('',(23.5,22.,70.5));
#8594 = VECTOR('',#8595,1.);
#8595 = DIRECTION('',(1.,0.,0.));
#8596 = PCURVE('',#8543,#8597);
#8597 = DEFINITIONAL_REPRESENTATION('',(#8598),#8602);
#8598 = LINE('',#8599,#8600);
#8599 = CARTESIAN_POINT('',(-1.570796326795,0.));
#8600 = VECTOR('',#8601,1.);
#8601 = DIRECTION('',(0.,-1.));
#8602 = ( GEOMETRIC_REPRESENTATION_CONTEXT(2) 
PARAMETRIC_REPRESENTATION_CONTEXT() REPRESENTATION_CONTEXT('2D SPACE',''
  ) );
#8603 = PCURVE('',#8604,#8609);
#8604 = PLANE('',#8605);
#8605 = AXIS2_PLACEMENT_3D('',#8606,#8607,#8608);
#8606 = CARTESIAN_POINT('',(23.5,22.,70.5));
#8607 = DIRECTION('',(0.,-1.,0.));
#8608 = DIRECTION('',(0.,0.,1.));
#8609 = DEFINITIONAL_REPRESENTATION('',(#8610),#8614);
#8610 = LINE('',#8611,#8612);
#8611 = CARTESIAN_POINT('',(0.,0.));
#8612 = VECTOR('',#8613,1.);
#8613 = DIRECTION('',(0.,-1.));
#8614 = ( GEOMETRIC_REPRESENTATION_CONTEXT(2) 
PARAMETRIC_REPRESENTATION_CONTEXT() REPRESENTATION_CONTEXT('2D SPACE',''
  ) );
#8615 = ORIENTED_EDGE('',*,*,#8616,.F.);
#8616 = EDGE_CURVE('',#8483,#8589,#8617,.T.);
#8617 = SURFACE_CURVE('',#8618,(#8623,#8630),.PCURVE_S1.);
#8618 = CIRCLE('',#8619,2.);
#8619 = AXIS2_PLACEMENT_3D('',#8620,#8621,#8622);
#8620 = CARTESIAN_POINT('',(23.75,20.,70.5));
#8621 = DIRECTION('',(1.,0.,0.));
#8622 = DIRECTION('',(0.,1.7763568394E-15,-1.));
#8623 = PCURVE('',#8543,#8624);
#8624 = DEFINITIONAL_REPRESENTATION('',(#8625),#8629);
#8625 = LINE('',#8626,#8627);
#8626 = CARTESIAN_POINT('',(0.,-0.25));
#8627 = VECTOR('',#8628,1.);
#8628 = DIRECTION('',(-1.,0.));
#8629 = ( GEOMETRIC_REPRESENTATION_CONTEXT(2) 
PARAMETRIC_REPRESENTATION_CONTEXT() REPRESENTATION_CONTEXT('2D SPACE',''
  ) );
#8630 = PCURVE('',#8631,#8636);
#8631 = TOROIDAL_SURFACE('',#8632,1.75,0.25);
#8632 = AXIS2_PLACEMENT_3D('',#8633,#8634,#8635);
#8633 = CARTESIAN_POINT('',(23.75,20.,70.5));
#8634 = DIRECTION('',(-1.,0.,0.));
#8635 = DIRECTION('',(0.,1.7763568394E-15,-1.));
#8636 = DEFINITIONAL_REPRESENTATION('',(#8637),#8641);
#8637 = LINE('',#8638,#8639);
#8638 = CARTESIAN_POINT('',(0.,0.));
#8639 = VECTOR('',#8640,1.);
#8640 = DIRECTION('',(-1.,0.));
#8641 = ( GEOMETRIC_REPRESENTATION_CONTEXT(2) 
PARAMETRIC_REPRESENTATION_CONTEXT() REPRESENTATION_CONTEXT('2D SPACE',''
  ) );
#8642 = ADVANCED_FACE('',(#8643),#8604,.F.);
#8643 = FACE_BOUND('',#8644,.F.);
#8644 = EDGE_LOOP('',(#8645,#8646,#8674,#8702));
#8645 = ORIENTED_EDGE('',*,*,#8588,.T.);
#8646 = ORIENTED_EDGE('',*,*,#8647,.T.);
#8647 = EDGE_CURVE('',#8560,#8648,#8650,.T.);
#8648 = VERTEX_POINT('',#8649);
#8649 = CARTESIAN_POINT('',(26.25,22.,73.5));
#8650 = SURFACE_CURVE('',#8651,(#8655,#8662),.PCURVE_S1.);
#8651 = LINE('',#8652,#8653);
#8652 = CARTESIAN_POINT('',(26.25,22.,70.5));
#8653 = VECTOR('',#8654,1.);
#8654 = DIRECTION('',(0.,0.,1.));
#8655 = PCURVE('',#8604,#8656);
#8656 = DEFINITIONAL_REPRESENTATION('',(#8657),#8661);
#8657 = LINE('',#8658,#8659);
#8658 = CARTESIAN_POINT('',(0.,-2.75));
#8659 = VECTOR('',#8660,1.);
#8660 = DIRECTION('',(1.,0.));
#8661 = ( GEOMETRIC_REPRESENTATION_CONTEXT(2) 
PARAMETRIC_REPRESENTATION_CONTEXT() REPRESENTATION_CONTEXT('2D SPACE',''
  ) );
#8662 = PCURVE('',#8663,#8668);
#8663 = CYLINDRICAL_SURFACE('',#8664,0.25);
#8664 = AXIS2_PLACEMENT_3D('',#8665,#8666,#8667);
#8665 = CARTESIAN_POINT('',(26.25,21.75,70.5));
#8666 = DIRECTION('',(0.,0.,1.));
#8667 = DIRECTION('',(0.,1.,0.));
#8668 = DEFINITIONAL_REPRESENTATION('',(#8669),#8673);
#8669 = LINE('',#8670,#8671);
#8670 = CARTESIAN_POINT('',(0.,0.));
#8671 = VECTOR('',#8672,1.);
#8672 = DIRECTION('',(0.,1.));
#8673 = ( GEOMETRIC_REPRESENTATION_CONTEXT(2) 
PARAMETRIC_REPRESENTATION_CONTEXT() REPRESENTATION_CONTEXT('2D SPACE',''
  ) );
#8674 = ORIENTED_EDGE('',*,*,#8675,.F.);
#8675 = EDGE_CURVE('',#8676,#8648,#8678,.T.);
#8676 = VERTEX_POINT('',#8677);
#8677 = CARTESIAN_POINT('',(23.75,22.,73.5));
#8678 = SURFACE_CURVE('',#8679,(#8683,#8690),.PCURVE_S1.);
#8679 = LINE('',#8680,#8681);
#8680 = CARTESIAN_POINT('',(23.5,22.,73.5));
#8681 = VECTOR('',#8682,1.);
#8682 = DIRECTION('',(1.,0.,0.));
#8683 = PCURVE('',#8604,#8684);
#8684 = DEFINITIONAL_REPRESENTATION('',(#8685),#8689);
#8685 = LINE('',#8686,#8687);
#8686 = CARTESIAN_POINT('',(3.,0.));
#8687 = VECTOR('',#8688,1.);
#8688 = DIRECTION('',(0.,-1.));
#8689 = ( GEOMETRIC_REPRESENTATION_CONTEXT(2) 
PARAMETRIC_REPRESENTATION_CONTEXT() REPRESENTATION_CONTEXT('2D SPACE',''
  ) );
#8690 = PCURVE('',#8691,#8696);
#8691 = CYLINDRICAL_SURFACE('',#8692,2.);
#8692 = AXIS2_PLACEMENT_3D('',#8693,#8694,#8695);
#8693 = CARTESIAN_POINT('',(23.5,20.,73.5));
#8694 = DIRECTION('',(-1.,0.,0.));
#8695 = DIRECTION('',(0.,1.,0.));
#8696 = DEFINITIONAL_REPRESENTATION('',(#8697),#8701);
#8697 = LINE('',#8698,#8699);
#8698 = CARTESIAN_POINT('',(0.,0.));
#8699 = VECTOR('',#8700,1.);
#8700 = DIRECTION('',(0.,-1.));
#8701 = ( GEOMETRIC_REPRESENTATION_CONTEXT(2) 
PARAMETRIC_REPRESENTATION_CONTEXT() REPRESENTATION_CONTEXT('2D SPACE',''
  ) );
#8702 = ORIENTED_EDGE('',*,*,#8703,.F.);
#8703 = EDGE_CURVE('',#8589,#8676,#8704,.T.);
#8704 = SURFACE_CURVE('',#8705,(#8709,#8716),.PCURVE_S1.);
#8705 = LINE('',#8706,#8707);
#8706 = CARTESIAN_POINT('',(23.75,22.,70.5));
#8707 = VECTOR('',#8708,1.);
#8708 = DIRECTION('',(0.,0.,1.));
#8709 = PCURVE('',#8604,#8710);
#8710 = DEFINITIONAL_REPRESENTATION('',(#8711),#8715);
#8711 = LINE('',#8712,#8713);
#8712 = CARTESIAN_POINT('',(0.,-0.25));
#8713 = VECTOR('',#8714,1.);
#8714 = DIRECTION('',(1.,0.));
#8715 = ( GEOMETRIC_REPRESENTATION_CONTEXT(2) 
PARAMETRIC_REPRESENTATION_CONTEXT() REPRESENTATION_CONTEXT('2D SPACE',''
  ) );
#8716 = PCURVE('',#8717,#8722);
#8717 = CYLINDRICAL_SURFACE('',#8718,0.25);
#8718 = AXIS2_PLACEMENT_3D('',#8719,#8720,#8721);
#8719 = CARTESIAN_POINT('',(23.75,21.75,70.5));
#8720 = DIRECTION('',(0.,0.,1.));
#8721 = DIRECTION('',(0.,1.,0.));
#8722 = DEFINITIONAL_REPRESENTATION('',(#8723),#8727);
#8723 = LINE('',#8724,#8725);
#8724 = CARTESIAN_POINT('',(0.,0.));
#8725 = VECTOR('',#8726,1.);
#8726 = DIRECTION('',(0.,1.));
#8727 = ( GEOMETRIC_REPRESENTATION_CONTEXT(2) 
PARAMETRIC_REPRESENTATION_CONTEXT() REPRESENTATION_CONTEXT('2D SPACE',''
  ) );
#8728 = ADVANCED_FACE('',(#8729),#8691,.T.);
#8729 = FACE_BOUND('',#8730,.F.);
#8730 = EDGE_LOOP('',(#8731,#8732,#8761,#8784));
#8731 = ORIENTED_EDGE('',*,*,#8675,.T.);
#8732 = ORIENTED_EDGE('',*,*,#8733,.T.);
#8733 = EDGE_CURVE('',#8648,#8734,#8736,.T.);
#8734 = VERTEX_POINT('',#8735);
#8735 = CARTESIAN_POINT('',(26.25,20.,75.5));
#8736 = SURFACE_CURVE('',#8737,(#8742,#8749),.PCURVE_S1.);
#8737 = CIRCLE('',#8738,2.);
#8738 = AXIS2_PLACEMENT_3D('',#8739,#8740,#8741);
#8739 = CARTESIAN_POINT('',(26.25,20.,73.5));
#8740 = DIRECTION('',(1.,0.,0.));
#8741 = DIRECTION('',(0.,1.,0.));
#8742 = PCURVE('',#8691,#8743);
#8743 = DEFINITIONAL_REPRESENTATION('',(#8744),#8748);
#8744 = LINE('',#8745,#8746);
#8745 = CARTESIAN_POINT('',(0.,-2.75));
#8746 = VECTOR('',#8747,1.);
#8747 = DIRECTION('',(-1.,0.));
#8748 = ( GEOMETRIC_REPRESENTATION_CONTEXT(2) 
PARAMETRIC_REPRESENTATION_CONTEXT() REPRESENTATION_CONTEXT('2D SPACE',''
  ) );
#8749 = PCURVE('',#8750,#8755);
#8750 = TOROIDAL_SURFACE('',#8751,1.75,0.25);
#8751 = AXIS2_PLACEMENT_3D('',#8752,#8753,#8754);
#8752 = CARTESIAN_POINT('',(26.25,20.,73.5));
#8753 = DIRECTION('',(1.,0.,0.));
#8754 = DIRECTION('',(0.,1.,0.));
#8755 = DEFINITIONAL_REPRESENTATION('',(#8756),#8760);
#8756 = LINE('',#8757,#8758);
#8757 = CARTESIAN_POINT('',(0.,0.));
#8758 = VECTOR('',#8759,1.);
#8759 = DIRECTION('',(1.,0.));
#8760 = ( GEOMETRIC_REPRESENTATION_CONTEXT(2) 
PARAMETRIC_REPRESENTATION_CONTEXT() REPRESENTATION_CONTEXT('2D SPACE',''
  ) );
#8761 = ORIENTED_EDGE('',*,*,#8762,.F.);
#8762 = EDGE_CURVE('',#8763,#8734,#8765,.T.);
#8763 = VERTEX_POINT('',#8764);
#8764 = CARTESIAN_POINT('',(23.75,20.,75.5));
#8765 = SURFACE_CURVE('',#8766,(#8770,#8777),.PCURVE_S1.);
#8766 = LINE('',#8767,#8768);
#8767 = CARTESIAN_POINT('',(23.5,20.,75.5));
#8768 = VECTOR('',#8769,1.);
#8769 = DIRECTION('',(1.,0.,0.));
#8770 = PCURVE('',#8691,#8771);
#8771 = DEFINITIONAL_REPRESENTATION('',(#8772),#8776);
#8772 = LINE('',#8773,#8774);
#8773 = CARTESIAN_POINT('',(-1.570796326795,0.));
#8774 = VECTOR('',#8775,1.);
#8775 = DIRECTION('',(0.,-1.));
#8776 = ( GEOMETRIC_REPRESENTATION_CONTEXT(2) 
PARAMETRIC_REPRESENTATION_CONTEXT() REPRESENTATION_CONTEXT('2D SPACE',''
  ) );
#8777 = PCURVE('',#7338,#8778);
#8778 = DEFINITIONAL_REPRESENTATION('',(#8779),#8783);
#8779 = LINE('',#8780,#8781);
#8780 = CARTESIAN_POINT('',(0.,0.));
#8781 = VECTOR('',#8782,1.);
#8782 = DIRECTION('',(0.,-1.));
#8783 = ( GEOMETRIC_REPRESENTATION_CONTEXT(2) 
PARAMETRIC_REPRESENTATION_CONTEXT() REPRESENTATION_CONTEXT('2D SPACE',''
  ) );
#8784 = ORIENTED_EDGE('',*,*,#8785,.F.);
#8785 = EDGE_CURVE('',#8676,#8763,#8786,.T.);
#8786 = SURFACE_CURVE('',#8787,(#8792,#8799),.PCURVE_S1.);
#8787 = CIRCLE('',#8788,2.);
#8788 = AXIS2_PLACEMENT_3D('',#8789,#8790,#8791);
#8789 = CARTESIAN_POINT('',(23.75,20.,73.5));
#8790 = DIRECTION('',(1.,0.,0.));
#8791 = DIRECTION('',(0.,1.,0.));
#8792 = PCURVE('',#8691,#8793);
#8793 = DEFINITIONAL_REPRESENTATION('',(#8794),#8798);
#8794 = LINE('',#8795,#8796);
#8795 = CARTESIAN_POINT('',(0.,-0.25));
#8796 = VECTOR('',#8797,1.);
#8797 = DIRECTION('',(-1.,0.));
#8798 = ( GEOMETRIC_REPRESENTATION_CONTEXT(2) 
PARAMETRIC_REPRESENTATION_CONTEXT() REPRESENTATION_CONTEXT('2D SPACE',''
  ) );
#8799 = PCURVE('',#8800,#8805);
#8800 = TOROIDAL_SURFACE('',#8801,1.75,0.25);
#8801 = AXIS2_PLACEMENT_3D('',#8802,#8803,#8804);
#8802 = CARTESIAN_POINT('',(23.75,20.,73.5));
#8803 = DIRECTION('',(-1.,0.,0.));
#8804 = DIRECTION('',(0.,1.,0.));
#8805 = DEFINITIONAL_REPRESENTATION('',(#8806),#8810);
#8806 = LINE('',#8807,#8808);
#8807 = CARTESIAN_POINT('',(0.,0.));
#8808 = VECTOR('',#8809,1.);
#8809 = DIRECTION('',(-1.,0.));
#8810 = ( GEOMETRIC_REPRESENTATION_CONTEXT(2) 
PARAMETRIC_REPRESENTATION_CONTEXT() REPRESENTATION_CONTEXT('2D SPACE',''
  ) );
#8811 = ADVANCED_FACE('',(#8812),#8750,.T.);
#8812 = FACE_BOUND('',#8813,.T.);
#8813 = EDGE_LOOP('',(#8814,#8836,#8837,#8859));
#8814 = ORIENTED_EDGE('',*,*,#8815,.F.);
#8815 = EDGE_CURVE('',#8648,#8816,#8818,.T.);
#8816 = VERTEX_POINT('',#8817);
#8817 = CARTESIAN_POINT('',(26.5,21.75,73.5));
#8818 = SURFACE_CURVE('',#8819,(#8824,#8830),.PCURVE_S1.);
#8819 = CIRCLE('',#8820,0.25);
#8820 = AXIS2_PLACEMENT_3D('',#8821,#8822,#8823);
#8821 = CARTESIAN_POINT('',(26.25,21.75,73.5));
#8822 = DIRECTION('',(0.,0.,-1.));
#8823 = DIRECTION('',(0.,1.,0.));
#8824 = PCURVE('',#8750,#8825);
#8825 = DEFINITIONAL_REPRESENTATION('',(#8826),#8829);
#8826 = B_SPLINE_CURVE_WITH_KNOTS('',1,(#8827,#8828),.UNSPECIFIED.,.F.,
  .F.,(2,2),(0.,1.570796326795),.PIECEWISE_BEZIER_KNOTS.);
#8827 = CARTESIAN_POINT('',(0.,0.));
#8828 = CARTESIAN_POINT('',(0.,1.570796326795));
#8829 = ( GEOMETRIC_REPRESENTATION_CONTEXT(2) 
PARAMETRIC_REPRESENTATION_CONTEXT() REPRESENTATION_CONTEXT('2D SPACE',''
  ) );
#8830 = PCURVE('',#8663,#8831);
#8831 = DEFINITIONAL_REPRESENTATION('',(#8832),#8835);
#8832 = B_SPLINE_CURVE_WITH_KNOTS('',1,(#8833,#8834),.UNSPECIFIED.,.F.,
  .F.,(2,2),(0.,1.570796326795),.PIECEWISE_BEZIER_KNOTS.);
#8833 = CARTESIAN_POINT('',(0.,3.));
#8834 = CARTESIAN_POINT('',(-1.570796326795,3.));
#8835 = ( GEOMETRIC_REPRESENTATION_CONTEXT(2) 
PARAMETRIC_REPRESENTATION_CONTEXT() REPRESENTATION_CONTEXT('2D SPACE',''
  ) );
#8836 = ORIENTED_EDGE('',*,*,#8733,.T.);
#8837 = ORIENTED_EDGE('',*,*,#8838,.T.);
#8838 = EDGE_CURVE('',#8734,#8839,#8841,.T.);
#8839 = VERTEX_POINT('',#8840);
#8840 = CARTESIAN_POINT('',(26.5,20.,75.25));
#8841 = SURFACE_CURVE('',#8842,(#8847,#8853),.PCURVE_S1.);
#8842 = CIRCLE('',#8843,0.25);
#8843 = AXIS2_PLACEMENT_3D('',#8844,#8845,#8846);
#8844 = CARTESIAN_POINT('',(26.25,20.,75.25));
#8845 = DIRECTION('',(0.,1.,-3.613946018758E-15));
#8846 = DIRECTION('',(0.,3.613946018758E-15,1.));
#8847 = PCURVE('',#8750,#8848);
#8848 = DEFINITIONAL_REPRESENTATION('',(#8849),#8852);
#8849 = B_SPLINE_CURVE_WITH_KNOTS('',1,(#8850,#8851),.UNSPECIFIED.,.F.,
  .F.,(2,2),(0.,1.570796326795),.PIECEWISE_BEZIER_KNOTS.);
#8850 = CARTESIAN_POINT('',(1.570796326795,0.));
#8851 = CARTESIAN_POINT('',(1.570796326795,1.570796326795));
#8852 = ( GEOMETRIC_REPRESENTATION_CONTEXT(2) 
PARAMETRIC_REPRESENTATION_CONTEXT() REPRESENTATION_CONTEXT('2D SPACE',''
  ) );
#8853 = PCURVE('',#7366,#8854);
#8854 = DEFINITIONAL_REPRESENTATION('',(#8855),#8858);
#8855 = B_SPLINE_CURVE_WITH_KNOTS('',1,(#8856,#8857),.UNSPECIFIED.,.F.,
  .F.,(2,2),(0.,1.570796326795),.PIECEWISE_BEZIER_KNOTS.);
#8856 = CARTESIAN_POINT('',(0.,0.));
#8857 = CARTESIAN_POINT('',(-1.570796326795,0.));
#8858 = ( GEOMETRIC_REPRESENTATION_CONTEXT(2) 
PARAMETRIC_REPRESENTATION_CONTEXT() REPRESENTATION_CONTEXT('2D SPACE',''
  ) );
#8859 = ORIENTED_EDGE('',*,*,#8860,.F.);
#8860 = EDGE_CURVE('',#8816,#8839,#8861,.T.);
#8861 = SURFACE_CURVE('',#8862,(#8867,#8874),.PCURVE_S1.);
#8862 = CIRCLE('',#8863,1.75);
#8863 = AXIS2_PLACEMENT_3D('',#8864,#8865,#8866);
#8864 = CARTESIAN_POINT('',(26.5,20.,73.5));
#8865 = DIRECTION('',(1.,0.,0.));
#8866 = DIRECTION('',(0.,1.,0.));
#8867 = PCURVE('',#8750,#8868);
#8868 = DEFINITIONAL_REPRESENTATION('',(#8869),#8873);
#8869 = LINE('',#8870,#8871);
#8870 = CARTESIAN_POINT('',(0.,1.570796326795));
#8871 = VECTOR('',#8872,1.);
#8872 = DIRECTION('',(1.,0.));
#8873 = ( GEOMETRIC_REPRESENTATION_CONTEXT(2) 
PARAMETRIC_REPRESENTATION_CONTEXT() REPRESENTATION_CONTEXT('2D SPACE',''
  ) );
#8874 = PCURVE('',#7394,#8875);
#8875 = DEFINITIONAL_REPRESENTATION('',(#8876),#8880);
#8876 = CIRCLE('',#8877,1.75);
#8877 = AXIS2_PLACEMENT_2D('',#8878,#8879);
#8878 = CARTESIAN_POINT('',(1.5,0.579688902847));
#8879 = DIRECTION('',(0.,-1.));
#8880 = ( GEOMETRIC_REPRESENTATION_CONTEXT(2) 
PARAMETRIC_REPRESENTATION_CONTEXT() REPRESENTATION_CONTEXT('2D SPACE',''
  ) );
#8881 = ADVANCED_FACE('',(#8882),#8800,.T.);
#8882 = FACE_BOUND('',#8883,.F.);
#8883 = EDGE_LOOP('',(#8884,#8906,#8907,#8929));
#8884 = ORIENTED_EDGE('',*,*,#8885,.F.);
#8885 = EDGE_CURVE('',#8676,#8886,#8888,.T.);
#8886 = VERTEX_POINT('',#8887);
#8887 = CARTESIAN_POINT('',(23.5,21.75,73.5));
#8888 = SURFACE_CURVE('',#8889,(#8894,#8900),.PCURVE_S1.);
#8889 = CIRCLE('',#8890,0.25);
#8890 = AXIS2_PLACEMENT_3D('',#8891,#8892,#8893);
#8891 = CARTESIAN_POINT('',(23.75,21.75,73.5));
#8892 = DIRECTION('',(0.,0.,1.));
#8893 = DIRECTION('',(0.,1.,0.));
#8894 = PCURVE('',#8800,#8895);
#8895 = DEFINITIONAL_REPRESENTATION('',(#8896),#8899);
#8896 = B_SPLINE_CURVE_WITH_KNOTS('',1,(#8897,#8898),.UNSPECIFIED.,.F.,
  .F.,(2,2),(0.,1.570796326795),.PIECEWISE_BEZIER_KNOTS.);
#8897 = CARTESIAN_POINT('',(0.,0.));
#8898 = CARTESIAN_POINT('',(0.,1.570796326795));
#8899 = ( GEOMETRIC_REPRESENTATION_CONTEXT(2) 
PARAMETRIC_REPRESENTATION_CONTEXT() REPRESENTATION_CONTEXT('2D SPACE',''
  ) );
#8900 = PCURVE('',#8717,#8901);
#8901 = DEFINITIONAL_REPRESENTATION('',(#8902),#8905);
#8902 = B_SPLINE_CURVE_WITH_KNOTS('',1,(#8903,#8904),.UNSPECIFIED.,.F.,
  .F.,(2,2),(0.,1.570796326795),.PIECEWISE_BEZIER_KNOTS.);
#8903 = CARTESIAN_POINT('',(0.,3.));
#8904 = CARTESIAN_POINT('',(1.570796326795,3.));
#8905 = ( GEOMETRIC_REPRESENTATION_CONTEXT(2) 
PARAMETRIC_REPRESENTATION_CONTEXT() REPRESENTATION_CONTEXT('2D SPACE',''
  ) );
#8906 = ORIENTED_EDGE('',*,*,#8785,.T.);
#8907 = ORIENTED_EDGE('',*,*,#8908,.T.);
#8908 = EDGE_CURVE('',#8763,#8909,#8911,.T.);
#8909 = VERTEX_POINT('',#8910);
#8910 = CARTESIAN_POINT('',(23.5,20.,75.25));
#8911 = SURFACE_CURVE('',#8912,(#8917,#8923),.PCURVE_S1.);
#8912 = CIRCLE('',#8913,0.25);
#8913 = AXIS2_PLACEMENT_3D('',#8914,#8915,#8916);
#8914 = CARTESIAN_POINT('',(23.75,20.,75.25));
#8915 = DIRECTION('',(0.,-1.,3.613946018758E-15));
#8916 = DIRECTION('',(0.,3.613946018758E-15,1.));
#8917 = PCURVE('',#8800,#8918);
#8918 = DEFINITIONAL_REPRESENTATION('',(#8919),#8922);
#8919 = B_SPLINE_CURVE_WITH_KNOTS('',1,(#8920,#8921),.UNSPECIFIED.,.F.,
  .F.,(2,2),(0.,1.570796326795),.PIECEWISE_BEZIER_KNOTS.);
#8920 = CARTESIAN_POINT('',(-1.570796326795,0.));
#8921 = CARTESIAN_POINT('',(-1.570796326795,1.570796326795));
#8922 = ( GEOMETRIC_REPRESENTATION_CONTEXT(2) 
PARAMETRIC_REPRESENTATION_CONTEXT() REPRESENTATION_CONTEXT('2D SPACE',''
  ) );
#8923 = PCURVE('',#7308,#8924);
#8924 = DEFINITIONAL_REPRESENTATION('',(#8925),#8928);
#8925 = B_SPLINE_CURVE_WITH_KNOTS('',1,(#8926,#8927),.UNSPECIFIED.,.F.,
  .F.,(2,2),(0.,1.570796326795),.PIECEWISE_BEZIER_KNOTS.);
#8926 = CARTESIAN_POINT('',(0.,0.));
#8927 = CARTESIAN_POINT('',(1.570796326795,0.));
#8928 = ( GEOMETRIC_REPRESENTATION_CONTEXT(2) 
PARAMETRIC_REPRESENTATION_CONTEXT() REPRESENTATION_CONTEXT('2D SPACE',''
  ) );
#8929 = ORIENTED_EDGE('',*,*,#8930,.F.);
#8930 = EDGE_CURVE('',#8886,#8909,#8931,.T.);
#8931 = SURFACE_CURVE('',#8932,(#8937,#8944),.PCURVE_S1.);
#8932 = CIRCLE('',#8933,1.75);
#8933 = AXIS2_PLACEMENT_3D('',#8934,#8935,#8936);
#8934 = CARTESIAN_POINT('',(23.5,20.,73.5));
#8935 = DIRECTION('',(1.,0.,0.));
#8936 = DIRECTION('',(0.,1.,0.));
#8937 = PCURVE('',#8800,#8938);
#8938 = DEFINITIONAL_REPRESENTATION('',(#8939),#8943);
#8939 = LINE('',#8940,#8941);
#8940 = CARTESIAN_POINT('',(0.,1.570796326795));
#8941 = VECTOR('',#8942,1.);
#8942 = DIRECTION('',(-1.,0.));
#8943 = ( GEOMETRIC_REPRESENTATION_CONTEXT(2) 
PARAMETRIC_REPRESENTATION_CONTEXT() REPRESENTATION_CONTEXT('2D SPACE',''
  ) );
#8944 = PCURVE('',#7280,#8945);
#8945 = DEFINITIONAL_REPRESENTATION('',(#8946),#8950);
#8946 = CIRCLE('',#8947,1.75);
#8947 = AXIS2_PLACEMENT_2D('',#8948,#8949);
#8948 = CARTESIAN_POINT('',(1.5,0.579688902847));
#8949 = DIRECTION('',(0.,-1.));
#8950 = ( GEOMETRIC_REPRESENTATION_CONTEXT(2) 
PARAMETRIC_REPRESENTATION_CONTEXT() REPRESENTATION_CONTEXT('2D SPACE',''
  ) );
#8951 = ADVANCED_FACE('',(#8952),#8663,.T.);
#8952 = FACE_BOUND('',#8953,.F.);
#8953 = EDGE_LOOP('',(#8954,#8976,#8997,#8998));
#8954 = ORIENTED_EDGE('',*,*,#8955,.T.);
#8955 = EDGE_CURVE('',#8560,#8956,#8958,.T.);
#8956 = VERTEX_POINT('',#8957);
#8957 = CARTESIAN_POINT('',(26.5,21.75,70.5));
#8958 = SURFACE_CURVE('',#8959,(#8964,#8970),.PCURVE_S1.);
#8959 = CIRCLE('',#8960,0.25);
#8960 = AXIS2_PLACEMENT_3D('',#8961,#8962,#8963);
#8961 = CARTESIAN_POINT('',(26.25,21.75,70.5));
#8962 = DIRECTION('',(0.,-6.123233995737E-17,-1.));
#8963 = DIRECTION('',(0.,1.,-6.123233995737E-17));
#8964 = PCURVE('',#8663,#8965);
#8965 = DEFINITIONAL_REPRESENTATION('',(#8966),#8969);
#8966 = B_SPLINE_CURVE_WITH_KNOTS('',1,(#8967,#8968),.UNSPECIFIED.,.F.,
  .F.,(2,2),(0.,1.570796326795),.PIECEWISE_BEZIER_KNOTS.);
#8967 = CARTESIAN_POINT('',(0.,0.));
#8968 = CARTESIAN_POINT('',(-1.570796326795,0.));
#8969 = ( GEOMETRIC_REPRESENTATION_CONTEXT(2) 
PARAMETRIC_REPRESENTATION_CONTEXT() REPRESENTATION_CONTEXT('2D SPACE',''
  ) );
#8970 = PCURVE('',#8576,#8971);
#8971 = DEFINITIONAL_REPRESENTATION('',(#8972),#8975);
#8972 = B_SPLINE_CURVE_WITH_KNOTS('',1,(#8973,#8974),.UNSPECIFIED.,.F.,
  .F.,(2,2),(0.,1.570796326795),.PIECEWISE_BEZIER_KNOTS.);
#8973 = CARTESIAN_POINT('',(1.570796326795,0.));
#8974 = CARTESIAN_POINT('',(1.570796326795,1.570796326795));
#8975 = ( GEOMETRIC_REPRESENTATION_CONTEXT(2) 
PARAMETRIC_REPRESENTATION_CONTEXT() REPRESENTATION_CONTEXT('2D SPACE',''
  ) );
#8976 = ORIENTED_EDGE('',*,*,#8977,.T.);
#8977 = EDGE_CURVE('',#8956,#8816,#8978,.T.);
#8978 = SURFACE_CURVE('',#8979,(#8983,#8990),.PCURVE_S1.);
#8979 = LINE('',#8980,#8981);
#8980 = CARTESIAN_POINT('',(26.5,21.75,70.5));
#8981 = VECTOR('',#8982,1.);
#8982 = DIRECTION('',(0.,0.,1.));
#8983 = PCURVE('',#8663,#8984);
#8984 = DEFINITIONAL_REPRESENTATION('',(#8985),#8989);
#8985 = LINE('',#8986,#8987);
#8986 = CARTESIAN_POINT('',(-1.570796326795,0.));
#8987 = VECTOR('',#8988,1.);
#8988 = DIRECTION('',(0.,1.));
#8989 = ( GEOMETRIC_REPRESENTATION_CONTEXT(2) 
PARAMETRIC_REPRESENTATION_CONTEXT() REPRESENTATION_CONTEXT('2D SPACE',''
  ) );
#8990 = PCURVE('',#7394,#8991);
#8991 = DEFINITIONAL_REPRESENTATION('',(#8992),#8996);
#8992 = LINE('',#8993,#8994);
#8993 = CARTESIAN_POINT('',(-1.5,-1.170311097153));
#8994 = VECTOR('',#8995,1.);
#8995 = DIRECTION('',(1.,0.));
#8996 = ( GEOMETRIC_REPRESENTATION_CONTEXT(2) 
PARAMETRIC_REPRESENTATION_CONTEXT() REPRESENTATION_CONTEXT('2D SPACE',''
  ) );
#8997 = ORIENTED_EDGE('',*,*,#8815,.F.);
#8998 = ORIENTED_EDGE('',*,*,#8647,.F.);
#8999 = ADVANCED_FACE('',(#9000),#8717,.T.);
#9000 = FACE_BOUND('',#9001,.T.);
#9001 = EDGE_LOOP('',(#9002,#9024,#9045,#9046));
#9002 = ORIENTED_EDGE('',*,*,#9003,.T.);
#9003 = EDGE_CURVE('',#8589,#9004,#9006,.T.);
#9004 = VERTEX_POINT('',#9005);
#9005 = CARTESIAN_POINT('',(23.5,21.75,70.5));
#9006 = SURFACE_CURVE('',#9007,(#9012,#9018),.PCURVE_S1.);
#9007 = CIRCLE('',#9008,0.25);
#9008 = AXIS2_PLACEMENT_3D('',#9009,#9010,#9011);
#9009 = CARTESIAN_POINT('',(23.75,21.75,70.5));
#9010 = DIRECTION('',(0.,6.123233995737E-17,1.));
#9011 = DIRECTION('',(0.,1.,-6.123233995737E-17));
#9012 = PCURVE('',#8717,#9013);
#9013 = DEFINITIONAL_REPRESENTATION('',(#9014),#9017);
#9014 = B_SPLINE_CURVE_WITH_KNOTS('',1,(#9015,#9016),.UNSPECIFIED.,.F.,
  .F.,(2,2),(0.,1.570796326795),.PIECEWISE_BEZIER_KNOTS.);
#9015 = CARTESIAN_POINT('',(0.,0.));
#9016 = CARTESIAN_POINT('',(1.570796326795,0.));
#9017 = ( GEOMETRIC_REPRESENTATION_CONTEXT(2) 
PARAMETRIC_REPRESENTATION_CONTEXT() REPRESENTATION_CONTEXT('2D SPACE',''
  ) );
#9018 = PCURVE('',#8631,#9019);
#9019 = DEFINITIONAL_REPRESENTATION('',(#9020),#9023);
#9020 = B_SPLINE_CURVE_WITH_KNOTS('',1,(#9021,#9022),.UNSPECIFIED.,.F.,
  .F.,(2,2),(0.,1.570796326795),.PIECEWISE_BEZIER_KNOTS.);
#9021 = CARTESIAN_POINT('',(-1.570796326795,0.));
#9022 = CARTESIAN_POINT('',(-1.570796326795,1.570796326795));
#9023 = ( GEOMETRIC_REPRESENTATION_CONTEXT(2) 
PARAMETRIC_REPRESENTATION_CONTEXT() REPRESENTATION_CONTEXT('2D SPACE',''
  ) );
#9024 = ORIENTED_EDGE('',*,*,#9025,.T.);
#9025 = EDGE_CURVE('',#9004,#8886,#9026,.T.);
#9026 = SURFACE_CURVE('',#9027,(#9031,#9038),.PCURVE_S1.);
#9027 = LINE('',#9028,#9029);
#9028 = CARTESIAN_POINT('',(23.5,21.75,70.5));
#9029 = VECTOR('',#9030,1.);
#9030 = DIRECTION('',(0.,0.,1.));
#9031 = PCURVE('',#8717,#9032);
#9032 = DEFINITIONAL_REPRESENTATION('',(#9033),#9037);
#9033 = LINE('',#9034,#9035);
#9034 = CARTESIAN_POINT('',(1.570796326795,0.));
#9035 = VECTOR('',#9036,1.);
#9036 = DIRECTION('',(0.,1.));
#9037 = ( GEOMETRIC_REPRESENTATION_CONTEXT(2) 
PARAMETRIC_REPRESENTATION_CONTEXT() REPRESENTATION_CONTEXT('2D SPACE',''
  ) );
#9038 = PCURVE('',#7280,#9039);
#9039 = DEFINITIONAL_REPRESENTATION('',(#9040),#9044);
#9040 = LINE('',#9041,#9042);
#9041 = CARTESIAN_POINT('',(-1.5,-1.170311097153));
#9042 = VECTOR('',#9043,1.);
#9043 = DIRECTION('',(1.,0.));
#9044 = ( GEOMETRIC_REPRESENTATION_CONTEXT(2) 
PARAMETRIC_REPRESENTATION_CONTEXT() REPRESENTATION_CONTEXT('2D SPACE',''
  ) );
#9045 = ORIENTED_EDGE('',*,*,#8885,.F.);
#9046 = ORIENTED_EDGE('',*,*,#8703,.F.);
#9047 = ADVANCED_FACE('',(#9048),#8576,.T.);
#9048 = FACE_BOUND('',#9049,.T.);
#9049 = EDGE_LOOP('',(#9050,#9072,#9073,#9074));
#9050 = ORIENTED_EDGE('',*,*,#9051,.F.);
#9051 = EDGE_CURVE('',#8507,#9052,#9054,.T.);
#9052 = VERTEX_POINT('',#9053);
#9053 = CARTESIAN_POINT('',(26.5,20.,68.75));
#9054 = SURFACE_CURVE('',#9055,(#9060,#9066),.PCURVE_S1.);
#9055 = CIRCLE('',#9056,0.25);
#9056 = AXIS2_PLACEMENT_3D('',#9057,#9058,#9059);
#9057 = CARTESIAN_POINT('',(26.25,20.,68.75));
#9058 = DIRECTION('',(0.,-1.,0.));
#9059 = DIRECTION('',(0.,0.,-1.));
#9060 = PCURVE('',#8576,#9061);
#9061 = DEFINITIONAL_REPRESENTATION('',(#9062),#9065);
#9062 = B_SPLINE_CURVE_WITH_KNOTS('',1,(#9063,#9064),.UNSPECIFIED.,.F.,
  .F.,(2,2),(0.,1.570796326795),.PIECEWISE_BEZIER_KNOTS.);
#9063 = CARTESIAN_POINT('',(0.,0.));
#9064 = CARTESIAN_POINT('',(0.,1.570796326795));
#9065 = ( GEOMETRIC_REPRESENTATION_CONTEXT(2) 
PARAMETRIC_REPRESENTATION_CONTEXT() REPRESENTATION_CONTEXT('2D SPACE',''
  ) );
#9066 = PCURVE('',#7192,#9067);
#9067 = DEFINITIONAL_REPRESENTATION('',(#9068),#9071);
#9068 = B_SPLINE_CURVE_WITH_KNOTS('',1,(#9069,#9070),.UNSPECIFIED.,.F.,
  .F.,(2,2),(0.,1.570796326795),.PIECEWISE_BEZIER_KNOTS.);
#9069 = CARTESIAN_POINT('',(0.,0.5));
#9070 = CARTESIAN_POINT('',(-1.570796326795,0.5));
#9071 = ( GEOMETRIC_REPRESENTATION_CONTEXT(2) 
PARAMETRIC_REPRESENTATION_CONTEXT() REPRESENTATION_CONTEXT('2D SPACE',''
  ) );
#9072 = ORIENTED_EDGE('',*,*,#8559,.T.);
#9073 = ORIENTED_EDGE('',*,*,#8955,.T.);
#9074 = ORIENTED_EDGE('',*,*,#9075,.F.);
#9075 = EDGE_CURVE('',#9052,#8956,#9076,.T.);
#9076 = SURFACE_CURVE('',#9077,(#9082,#9089),.PCURVE_S1.);
#9077 = CIRCLE('',#9078,1.75);
#9078 = AXIS2_PLACEMENT_3D('',#9079,#9080,#9081);
#9079 = CARTESIAN_POINT('',(26.5,20.,70.5));
#9080 = DIRECTION('',(1.,0.,0.));
#9081 = DIRECTION('',(0.,1.7763568394E-15,-1.));
#9082 = PCURVE('',#8576,#9083);
#9083 = DEFINITIONAL_REPRESENTATION('',(#9084),#9088);
#9084 = LINE('',#9085,#9086);
#9085 = CARTESIAN_POINT('',(0.,1.570796326795));
#9086 = VECTOR('',#9087,1.);
#9087 = DIRECTION('',(1.,0.));
#9088 = ( GEOMETRIC_REPRESENTATION_CONTEXT(2) 
PARAMETRIC_REPRESENTATION_CONTEXT() REPRESENTATION_CONTEXT('2D SPACE',''
  ) );
#9089 = PCURVE('',#7394,#9090);
#9090 = DEFINITIONAL_REPRESENTATION('',(#9091),#9095);
#9091 = CIRCLE('',#9092,1.75);
#9092 = AXIS2_PLACEMENT_2D('',#9093,#9094);
#9093 = CARTESIAN_POINT('',(-1.5,0.579688902847));
#9094 = DIRECTION('',(-1.,-2.030122102172E-15));
#9095 = ( GEOMETRIC_REPRESENTATION_CONTEXT(2) 
PARAMETRIC_REPRESENTATION_CONTEXT() REPRESENTATION_CONTEXT('2D SPACE',''
  ) );
#9096 = ADVANCED_FACE('',(#9097),#8631,.T.);
#9097 = FACE_BOUND('',#9098,.F.);
#9098 = EDGE_LOOP('',(#9099,#9121,#9122,#9123));
#9099 = ORIENTED_EDGE('',*,*,#9100,.F.);
#9100 = EDGE_CURVE('',#8483,#9101,#9103,.T.);
#9101 = VERTEX_POINT('',#9102);
#9102 = CARTESIAN_POINT('',(23.5,20.,68.75));
#9103 = SURFACE_CURVE('',#9104,(#9109,#9115),.PCURVE_S1.);
#9104 = CIRCLE('',#9105,0.25);
#9105 = AXIS2_PLACEMENT_3D('',#9106,#9107,#9108);
#9106 = CARTESIAN_POINT('',(23.75,20.,68.75));
#9107 = DIRECTION('',(0.,1.,0.));
#9108 = DIRECTION('',(0.,0.,-1.));
#9109 = PCURVE('',#8631,#9110);
#9110 = DEFINITIONAL_REPRESENTATION('',(#9111),#9114);
#9111 = B_SPLINE_CURVE_WITH_KNOTS('',1,(#9112,#9113),.UNSPECIFIED.,.F.,
  .F.,(2,2),(0.,1.570796326795),.PIECEWISE_BEZIER_KNOTS.);
#9112 = CARTESIAN_POINT('',(0.,0.));
#9113 = CARTESIAN_POINT('',(0.,1.570796326795));
#9114 = ( GEOMETRIC_REPRESENTATION_CONTEXT(2) 
PARAMETRIC_REPRESENTATION_CONTEXT() REPRESENTATION_CONTEXT('2D SPACE',''
  ) );
#9115 = PCURVE('',#7250,#9116);
#9116 = DEFINITIONAL_REPRESENTATION('',(#9117),#9120);
#9117 = B_SPLINE_CURVE_WITH_KNOTS('',1,(#9118,#9119),.UNSPECIFIED.,.F.,
  .F.,(2,2),(0.,1.570796326795),.PIECEWISE_BEZIER_KNOTS.);
#9118 = CARTESIAN_POINT('',(0.,0.5));
#9119 = CARTESIAN_POINT('',(1.570796326795,0.5));
#9120 = ( GEOMETRIC_REPRESENTATION_CONTEXT(2) 
PARAMETRIC_REPRESENTATION_CONTEXT() REPRESENTATION_CONTEXT('2D SPACE',''
  ) );
#9121 = ORIENTED_EDGE('',*,*,#8616,.T.);
#9122 = ORIENTED_EDGE('',*,*,#9003,.T.);
#9123 = ORIENTED_EDGE('',*,*,#9124,.F.);
#9124 = EDGE_CURVE('',#9101,#9004,#9125,.T.);
#9125 = SURFACE_CURVE('',#9126,(#9131,#9138),.PCURVE_S1.);
#9126 = CIRCLE('',#9127,1.75);
#9127 = AXIS2_PLACEMENT_3D('',#9128,#9129,#9130);
#9128 = CARTESIAN_POINT('',(23.5,20.,70.5));
#9129 = DIRECTION('',(1.,0.,0.));
#9130 = DIRECTION('',(0.,1.7763568394E-15,-1.));
#9131 = PCURVE('',#8631,#9132);
#9132 = DEFINITIONAL_REPRESENTATION('',(#9133),#9137);
#9133 = LINE('',#9134,#9135);
#9134 = CARTESIAN_POINT('',(0.,1.570796326795));
#9135 = VECTOR('',#9136,1.);
#9136 = DIRECTION('',(-1.,0.));
#9137 = ( GEOMETRIC_REPRESENTATION_CONTEXT(2) 
PARAMETRIC_REPRESENTATION_CONTEXT() REPRESENTATION_CONTEXT('2D SPACE',''
  ) );
#9138 = PCURVE('',#7280,#9139);
#9139 = DEFINITIONAL_REPRESENTATION('',(#9140),#9144);
#9140 = CIRCLE('',#9141,1.75);
#9141 = AXIS2_PLACEMENT_2D('',#9142,#9143);
#9142 = CARTESIAN_POINT('',(-1.5,0.579688902847));
#9143 = DIRECTION('',(-1.,-2.030122102172E-15));
#9144 = ( GEOMETRIC_REPRESENTATION_CONTEXT(2) 
PARAMETRIC_REPRESENTATION_CONTEXT() REPRESENTATION_CONTEXT('2D SPACE',''
  ) );
#9145 = ADVANCED_FACE('',(#9146),#7250,.T.);
#9146 = FACE_BOUND('',#9147,.T.);
#9147 = EDGE_LOOP('',(#9148,#9149,#9150,#9171));
#9148 = ORIENTED_EDGE('',*,*,#8482,.F.);
#9149 = ORIENTED_EDGE('',*,*,#7233,.F.);
#9150 = ORIENTED_EDGE('',*,*,#9151,.T.);
#9151 = EDGE_CURVE('',#7234,#9101,#9152,.T.);
#9152 = SURFACE_CURVE('',#9153,(#9157,#9164),.PCURVE_S1.);
#9153 = LINE('',#9154,#9155);
#9154 = CARTESIAN_POINT('',(23.5,19.5,68.75));
#9155 = VECTOR('',#9156,1.);
#9156 = DIRECTION('',(0.,1.,0.));
#9157 = PCURVE('',#7250,#9158);
#9158 = DEFINITIONAL_REPRESENTATION('',(#9159),#9163);
#9159 = LINE('',#9160,#9161);
#9160 = CARTESIAN_POINT('',(1.570796326795,0.));
#9161 = VECTOR('',#9162,1.);
#9162 = DIRECTION('',(0.,1.));
#9163 = ( GEOMETRIC_REPRESENTATION_CONTEXT(2) 
PARAMETRIC_REPRESENTATION_CONTEXT() REPRESENTATION_CONTEXT('2D SPACE',''
  ) );
#9164 = PCURVE('',#7280,#9165);
#9165 = DEFINITIONAL_REPRESENTATION('',(#9166),#9170);
#9166 = LINE('',#9167,#9168);
#9167 = CARTESIAN_POINT('',(-3.25,1.079688902847));
#9168 = VECTOR('',#9169,1.);
#9169 = DIRECTION('',(0.,-1.));
#9170 = ( GEOMETRIC_REPRESENTATION_CONTEXT(2) 
PARAMETRIC_REPRESENTATION_CONTEXT() REPRESENTATION_CONTEXT('2D SPACE',''
  ) );
#9171 = ORIENTED_EDGE('',*,*,#9100,.F.);
#9172 = ADVANCED_FACE('',(#9173),#7280,.F.);
#9173 = FACE_BOUND('',#9174,.F.);
#9174 = EDGE_LOOP('',(#9175,#9196,#9197,#9198,#9199,#9200));
#9175 = ORIENTED_EDGE('',*,*,#9176,.T.);
#9176 = EDGE_CURVE('',#8909,#7266,#9177,.T.);
#9177 = SURFACE_CURVE('',#9178,(#9182,#9189),.PCURVE_S1.);
#9178 = LINE('',#9179,#9180);
#9179 = CARTESIAN_POINT('',(23.5,20.,75.25));
#9180 = VECTOR('',#9181,1.);
#9181 = DIRECTION('',(0.,-1.,0.));
#9182 = PCURVE('',#7280,#9183);
#9183 = DEFINITIONAL_REPRESENTATION('',(#9184),#9188);
#9184 = LINE('',#9185,#9186);
#9185 = CARTESIAN_POINT('',(3.25,0.579688902847));
#9186 = VECTOR('',#9187,1.);
#9187 = DIRECTION('',(0.,1.));
#9188 = ( GEOMETRIC_REPRESENTATION_CONTEXT(2) 
PARAMETRIC_REPRESENTATION_CONTEXT() REPRESENTATION_CONTEXT('2D SPACE',''
  ) );
#9189 = PCURVE('',#7308,#9190);
#9190 = DEFINITIONAL_REPRESENTATION('',(#9191),#9195);
#9191 = LINE('',#9192,#9193);
#9192 = CARTESIAN_POINT('',(1.570796326795,0.));
#9193 = VECTOR('',#9194,1.);
#9194 = DIRECTION('',(0.,1.));
#9195 = ( GEOMETRIC_REPRESENTATION_CONTEXT(2) 
PARAMETRIC_REPRESENTATION_CONTEXT() REPRESENTATION_CONTEXT('2D SPACE',''
  ) );
#9196 = ORIENTED_EDGE('',*,*,#7265,.F.);
#9197 = ORIENTED_EDGE('',*,*,#9151,.T.);
#9198 = ORIENTED_EDGE('',*,*,#9124,.T.);
#9199 = ORIENTED_EDGE('',*,*,#9025,.T.);
#9200 = ORIENTED_EDGE('',*,*,#8930,.T.);
#9201 = ADVANCED_FACE('',(#9202),#7308,.T.);
#9202 = FACE_BOUND('',#9203,.T.);
#9203 = EDGE_LOOP('',(#9204,#9225,#9226,#9227));
#9204 = ORIENTED_EDGE('',*,*,#9205,.F.);
#9205 = EDGE_CURVE('',#8763,#7292,#9206,.T.);
#9206 = SURFACE_CURVE('',#9207,(#9211,#9218),.PCURVE_S1.);
#9207 = LINE('',#9208,#9209);
#9208 = CARTESIAN_POINT('',(23.75,20.,75.5));
#9209 = VECTOR('',#9210,1.);
#9210 = DIRECTION('',(0.,-1.,0.));
#9211 = PCURVE('',#7308,#9212);
#9212 = DEFINITIONAL_REPRESENTATION('',(#9213),#9217);
#9213 = LINE('',#9214,#9215);
#9214 = CARTESIAN_POINT('',(0.,0.));
#9215 = VECTOR('',#9216,1.);
#9216 = DIRECTION('',(0.,1.));
#9217 = ( GEOMETRIC_REPRESENTATION_CONTEXT(2) 
PARAMETRIC_REPRESENTATION_CONTEXT() REPRESENTATION_CONTEXT('2D SPACE',''
  ) );
#9218 = PCURVE('',#7338,#9219);
#9219 = DEFINITIONAL_REPRESENTATION('',(#9220),#9224);
#9220 = LINE('',#9221,#9222);
#9221 = CARTESIAN_POINT('',(0.,-0.25));
#9222 = VECTOR('',#9223,1.);
#9223 = DIRECTION('',(1.,0.));
#9224 = ( GEOMETRIC_REPRESENTATION_CONTEXT(2) 
PARAMETRIC_REPRESENTATION_CONTEXT() REPRESENTATION_CONTEXT('2D SPACE',''
  ) );
#9225 = ORIENTED_EDGE('',*,*,#8908,.T.);
#9226 = ORIENTED_EDGE('',*,*,#9176,.T.);
#9227 = ORIENTED_EDGE('',*,*,#7291,.F.);
#9228 = ADVANCED_FACE('',(#9229),#7338,.F.);
#9229 = FACE_BOUND('',#9230,.F.);
#9230 = EDGE_LOOP('',(#9231,#9232,#9233,#9254));
#9231 = ORIENTED_EDGE('',*,*,#9205,.F.);
#9232 = ORIENTED_EDGE('',*,*,#8762,.T.);
#9233 = ORIENTED_EDGE('',*,*,#9234,.T.);
#9234 = EDGE_CURVE('',#8734,#7324,#9235,.T.);
#9235 = SURFACE_CURVE('',#9236,(#9240,#9247),.PCURVE_S1.);
#9236 = LINE('',#9237,#9238);
#9237 = CARTESIAN_POINT('',(26.25,20.,75.5));
#9238 = VECTOR('',#9239,1.);
#9239 = DIRECTION('',(0.,-1.,0.));
#9240 = PCURVE('',#7338,#9241);
#9241 = DEFINITIONAL_REPRESENTATION('',(#9242),#9246);
#9242 = LINE('',#9243,#9244);
#9243 = CARTESIAN_POINT('',(0.,-2.75));
#9244 = VECTOR('',#9245,1.);
#9245 = DIRECTION('',(1.,0.));
#9246 = ( GEOMETRIC_REPRESENTATION_CONTEXT(2) 
PARAMETRIC_REPRESENTATION_CONTEXT() REPRESENTATION_CONTEXT('2D SPACE',''
  ) );
#9247 = PCURVE('',#7366,#9248);
#9248 = DEFINITIONAL_REPRESENTATION('',(#9249),#9253);
#9249 = LINE('',#9250,#9251);
#9250 = CARTESIAN_POINT('',(0.,0.));
#9251 = VECTOR('',#9252,1.);
#9252 = DIRECTION('',(0.,1.));
#9253 = ( GEOMETRIC_REPRESENTATION_CONTEXT(2) 
PARAMETRIC_REPRESENTATION_CONTEXT() REPRESENTATION_CONTEXT('2D SPACE',''
  ) );
#9254 = ORIENTED_EDGE('',*,*,#7323,.F.);
#9255 = ADVANCED_FACE('',(#9256),#7366,.T.);
#9256 = FACE_BOUND('',#9257,.F.);
#9257 = EDGE_LOOP('',(#9258,#9259,#9260,#9281));
#9258 = ORIENTED_EDGE('',*,*,#9234,.F.);
#9259 = ORIENTED_EDGE('',*,*,#8838,.T.);
#9260 = ORIENTED_EDGE('',*,*,#9261,.T.);
#9261 = EDGE_CURVE('',#8839,#7350,#9262,.T.);
#9262 = SURFACE_CURVE('',#9263,(#9267,#9274),.PCURVE_S1.);
#9263 = LINE('',#9264,#9265);
#9264 = CARTESIAN_POINT('',(26.5,20.,75.25));
#9265 = VECTOR('',#9266,1.);
#9266 = DIRECTION('',(0.,-1.,0.));
#9267 = PCURVE('',#7366,#9268);
#9268 = DEFINITIONAL_REPRESENTATION('',(#9269),#9273);
#9269 = LINE('',#9270,#9271);
#9270 = CARTESIAN_POINT('',(-1.570796326795,0.));
#9271 = VECTOR('',#9272,1.);
#9272 = DIRECTION('',(0.,1.));
#9273 = ( GEOMETRIC_REPRESENTATION_CONTEXT(2) 
PARAMETRIC_REPRESENTATION_CONTEXT() REPRESENTATION_CONTEXT('2D SPACE',''
  ) );
#9274 = PCURVE('',#7394,#9275);
#9275 = DEFINITIONAL_REPRESENTATION('',(#9276),#9280);
#9276 = LINE('',#9277,#9278);
#9277 = CARTESIAN_POINT('',(3.25,0.579688902847));
#9278 = VECTOR('',#9279,1.);
#9279 = DIRECTION('',(0.,1.));
#9280 = ( GEOMETRIC_REPRESENTATION_CONTEXT(2) 
PARAMETRIC_REPRESENTATION_CONTEXT() REPRESENTATION_CONTEXT('2D SPACE',''
  ) );
#9281 = ORIENTED_EDGE('',*,*,#7349,.T.);
#9282 = ADVANCED_FACE('',(#9283),#7394,.T.);
#9283 = FACE_BOUND('',#9284,.T.);
#9284 = EDGE_LOOP('',(#9285,#9286,#9287,#9308,#9309,#9310));
#9285 = ORIENTED_EDGE('',*,*,#9261,.T.);
#9286 = ORIENTED_EDGE('',*,*,#7381,.F.);
#9287 = ORIENTED_EDGE('',*,*,#9288,.T.);
#9288 = EDGE_CURVE('',#7176,#9052,#9289,.T.);
#9289 = SURFACE_CURVE('',#9290,(#9294,#9301),.PCURVE_S1.);
#9290 = LINE('',#9291,#9292);
#9291 = CARTESIAN_POINT('',(26.5,19.5,68.75));
#9292 = VECTOR('',#9293,1.);
#9293 = DIRECTION('',(0.,1.,0.));
#9294 = PCURVE('',#7394,#9295);
#9295 = DEFINITIONAL_REPRESENTATION('',(#9296),#9300);
#9296 = LINE('',#9297,#9298);
#9297 = CARTESIAN_POINT('',(-3.25,1.079688902847));
#9298 = VECTOR('',#9299,1.);
#9299 = DIRECTION('',(0.,-1.));
#9300 = ( GEOMETRIC_REPRESENTATION_CONTEXT(2) 
PARAMETRIC_REPRESENTATION_CONTEXT() REPRESENTATION_CONTEXT('2D SPACE',''
  ) );
#9301 = PCURVE('',#7192,#9302);
#9302 = DEFINITIONAL_REPRESENTATION('',(#9303),#9307);
#9303 = LINE('',#9304,#9305);
#9304 = CARTESIAN_POINT('',(-1.570796326795,0.));
#9305 = VECTOR('',#9306,1.);
#9306 = DIRECTION('',(0.,1.));
#9307 = ( GEOMETRIC_REPRESENTATION_CONTEXT(2) 
PARAMETRIC_REPRESENTATION_CONTEXT() REPRESENTATION_CONTEXT('2D SPACE',''
  ) );
#9308 = ORIENTED_EDGE('',*,*,#9075,.T.);
#9309 = ORIENTED_EDGE('',*,*,#8977,.T.);
#9310 = ORIENTED_EDGE('',*,*,#8860,.T.);
#9311 = ADVANCED_FACE('',(#9312),#7192,.T.);
#9312 = FACE_BOUND('',#9313,.F.);
#9313 = EDGE_LOOP('',(#9314,#9315,#9316,#9317));
#9314 = ORIENTED_EDGE('',*,*,#8506,.F.);
#9315 = ORIENTED_EDGE('',*,*,#7173,.T.);
#9316 = ORIENTED_EDGE('',*,*,#9288,.T.);
#9317 = ORIENTED_EDGE('',*,*,#9051,.F.);
#9318 = ADVANCED_FACE('',(#9319),#358,.F.);
#9319 = FACE_BOUND('',#9320,.F.);
#9320 = EDGE_LOOP('',(#9321,#9344,#9365,#9366));
#9321 = ORIENTED_EDGE('',*,*,#9322,.T.);
#9322 = EDGE_CURVE('',#315,#9323,#9325,.T.);
#9323 = VERTEX_POINT('',#9324);
#9324 = CARTESIAN_POINT('',(31.,19.704,42.696));
#9325 = SURFACE_CURVE('',#9326,(#9330,#9337),.PCURVE_S1.);
#9326 = LINE('',#9327,#9328);
#9327 = CARTESIAN_POINT('',(0.,19.704,42.696));
#9328 = VECTOR('',#9329,1.);
#9329 = DIRECTION('',(1.,0.,0.));
#9330 = PCURVE('',#358,#9331);
#9331 = DEFINITIONAL_REPRESENTATION('',(#9332),#9336);
#9332 = LINE('',#9333,#9334);
#9333 = CARTESIAN_POINT('',(0.,0.));
#9334 = VECTOR('',#9335,1.);
#9335 = DIRECTION('',(0.,-1.));
#9336 = ( GEOMETRIC_REPRESENTATION_CONTEXT(2) 
PARAMETRIC_REPRESENTATION_CONTEXT() REPRESENTATION_CONTEXT('2D SPACE',''
  ) );
#9337 = PCURVE('',#330,#9338);
#9338 = DEFINITIONAL_REPRESENTATION('',(#9339),#9343);
#9339 = LINE('',#9340,#9341);
#9340 = CARTESIAN_POINT('',(12.860071889379,0.));
#9341 = VECTOR('',#9342,1.);
#9342 = DIRECTION('',(0.,-1.));
#9343 = ( GEOMETRIC_REPRESENTATION_CONTEXT(2) 
PARAMETRIC_REPRESENTATION_CONTEXT() REPRESENTATION_CONTEXT('2D SPACE',''
  ) );
#9344 = ORIENTED_EDGE('',*,*,#9345,.T.);
#9345 = EDGE_CURVE('',#9323,#7126,#9346,.T.);
#9346 = SURFACE_CURVE('',#9347,(#9351,#9358),.PCURVE_S1.);
#9347 = LINE('',#9348,#9349);
#9348 = CARTESIAN_POINT('',(31.,19.704,42.696));
#9349 = VECTOR('',#9350,1.);
#9350 = DIRECTION('',(0.,1.067105545268E-02,0.999943062667));
#9351 = PCURVE('',#358,#9352);
#9352 = DEFINITIONAL_REPRESENTATION('',(#9353),#9357);
#9353 = LINE('',#9354,#9355);
#9354 = CARTESIAN_POINT('',(0.,-31.));
#9355 = VECTOR('',#9356,1.);
#9356 = DIRECTION('',(1.,0.));
#9357 = ( GEOMETRIC_REPRESENTATION_CONTEXT(2) 
PARAMETRIC_REPRESENTATION_CONTEXT() REPRESENTATION_CONTEXT('2D SPACE',''
  ) );
#9358 = PCURVE('',#119,#9359);
#9359 = DEFINITIONAL_REPRESENTATION('',(#9360),#9364);
#9360 = LINE('',#9361,#9362);
#9361 = CARTESIAN_POINT('',(-1.443949715536,-0.885823770594));
#9362 = VECTOR('',#9363,1.);
#9363 = DIRECTION('',(0.999943062667,-1.067105545268E-02));
#9364 = ( GEOMETRIC_REPRESENTATION_CONTEXT(2) 
PARAMETRIC_REPRESENTATION_CONTEXT() REPRESENTATION_CONTEXT('2D SPACE',''
  ) );
#9365 = ORIENTED_EDGE('',*,*,#7125,.F.);
#9366 = ORIENTED_EDGE('',*,*,#342,.F.);
#9367 = ADVANCED_FACE('',(#9368),#330,.F.);
#9368 = FACE_BOUND('',#9369,.F.);
#9369 = EDGE_LOOP('',(#9370,#9393,#9414,#9415));
#9370 = ORIENTED_EDGE('',*,*,#9371,.T.);
#9371 = EDGE_CURVE('',#292,#9372,#9374,.T.);
#9372 = VERTEX_POINT('',#9373);
#9373 = CARTESIAN_POINT('',(31.,19.661,29.836));
#9374 = SURFACE_CURVE('',#9375,(#9379,#9386),.PCURVE_S1.);
#9375 = LINE('',#9376,#9377);
#9376 = CARTESIAN_POINT('',(0.,19.661,29.836));
#9377 = VECTOR('',#9378,1.);
#9378 = DIRECTION('',(1.,0.,0.));
#9379 = PCURVE('',#330,#9380);
#9380 = DEFINITIONAL_REPRESENTATION('',(#9381),#9385);
#9381 = LINE('',#9382,#9383);
#9382 = CARTESIAN_POINT('',(0.,0.));
#9383 = VECTOR('',#9384,1.);
#9384 = DIRECTION('',(0.,-1.));
#9385 = ( GEOMETRIC_REPRESENTATION_CONTEXT(2) 
PARAMETRIC_REPRESENTATION_CONTEXT() REPRESENTATION_CONTEXT('2D SPACE',''
  ) );
#9386 = PCURVE('',#147,#9387);
#9387 = DEFINITIONAL_REPRESENTATION('',(#9388),#9392);
#9388 = LINE('',#9389,#9390);
#9389 = CARTESIAN_POINT('',(10.536694785368,0.));
#9390 = VECTOR('',#9391,1.);
#9391 = DIRECTION('',(0.,-1.));
#9392 = ( GEOMETRIC_REPRESENTATION_CONTEXT(2) 
PARAMETRIC_REPRESENTATION_CONTEXT() REPRESENTATION_CONTEXT('2D SPACE',''
  ) );
#9393 = ORIENTED_EDGE('',*,*,#9394,.T.);
#9394 = EDGE_CURVE('',#9372,#9323,#9395,.T.);
#9395 = SURFACE_CURVE('',#9396,(#9400,#9407),.PCURVE_S1.);
#9396 = LINE('',#9397,#9398);
#9397 = CARTESIAN_POINT('',(31.,19.661,29.836));
#9398 = VECTOR('',#9399,1.);
#9399 = DIRECTION('',(0.,3.343682707988E-03,0.999994409877));
#9400 = PCURVE('',#330,#9401);
#9401 = DEFINITIONAL_REPRESENTATION('',(#9402),#9406);
#9402 = LINE('',#9403,#9404);
#9403 = CARTESIAN_POINT('',(0.,-31.));
#9404 = VECTOR('',#9405,1.);
#9405 = DIRECTION('',(1.,0.));
#9406 = ( GEOMETRIC_REPRESENTATION_CONTEXT(2) 
PARAMETRIC_REPRESENTATION_CONTEXT() REPRESENTATION_CONTEXT('2D SPACE',''
  ) );
#9407 = PCURVE('',#119,#9408);
#9408 = DEFINITIONAL_REPRESENTATION('',(#9409),#9413);
#9409 = LINE('',#9410,#9411);
#9410 = CARTESIAN_POINT('',(-14.30394971553,-0.842823770594));
#9411 = VECTOR('',#9412,1.);
#9412 = DIRECTION('',(0.999994409877,-3.343682707988E-03));
#9413 = ( GEOMETRIC_REPRESENTATION_CONTEXT(2) 
PARAMETRIC_REPRESENTATION_CONTEXT() REPRESENTATION_CONTEXT('2D SPACE',''
  ) );
#9414 = ORIENTED_EDGE('',*,*,#9322,.F.);
#9415 = ORIENTED_EDGE('',*,*,#314,.F.);
#9416 = ADVANCED_FACE('',(#9417),#180,.F.);
#9417 = FACE_BOUND('',#9418,.F.);
#9418 = EDGE_LOOP('',(#9419,#9420));
#9419 = ORIENTED_EDGE('',*,*,#159,.T.);
#9420 = ORIENTED_EDGE('',*,*,#9421,.T.);
#9421 = EDGE_CURVE('',#132,#160,#9422,.T.);
#9422 = SURFACE_CURVE('',#9423,(#9428,#9439),.PCURVE_S1.);
#9423 = ELLIPSE('',#9424,12.000916335689,12.);
#9424 = AXIS2_PLACEMENT_3D('',#9425,#9426,#9427);
#9425 = CARTESIAN_POINT('',(15.5,19.871604986398,11.497701349676));
#9426 = DIRECTION('',(0.,-0.999934060407,-1.14836770415E-02));
#9427 = DIRECTION('',(0.,-1.14836770415E-02,0.999934060407));
#9428 = PCURVE('',#180,#9429);
#9429 = DEFINITIONAL_REPRESENTATION('',(#9430),#9438);
#9430 = B_SPLINE_CURVE_WITH_KNOTS('',6,(#9431,#9432,#9433,#9434,#9435,
    #9436,#9437),.UNSPECIFIED.,.F.,.F.,(7,7),(5.420211271864,
    7.146159342495),.PIECEWISE_BEZIER_KNOTS.);
#9431 = CARTESIAN_POINT('',(5.5753630157,-5.99999953721E-07));
#9432 = CARTESIAN_POINT('',(5.287705003928,3.241136074234E-02));
#9433 = CARTESIAN_POINT('',(5.000046992157,5.524837371691E-02));
#9434 = CARTESIAN_POINT('',(4.712388980385,6.368891993094E-02));
#9435 = CARTESIAN_POINT('',(4.424730968613,5.524837371691E-02));
#9436 = CARTESIAN_POINT('',(4.137072956841,3.241136074234E-02));
#9437 = CARTESIAN_POINT('',(3.849414945069,-5.99999953721E-07));
#9438 = ( GEOMETRIC_REPRESENTATION_CONTEXT(2) 
PARAMETRIC_REPRESENTATION_CONTEXT() REPRESENTATION_CONTEXT('2D SPACE',''
  ) );
#9439 = PCURVE('',#147,#9440);
#9440 = DEFINITIONAL_REPRESENTATION('',(#9441),#9445);
#9441 = ELLIPSE('',#9442,12.000916335689,12.);
#9442 = AXIS2_PLACEMENT_2D('',#9443,#9444);
#9443 = CARTESIAN_POINT('',(-7.80281316465,-15.5));
#9444 = DIRECTION('',(1.,0.));
#9445 = ( GEOMETRIC_REPRESENTATION_CONTEXT(2) 
PARAMETRIC_REPRESENTATION_CONTEXT() REPRESENTATION_CONTEXT('2D SPACE',''
  ) );
#9446 = ADVANCED_FACE('',(#9447),#147,.F.);
#9447 = FACE_BOUND('',#9448,.F.);
#9448 = EDGE_LOOP('',(#9449,#9450,#9451,#9452,#9453,#9474));
#9449 = ORIENTED_EDGE('',*,*,#291,.F.);
#9450 = ORIENTED_EDGE('',*,*,#192,.T.);
#9451 = ORIENTED_EDGE('',*,*,#9421,.F.);
#9452 = ORIENTED_EDGE('',*,*,#131,.T.);
#9453 = ORIENTED_EDGE('',*,*,#9454,.T.);
#9454 = EDGE_CURVE('',#104,#9372,#9455,.T.);
#9455 = SURFACE_CURVE('',#9456,(#9460,#9467),.PCURVE_S1.);
#9456 = LINE('',#9457,#9458);
#9457 = CARTESIAN_POINT('',(31.,19.782,19.3));
#9458 = VECTOR('',#9459,1.);
#9459 = DIRECTION('',(0.,-1.14836770415E-02,0.999934060407));
#9460 = PCURVE('',#147,#9461);
#9461 = DEFINITIONAL_REPRESENTATION('',(#9462),#9466);
#9462 = LINE('',#9463,#9464);
#9463 = CARTESIAN_POINT('',(0.,-31.));
#9464 = VECTOR('',#9465,1.);
#9465 = DIRECTION('',(1.,0.));
#9466 = ( GEOMETRIC_REPRESENTATION_CONTEXT(2) 
PARAMETRIC_REPRESENTATION_CONTEXT() REPRESENTATION_CONTEXT('2D SPACE',''
  ) );
#9467 = PCURVE('',#119,#9468);
#9468 = DEFINITIONAL_REPRESENTATION('',(#9469),#9473);
#9469 = LINE('',#9470,#9471);
#9470 = CARTESIAN_POINT('',(-24.83994971553,-0.963823770594));
#9471 = VECTOR('',#9472,1.);
#9472 = DIRECTION('',(0.999934060407,1.14836770415E-02));
#9473 = ( GEOMETRIC_REPRESENTATION_CONTEXT(2) 
PARAMETRIC_REPRESENTATION_CONTEXT() REPRESENTATION_CONTEXT('2D SPACE',''
  ) );
#9474 = ORIENTED_EDGE('',*,*,#9371,.F.);
#9475 = ADVANCED_FACE('',(#9476),#119,.T.);
#9476 = FACE_BOUND('',#9477,.T.);
#9477 = EDGE_LOOP('',(#9478,#9499,#9500,#9501,#9502,#9503,#9504,#9505,
    #9506,#9507,#9508,#9509,#9510,#9511));
#9478 = ORIENTED_EDGE('',*,*,#9479,.T.);
#9479 = EDGE_CURVE('',#872,#76,#9480,.T.);
#9480 = SURFACE_CURVE('',#9481,(#9485,#9492),.PCURVE_S1.);
#9481 = LINE('',#9482,#9483);
#9482 = CARTESIAN_POINT('',(31.,17.968,11.5));
#9483 = VECTOR('',#9484,1.);
#9484 = DIRECTION('',(0.,1.,0.));
#9485 = PCURVE('',#119,#9486);
#9486 = DEFINITIONAL_REPRESENTATION('',(#9487),#9491);
#9487 = LINE('',#9488,#9489);
#9488 = CARTESIAN_POINT('',(-32.63994971553,0.850176229406));
#9489 = VECTOR('',#9490,1.);
#9490 = DIRECTION('',(0.,-1.));
#9491 = ( GEOMETRIC_REPRESENTATION_CONTEXT(2) 
PARAMETRIC_REPRESENTATION_CONTEXT() REPRESENTATION_CONTEXT('2D SPACE',''
  ) );
#9492 = PCURVE('',#91,#9493);
#9493 = DEFINITIONAL_REPRESENTATION('',(#9494),#9498);
#9494 = LINE('',#9495,#9496);
#9495 = CARTESIAN_POINT('',(0.,-31.));
#9496 = VECTOR('',#9497,1.);
#9497 = DIRECTION('',(1.,0.));
#9498 = ( GEOMETRIC_REPRESENTATION_CONTEXT(2) 
PARAMETRIC_REPRESENTATION_CONTEXT() REPRESENTATION_CONTEXT('2D SPACE',''
  ) );
#9499 = ORIENTED_EDGE('',*,*,#103,.T.);
#9500 = ORIENTED_EDGE('',*,*,#9454,.T.);
#9501 = ORIENTED_EDGE('',*,*,#9394,.T.);
#9502 = ORIENTED_EDGE('',*,*,#9345,.T.);
#9503 = ORIENTED_EDGE('',*,*,#7148,.T.);
#9504 = ORIENTED_EDGE('',*,*,#7098,.T.);
#9505 = ORIENTED_EDGE('',*,*,#7049,.T.);
#9506 = ORIENTED_EDGE('',*,*,#6999,.T.);
#9507 = ORIENTED_EDGE('',*,*,#6929,.F.);
#9508 = ORIENTED_EDGE('',*,*,#6889,.F.);
#9509 = ORIENTED_EDGE('',*,*,#6760,.T.);
#9510 = ORIENTED_EDGE('',*,*,#3856,.T.);
#9511 = ORIENTED_EDGE('',*,*,#871,.T.);
#9512 = ADVANCED_FACE('',(#9513),#91,.F.);
#9513 = FACE_BOUND('',#9514,.F.);
#9514 = EDGE_LOOP('',(#9515,#9631,#9720,#9747,#9827,#9932,#9974,#9975,
    #9976,#9977,#9978,#9979,#9980,#9981,#9982,#9983,#9984,#9985,#9986,
    #9987,#10017));
#9515 = ORIENTED_EDGE('',*,*,#9516,.F.);
#9516 = EDGE_CURVE('',#9517,#9519,#9521,.T.);
#9517 = VERTEX_POINT('',#9518);
#9518 = CARTESIAN_POINT('',(18.13940763652,17.968,11.5));
#9519 = VERTEX_POINT('',#9520);
#9520 = CARTESIAN_POINT('',(22.660470028818,19.668513688886,11.5));
#9521 = SURFACE_CURVE('',#9522,(#9545,#9571),.PCURVE_S1.);
#9522 = B_SPLINE_CURVE_WITH_KNOTS('',6,(#9523,#9524,#9525,#9526,#9527,
    #9528,#9529,#9530,#9531,#9532,#9533,#9534,#9535,#9536,#9537,#9538,
    #9539,#9540,#9541,#9542,#9543,#9544),.UNSPECIFIED.,.F.,.F.,(7,5,5,5,
    7),(0.,6.01766384255E-02,0.134509882598,0.567255946508,1.),
  .UNSPECIFIED.);
#9523 = CARTESIAN_POINT('',(18.13940763652,17.968,11.5));
#9524 = CARTESIAN_POINT('',(18.188834491362,17.968625533918,11.5));
#9525 = CARTESIAN_POINT('',(18.238256197071,17.969663986326,11.5));
#9526 = CARTESIAN_POINT('',(18.287668431396,17.971115310616,11.5));
#9527 = CARTESIAN_POINT('',(18.337066875335,17.972979399089,11.5));
#9528 = CARTESIAN_POINT('',(18.38644721313,17.975256082956,11.5));
#9529 = CARTESIAN_POINT('',(18.496774544181,17.9812667829,11.5));
#9530 = CARTESIAN_POINT('',(18.557709750026,17.985217639463,11.5));
#9531 = CARTESIAN_POINT('',(18.618602620616,17.989797268711,11.5));
#9532 = CARTESIAN_POINT('',(18.679445039302,17.995005096594,11.5));
#9533 = CARTESIAN_POINT('',(18.740228902024,18.000840408298,11.5));
#9534 = CARTESIAN_POINT('',(19.154423705216,18.044921843438,11.5));
#9535 = CARTESIAN_POINT('',(19.505649430611,18.103779918362,11.5));
#9536 = CARTESIAN_POINT('',(19.85301180641,18.183707743264,11.5));
#9537 = CARTESIAN_POINT('',(20.19494161381,18.284372410865,11.5));
#9538 = CARTESIAN_POINT('',(20.529907950393,18.405294924658,11.5));
#9539 = CARTESIAN_POINT('',(21.182937984311,18.686371447999,11.5));
#9540 = CARTESIAN_POINT('',(21.501014171815,18.846531164318,11.5));
#9541 = CARTESIAN_POINT('',(21.809165766271,19.025671876829,11.5));
#9542 = CARTESIAN_POINT('',(22.105989782286,19.223015168666,11.5));
#9543 = CARTESIAN_POINT('',(22.39016830581,19.437645995311,11.5));
#9544 = CARTESIAN_POINT('',(22.660470028818,19.668513688886,11.5));
#9545 = PCURVE('',#91,#9546);
#9546 = DEFINITIONAL_REPRESENTATION('',(#9547),#9570);
#9547 = B_SPLINE_CURVE_WITH_KNOTS('',6,(#9548,#9549,#9550,#9551,#9552,
    #9553,#9554,#9555,#9556,#9557,#9558,#9559,#9560,#9561,#9562,#9563,
    #9564,#9565,#9566,#9567,#9568,#9569),.UNSPECIFIED.,.F.,.F.,(7,5,5,5,
    7),(0.,6.01766384255E-02,0.134509882598,0.567255946508,1.),
  .UNSPECIFIED.);
#9548 = CARTESIAN_POINT('',(0.,-18.13940763652));
#9549 = CARTESIAN_POINT('',(6.255339177699E-04,-18.18883449136));
#9550 = CARTESIAN_POINT('',(1.663986326207E-03,-18.23825619707));
#9551 = CARTESIAN_POINT('',(3.115310615996E-03,-18.28766843139));
#9552 = CARTESIAN_POINT('',(4.979399088619E-03,-18.33706687533));
#9553 = CARTESIAN_POINT('',(7.256082956342E-03,-18.38644721313));
#9554 = CARTESIAN_POINT('',(1.326678290006E-02,-18.49677454418));
#9555 = CARTESIAN_POINT('',(1.721763946265E-02,-18.55770975002));
#9556 = CARTESIAN_POINT('',(2.179726871124E-02,-18.61860262061));
#9557 = CARTESIAN_POINT('',(2.700509659403E-02,-18.6794450393));
#9558 = CARTESIAN_POINT('',(3.2840408298E-02,-18.74022890202));
#9559 = CARTESIAN_POINT('',(7.69218434378E-02,-19.15442370521));
#9560 = CARTESIAN_POINT('',(0.135779918362,-19.50564943061));
#9561 = CARTESIAN_POINT('',(0.215707743264,-19.85301180641));
#9562 = CARTESIAN_POINT('',(0.316372410865,-20.19494161381));
#9563 = CARTESIAN_POINT('',(0.437294924658,-20.52990795039));
#9564 = CARTESIAN_POINT('',(0.718371447999,-21.18293798431));
#9565 = CARTESIAN_POINT('',(0.878531164318,-21.50101417181));
#9566 = CARTESIAN_POINT('',(1.057671876829,-21.80916576627));
#9567 = CARTESIAN_POINT('',(1.255015168666,-22.10598978228));
#9568 = CARTESIAN_POINT('',(1.469645995311,-22.39016830581));
#9569 = CARTESIAN_POINT('',(1.700513688886,-22.66047002881));
#9570 = ( GEOMETRIC_REPRESENTATION_CONTEXT(2) 
PARAMETRIC_REPRESENTATION_CONTEXT() REPRESENTATION_CONTEXT('2D SPACE',''
  ) );
#9571 = PCURVE('',#9572,#9581);
#9572 = SURFACE_OF_REVOLUTION('',#9573,#9578);
#9573 = CIRCLE('',#9574,7.1);
#9574 = AXIS2_PLACEMENT_3D('',#9575,#9576,#9577);
#9575 = CARTESIAN_POINT('',(18.05,25.066550588529,11.621580821726));
#9576 = DIRECTION('',(0.,-2.383937680911E-02,0.999715801672));
#9577 = DIRECTION('',(1.501146624845E-15,-0.999715801672,
    -2.383937680911E-02));
#9578 = AXIS1_PLACEMENT('',#9579,#9580);
#9579 = CARTESIAN_POINT('',(15.5,-2.631603344664E-02,11.023212463818));
#9580 = DIRECTION('',(0.,0.999715801672,2.383937680911E-02));
#9581 = DEFINITIONAL_REPRESENTATION('',(#9582),#9630);
#9582 = B_SPLINE_CURVE_WITH_KNOTS('',3,(#9583,#9584,#9585,#9586,#9587,
    #9588,#9589,#9590,#9591,#9592,#9593,#9594,#9595,#9596,#9597,#9598,
    #9599,#9600,#9601,#9602,#9603,#9604,#9605,#9606,#9607,#9608,#9609,
    #9610,#9611,#9612,#9613,#9614,#9615,#9616,#9617,#9618,#9619,#9620,
    #9621,#9622,#9623,#9624,#9625,#9626,#9627,#9628,#9629),
  .UNSPECIFIED.,.F.,.F.,(4,1,1,1,1,1,1,1,1,1,1,1,1,1,1,1,1,1,1,1,1,1,1,1
    ,1,1,1,1,1,1,1,1,1,1,1,1,1,1,1,1,1,1,1,1,4),(0.,2.272727272727E-02,
    4.545454545455E-02,6.818181818182E-02,9.090909090909E-02,
    0.113636363636,0.136363636364,0.159090909091,0.181818181818,
    0.204545454545,0.227272727273,0.25,0.272727272727,0.295454545455,
    0.318181818182,0.340909090909,0.363636363636,0.386363636364,
    0.409090909091,0.431818181818,0.454545454545,0.477272727273,0.5,
    0.522727272727,0.545454545455,0.568181818182,0.590909090909,
    0.613636363636,0.636363636364,0.659090909091,0.681818181818,
    0.704545454545,0.727272727273,0.75,0.772727272727,0.795454545455,
    0.818181818182,0.840909090909,0.863636363636,0.886363636364,
    0.909090909091,0.931818181818,0.954545454545,0.977272727273,1.),
  .QUASI_UNIFORM_KNOTS.);
#9583 = CARTESIAN_POINT('',(6.265123084475,1.265361095721E-02));
#9584 = CARTESIAN_POINT('',(6.265382719373,1.79115506882E-02));
#9585 = CARTESIAN_POINT('',(6.265885484756,2.842748361418E-02));
#9586 = CARTESIAN_POINT('',(6.266594962371,4.420152466662E-02));
#9587 = CARTESIAN_POINT('',(6.267264895906,5.997568782871E-02));
#9588 = CARTESIAN_POINT('',(6.267899419122,7.574995643512E-02));
#9589 = CARTESIAN_POINT('',(6.268502173761,9.152432110175E-02));
#9590 = CARTESIAN_POINT('',(6.269076301242,0.107298754131));
#9591 = CARTESIAN_POINT('',(6.269624550203,0.123073307644));
#9592 = CARTESIAN_POINT('',(6.270149326453,0.138847976618));
#9593 = CARTESIAN_POINT('',(6.270652747263,0.154622719919));
#9594 = CARTESIAN_POINT('',(6.271136684827,0.170397516584));
#9595 = CARTESIAN_POINT('',(6.271602800717,0.186172349269));
#9596 = CARTESIAN_POINT('',(6.272052575052,0.201947207269));
#9597 = CARTESIAN_POINT('',(6.272487330859,0.217722084352));
#9598 = CARTESIAN_POINT('',(6.272908254633,0.233496978018));
#9599 = CARTESIAN_POINT('',(6.273316413744,0.249271888424));
#9600 = CARTESIAN_POINT('',(6.273712771251,0.265046817414));
#9601 = CARTESIAN_POINT('',(6.274098198555,0.280821767547));
#9602 = CARTESIAN_POINT('',(6.274473486256,0.296596741144));
#9603 = CARTESIAN_POINT('',(6.2748393535,0.312371739308));
#9604 = CARTESIAN_POINT('',(6.275196456056,0.328146761037));
#9605 = CARTESIAN_POINT('',(6.275545393319,0.343921801998));
#9606 = CARTESIAN_POINT('',(6.275886714425,0.359696854492));
#9607 = CARTESIAN_POINT('',(6.276220923494,0.375471902938));
#9608 = CARTESIAN_POINT('',(6.276548484563,0.391246935955));
#9609 = CARTESIAN_POINT('',(6.276869824649,0.407021896418));
#9610 = CARTESIAN_POINT('',(6.277185341193,0.422796863626));
#9611 = CARTESIAN_POINT('',(6.277495401573,0.438571891914));
#9612 = CARTESIAN_POINT('',(6.277800344642,0.454346933388));
#9613 = CARTESIAN_POINT('',(6.278100486108,0.470121976344));
#9614 = CARTESIAN_POINT('',(6.278396119929,0.485897007099));
#9615 = CARTESIAN_POINT('',(6.278687520479,0.501672019125));
#9616 = CARTESIAN_POINT('',(6.278974944225,0.517447009471));
#9617 = CARTESIAN_POINT('',(6.279258631315,0.533221978585));
#9618 = CARTESIAN_POINT('',(6.27953880697,0.548996929197));
#9619 = CARTESIAN_POINT('',(6.279815682754,0.564771865457));
#9620 = CARTESIAN_POINT('',(6.280089457708,0.580546791987));
#9621 = CARTESIAN_POINT('',(6.280360319389,0.596321712959));
#9622 = CARTESIAN_POINT('',(6.280628444794,0.612096631166));
#9623 = CARTESIAN_POINT('',(6.280894001213,0.627871547107));
#9624 = CARTESIAN_POINT('',(6.281157146984,0.643646458053));
#9625 = CARTESIAN_POINT('',(6.281418032244,0.659421357218));
#9626 = CARTESIAN_POINT('',(6.281676799367,0.675196232618));
#9627 = CARTESIAN_POINT('',(6.281933584313,0.690971067139));
#9628 = CARTESIAN_POINT('',(6.282103537624,0.701487578522));
#9629 = CARTESIAN_POINT('',(6.282188226733,0.706745818995));
#9630 = ( GEOMETRIC_REPRESENTATION_CONTEXT(2) 
PARAMETRIC_REPRESENTATION_CONTEXT() REPRESENTATION_CONTEXT('2D SPACE',''
  ) );
#9631 = ORIENTED_EDGE('',*,*,#9632,.T.);
#9632 = EDGE_CURVE('',#9517,#9633,#9635,.T.);
#9633 = VERTEX_POINT('',#9634);
#9634 = CARTESIAN_POINT('',(18.049553969577,17.967431441761,11.5));
#9635 = SURFACE_CURVE('',#9636,(#9659,#9685),.PCURVE_S1.);
#9636 = B_SPLINE_CURVE_WITH_KNOTS('',6,(#9637,#9638,#9639,#9640,#9641,
    #9642,#9643,#9644,#9645,#9646,#9647,#9648,#9649,#9650,#9651,#9652,
    #9653,#9654,#9655,#9656,#9657,#9658),.UNSPECIFIED.,.F.,.F.,(7,5,5,5,
    7),(0.,0.437995990943,0.875993888283,0.942996214249,1.),
  .UNSPECIFIED.);
#9637 = CARTESIAN_POINT('',(22.660470028818,19.668513688886,11.5));
#9638 = CARTESIAN_POINT('',(22.381900195111,19.430584110443,11.5));
#9639 = CARTESIAN_POINT('',(22.088591181757,19.209898827253,11.5));
#9640 = CARTESIAN_POINT('',(21.781890486986,19.007611386709,11.5));
#9641 = CARTESIAN_POINT('',(21.463246611139,18.82471380393,11.5));
#9642 = CARTESIAN_POINT('',(21.134197118258,18.662053577124,11.5));
#9643 = CARTESIAN_POINT('',(20.458558458127,18.378576389806,11.5));
#9644 = CARTESIAN_POINT('',(20.111954161696,18.2577532899,11.5));
#9645 = CARTESIAN_POINT('',(19.75820069037,18.158534033351,11.5));
#9646 = CARTESIAN_POINT('',(19.398980220104,18.081421853242,11.5));
#9647 = CARTESIAN_POINT('',(19.036015700339,18.026755289984,11.5));
#9648 = CARTESIAN_POINT('',(18.615249002505,17.989780706162,11.5));
#9649 = CARTESIAN_POINT('',(18.559376172254,17.985403792273,11.5));
#9650 = CARTESIAN_POINT('',(18.503463185272,17.981556216996,11.5));
#9651 = CARTESIAN_POINT('',(18.447516316748,17.97823842566,11.5));
#9652 = CARTESIAN_POINT('',(18.391541849436,17.9754507634,11.5));
#9653 = CARTESIAN_POINT('',(18.287906366224,17.971273034733,11.5));
#9654 = CARTESIAN_POINT('',(18.240251234795,17.969736486881,11.5));
#9655 = CARTESIAN_POINT('',(18.192584552604,17.968583982446,11.5));
#9656 = CARTESIAN_POINT('',(18.144910195271,17.967815619183,11.5));
#9657 = CARTESIAN_POINT('',(18.097232040801,17.967431441761,11.5));
#9658 = CARTESIAN_POINT('',(18.049553969577,17.967431441761,11.5));
#9659 = PCURVE('',#91,#9660);
#9660 = DEFINITIONAL_REPRESENTATION('',(#9661),#9684);
#9661 = B_SPLINE_CURVE_WITH_KNOTS('',6,(#9662,#9663,#9664,#9665,#9666,
    #9667,#9668,#9669,#9670,#9671,#9672,#9673,#9674,#9675,#9676,#9677,
    #9678,#9679,#9680,#9681,#9682,#9683),.UNSPECIFIED.,.F.,.F.,(7,5,5,5,
    7),(0.,0.437995990943,0.875993888283,0.942996214249,1.),
  .UNSPECIFIED.);
#9662 = CARTESIAN_POINT('',(1.700513688886,-22.66047002881));
#9663 = CARTESIAN_POINT('',(1.462584110443,-22.38190019511));
#9664 = CARTESIAN_POINT('',(1.241898827253,-22.08859118175));
#9665 = CARTESIAN_POINT('',(1.039611386709,-21.78189048698));
#9666 = CARTESIAN_POINT('',(0.85671380393,-21.46324661113));
#9667 = CARTESIAN_POINT('',(0.694053577124,-21.13419711825));
#9668 = CARTESIAN_POINT('',(0.410576389806,-20.45855845812));
#9669 = CARTESIAN_POINT('',(0.2897532899,-20.11195416169));
#9670 = CARTESIAN_POINT('',(0.190534033351,-19.75820069037));
#9671 = CARTESIAN_POINT('',(0.113421853242,-19.3989802201));
#9672 = CARTESIAN_POINT('',(5.87552899842E-02,-19.03601570033));
#9673 = CARTESIAN_POINT('',(2.178070616191E-02,-18.6152490025));
#9674 = CARTESIAN_POINT('',(1.740379227337E-02,-18.55937617225));
#9675 = CARTESIAN_POINT('',(1.355621699594E-02,-18.50346318527));
#9676 = CARTESIAN_POINT('',(1.023842565979E-02,-18.44751631674));
#9677 = CARTESIAN_POINT('',(7.450763400307E-03,-18.39154184943));
#9678 = CARTESIAN_POINT('',(3.273034733379E-03,-18.28790636622));
#9679 = CARTESIAN_POINT('',(1.7364868812E-03,-18.24025123479));
#9680 = CARTESIAN_POINT('',(5.839824456544E-04,-18.1925845526));
#9681 = CARTESIAN_POINT('',(-1.843808170605E-04,-18.14491019527));
#9682 = CARTESIAN_POINT('',(-5.68558238637E-04,-18.0972320408));
#9683 = CARTESIAN_POINT('',(-5.68558238637E-04,-18.04955396957));
#9684 = ( GEOMETRIC_REPRESENTATION_CONTEXT(2) 
PARAMETRIC_REPRESENTATION_CONTEXT() REPRESENTATION_CONTEXT('2D SPACE',''
  ) );
#9685 = PCURVE('',#9686,#9695);
#9686 = SURFACE_OF_REVOLUTION('',#9687,#9692);
#9687 = CIRCLE('',#9688,7.1);
#9688 = AXIS2_PLACEMENT_3D('',#9689,#9690,#9691);
#9689 = CARTESIAN_POINT('',(18.05,25.066550588529,11.621580821726));
#9690 = DIRECTION('',(0.,2.383937680911E-02,-0.999715801672));
#9691 = DIRECTION('',(0.649362477208,-0.760262915044,-1.812934643567E-02
    ));
#9692 = AXIS1_PLACEMENT('',#9693,#9694);
#9693 = CARTESIAN_POINT('',(15.5,-2.631603344664E-02,11.023212463818));
#9694 = DIRECTION('',(0.,0.999715801672,2.383937680911E-02));
#9695 = DEFINITIONAL_REPRESENTATION('',(#9696),#9719);
#9696 = B_SPLINE_CURVE_WITH_KNOTS('',6,(#9697,#9698,#9699,#9700,#9701,
    #9702,#9703,#9704,#9705,#9706,#9707,#9708,#9709,#9710,#9711,#9712,
    #9713,#9714,#9715,#9716,#9717,#9718),.UNSPECIFIED.,.F.,.F.,(7,5,5,5,
    7),(0.,0.437995990943,0.875993888283,0.942996214249,1.),
  .UNSPECIFIED.);
#9697 = CARTESIAN_POINT('',(6.282188226733,0.));
#9698 = CARTESIAN_POINT('',(6.28135729754,5.159165424234E-02));
#9699 = CARTESIAN_POINT('',(6.280504128404,0.103184712443));
#9700 = CARTESIAN_POINT('',(6.279621277376,0.154776647001));
#9701 = CARTESIAN_POINT('',(6.278698505435,0.20636873826));
#9702 = CARTESIAN_POINT('',(6.277722814897,0.257962261645));
#9703 = CARTESIAN_POINT('',(6.275615715444,0.361147244689));
#9704 = CARTESIAN_POINT('',(6.274483744459,0.412740988538));
#9705 = CARTESIAN_POINT('',(6.273251429344,0.464333310675));
#9706 = CARTESIAN_POINT('',(6.271870803803,0.515925371939));
#9707 = CARTESIAN_POINT('',(6.270299419153,0.567518355894));
#9708 = CARTESIAN_POINT('',(6.268053520855,0.627001183045));
#9709 = CARTESIAN_POINT('',(6.267746703778,0.634893209332));
#9710 = CARTESIAN_POINT('',(6.267430383881,0.642785207957));
#9711 = CARTESIAN_POINT('',(6.267103770396,0.650677175966));
#9712 = CARTESIAN_POINT('',(6.266765948409,0.658569109894));
#9713 = CARTESIAN_POINT('',(6.266118049061,0.673175219557));
#9714 = CARTESIAN_POINT('',(6.26581134359,0.679889405781));
#9715 = CARTESIAN_POINT('',(6.26549512501,0.686603562007));
#9716 = CARTESIAN_POINT('',(6.265168644858,0.693317685314));
#9717 = CARTESIAN_POINT('',(6.264831043649,0.700031772282));
#9718 = CARTESIAN_POINT('',(6.264481350878,0.706745818995));
#9719 = ( GEOMETRIC_REPRESENTATION_CONTEXT(2) 
PARAMETRIC_REPRESENTATION_CONTEXT() REPRESENTATION_CONTEXT('2D SPACE',''
  ) );
#9720 = ORIENTED_EDGE('',*,*,#9721,.F.);
#9721 = EDGE_CURVE('',#9722,#9633,#9724,.T.);
#9722 = VERTEX_POINT('',#9723);
#9723 = CARTESIAN_POINT('',(12.950446030423,17.967431441761,11.5));
#9724 = SURFACE_CURVE('',#9725,(#9729,#9736),.PCURVE_S1.);
#9725 = LINE('',#9726,#9727);
#9726 = CARTESIAN_POINT('',(7.25,17.967431441761,11.5));
#9727 = VECTOR('',#9728,1.);
#9728 = DIRECTION('',(1.,0.,0.));
#9729 = PCURVE('',#91,#9730);
#9730 = DEFINITIONAL_REPRESENTATION('',(#9731),#9735);
#9731 = LINE('',#9732,#9733);
#9732 = CARTESIAN_POINT('',(-5.68558238637E-04,-7.25));
#9733 = VECTOR('',#9734,1.);
#9734 = DIRECTION('',(0.,-1.));
#9735 = ( GEOMETRIC_REPRESENTATION_CONTEXT(2) 
PARAMETRIC_REPRESENTATION_CONTEXT() REPRESENTATION_CONTEXT('2D SPACE',''
  ) );
#9736 = PCURVE('',#9737,#9742);
#9737 = PLANE('',#9738);
#9738 = AXIS2_PLACEMENT_3D('',#9739,#9740,#9741);
#9739 = CARTESIAN_POINT('',(15.5,17.968568396655,11.452321246382));
#9740 = DIRECTION('',(0.,0.999715801672,2.383937680911E-02));
#9741 = DIRECTION('',(1.,0.,0.));
#9742 = DEFINITIONAL_REPRESENTATION('',(#9743),#9746);
#9743 = B_SPLINE_CURVE_WITH_KNOTS('',1,(#9744,#9745),.UNSPECIFIED.,.F.,
  .F.,(2,2),(5.7,10.8),.PIECEWISE_BEZIER_KNOTS.);
#9744 = CARTESIAN_POINT('',(-2.55,-4.769230769231E-02));
#9745 = CARTESIAN_POINT('',(2.55,-4.769230769231E-02));
#9746 = ( GEOMETRIC_REPRESENTATION_CONTEXT(2) 
PARAMETRIC_REPRESENTATION_CONTEXT() REPRESENTATION_CONTEXT('2D SPACE',''
  ) );
#9747 = ORIENTED_EDGE('',*,*,#9748,.F.);
#9748 = EDGE_CURVE('',#9749,#9722,#9751,.T.);
#9749 = VERTEX_POINT('',#9750);
#9750 = CARTESIAN_POINT('',(12.86059236348,17.968,11.5));
#9751 = SURFACE_CURVE('',#9752,(#9775,#9801),.PCURVE_S1.);
#9752 = B_SPLINE_CURVE_WITH_KNOTS('',6,(#9753,#9754,#9755,#9756,#9757,
    #9758,#9759,#9760,#9761,#9762,#9763,#9764,#9765,#9766,#9767,#9768,
    #9769,#9770,#9771,#9772,#9773,#9774),.UNSPECIFIED.,.F.,.F.,(7,5,5,5,
    7),(0.,0.437995990943,0.875993888283,0.942996214249,1.),
  .UNSPECIFIED.);
#9753 = CARTESIAN_POINT('',(8.339529971182,19.668513688886,11.5));
#9754 = CARTESIAN_POINT('',(8.61809980489,19.430584110443,11.5));
#9755 = CARTESIAN_POINT('',(8.911408818242,19.209898827254,11.5));
#9756 = CARTESIAN_POINT('',(9.218109513016,19.007611386707,11.5));
#9757 = CARTESIAN_POINT('',(9.53675338886,18.824713803931,11.5));
#9758 = CARTESIAN_POINT('',(9.865802881742,18.662053577124,11.5));
#9759 = CARTESIAN_POINT('',(10.541441541873,18.378576389806,11.5));
#9760 = CARTESIAN_POINT('',(10.888045838302,18.2577532899,11.5));
#9761 = CARTESIAN_POINT('',(11.241799309633,18.15853403335,11.5));
#9762 = CARTESIAN_POINT('',(11.601019779894,18.081421853242,11.5));
#9763 = CARTESIAN_POINT('',(11.963984299661,18.026755289984,11.5));
#9764 = CARTESIAN_POINT('',(12.384750997495,17.989780706162,11.5));
#9765 = CARTESIAN_POINT('',(12.440623827746,17.985403792273,11.5));
#9766 = CARTESIAN_POINT('',(12.496536814728,17.981556216996,11.5));
#9767 = CARTESIAN_POINT('',(12.552483683252,17.97823842566,11.5));
#9768 = CARTESIAN_POINT('',(12.608458150564,17.9754507634,11.5));
#9769 = CARTESIAN_POINT('',(12.712093633776,17.971273034733,11.5));
#9770 = CARTESIAN_POINT('',(12.759748765205,17.969736486881,11.5));
#9771 = CARTESIAN_POINT('',(12.807415447396,17.968583982446,11.5));
#9772 = CARTESIAN_POINT('',(12.855089804729,17.967815619183,11.5));
#9773 = CARTESIAN_POINT('',(12.902767959199,17.967431441761,11.5));
#9774 = CARTESIAN_POINT('',(12.950446030423,17.967431441761,11.5));
#9775 = PCURVE('',#91,#9776);
#9776 = DEFINITIONAL_REPRESENTATION('',(#9777),#9800);
#9777 = B_SPLINE_CURVE_WITH_KNOTS('',6,(#9778,#9779,#9780,#9781,#9782,
    #9783,#9784,#9785,#9786,#9787,#9788,#9789,#9790,#9791,#9792,#9793,
    #9794,#9795,#9796,#9797,#9798,#9799),.UNSPECIFIED.,.F.,.F.,(7,5,5,5,
    7),(0.,0.437995990943,0.875993888283,0.942996214249,1.),
  .UNSPECIFIED.);
#9778 = CARTESIAN_POINT('',(1.700513688886,-8.339529971182));
#9779 = CARTESIAN_POINT('',(1.462584110443,-8.61809980489));
#9780 = CARTESIAN_POINT('',(1.241898827254,-8.911408818242));
#9781 = CARTESIAN_POINT('',(1.039611386707,-9.218109513016));
#9782 = CARTESIAN_POINT('',(0.856713803931,-9.53675338886));
#9783 = CARTESIAN_POINT('',(0.694053577124,-9.865802881742));
#9784 = CARTESIAN_POINT('',(0.410576389806,-10.54144154187));
#9785 = CARTESIAN_POINT('',(0.2897532899,-10.8880458383));
#9786 = CARTESIAN_POINT('',(0.19053403335,-11.24179930963));
#9787 = CARTESIAN_POINT('',(0.113421853242,-11.60101977989));
#9788 = CARTESIAN_POINT('',(5.875528998414E-02,-11.96398429966));
#9789 = CARTESIAN_POINT('',(2.178070616191E-02,-12.38475099749));
#9790 = CARTESIAN_POINT('',(1.740379227337E-02,-12.44062382774));
#9791 = CARTESIAN_POINT('',(1.355621699594E-02,-12.49653681472));
#9792 = CARTESIAN_POINT('',(1.023842565979E-02,-12.55248368325));
#9793 = CARTESIAN_POINT('',(7.450763400307E-03,-12.60845815056));
#9794 = CARTESIAN_POINT('',(3.273034733379E-03,-12.71209363377));
#9795 = CARTESIAN_POINT('',(1.7364868812E-03,-12.7597487652));
#9796 = CARTESIAN_POINT('',(5.839824456544E-04,-12.80741544739));
#9797 = CARTESIAN_POINT('',(-1.843808170605E-04,-12.85508980472));
#9798 = CARTESIAN_POINT('',(-5.68558238637E-04,-12.90276795919));
#9799 = CARTESIAN_POINT('',(-5.68558238637E-04,-12.95044603042));
#9800 = ( GEOMETRIC_REPRESENTATION_CONTEXT(2) 
PARAMETRIC_REPRESENTATION_CONTEXT() REPRESENTATION_CONTEXT('2D SPACE',''
  ) );
#9801 = PCURVE('',#9686,#9802);
#9802 = DEFINITIONAL_REPRESENTATION('',(#9803),#9826);
#9803 = B_SPLINE_CURVE_WITH_KNOTS('',6,(#9804,#9805,#9806,#9807,#9808,
    #9809,#9810,#9811,#9812,#9813,#9814,#9815,#9816,#9817,#9818,#9819,
    #9820,#9821,#9822,#9823,#9824,#9825),.UNSPECIFIED.,.F.,.F.,(7,5,5,5,
    7),(0.,0.437995990943,0.875993888283,0.942996214249,1.),
  .UNSPECIFIED.);
#9804 = CARTESIAN_POINT('',(3.142589734036,0.));
#9805 = CARTESIAN_POINT('',(3.14342066323,5.159165424243E-02));
#9806 = CARTESIAN_POINT('',(3.144273832365,0.103184712443));
#9807 = CARTESIAN_POINT('',(3.145156683393,0.154776647001));
#9808 = CARTESIAN_POINT('',(3.146079455334,0.20636873826));
#9809 = CARTESIAN_POINT('',(3.147055145873,0.257962261645));
#9810 = CARTESIAN_POINT('',(3.149162245325,0.361147244689));
#9811 = CARTESIAN_POINT('',(3.150294216311,0.412740988538));
#9812 = CARTESIAN_POINT('',(3.151526531426,0.464333310675));
#9813 = CARTESIAN_POINT('',(3.152907156966,0.515925371939));
#9814 = CARTESIAN_POINT('',(3.154478541616,0.567518355894));
#9815 = CARTESIAN_POINT('',(3.156724439915,0.627001183045));
#9816 = CARTESIAN_POINT('',(3.157031256991,0.634893209332));
#9817 = CARTESIAN_POINT('',(3.157347576888,0.642785207957));
#9818 = CARTESIAN_POINT('',(3.157674190374,0.650677175966));
#9819 = CARTESIAN_POINT('',(3.15801201236,0.658569109894));
#9820 = CARTESIAN_POINT('',(3.158659911708,0.673175219557));
#9821 = CARTESIAN_POINT('',(3.158966617179,0.679889405781));
#9822 = CARTESIAN_POINT('',(3.159282835759,0.686603562007));
#9823 = CARTESIAN_POINT('',(3.159609315912,0.693317685314));
#9824 = CARTESIAN_POINT('',(3.159946917121,0.700031772282));
#9825 = CARTESIAN_POINT('',(3.160296609891,0.706745818995));
#9826 = ( GEOMETRIC_REPRESENTATION_CONTEXT(2) 
PARAMETRIC_REPRESENTATION_CONTEXT() REPRESENTATION_CONTEXT('2D SPACE',''
  ) );
#9827 = ORIENTED_EDGE('',*,*,#9828,.F.);
#9828 = EDGE_CURVE('',#9829,#9749,#9831,.T.);
#9829 = VERTEX_POINT('',#9830);
#9830 = CARTESIAN_POINT('',(8.339529971182,19.668513688886,11.5));
#9831 = SURFACE_CURVE('',#9832,(#9855,#9881),.PCURVE_S1.);
#9832 = B_SPLINE_CURVE_WITH_KNOTS('',6,(#9833,#9834,#9835,#9836,#9837,
    #9838,#9839,#9840,#9841,#9842,#9843,#9844,#9845,#9846,#9847,#9848,
    #9849,#9850,#9851,#9852,#9853,#9854),.UNSPECIFIED.,.F.,.F.,(7,5,5,5,
    7),(7.322431014895E-02,0.505968363641,0.93871442755,1.013047671723,
    1.073224310149),.UNSPECIFIED.);
#9833 = CARTESIAN_POINT('',(8.339529971182,19.668513688886,11.5));
#9834 = CARTESIAN_POINT('',(8.60983169419,19.437645995311,11.5));
#9835 = CARTESIAN_POINT('',(8.894010217714,19.223015168666,11.5));
#9836 = CARTESIAN_POINT('',(9.190834233729,19.025671876829,11.5));
#9837 = CARTESIAN_POINT('',(9.498985828185,18.846531164318,11.5));
#9838 = CARTESIAN_POINT('',(9.817062015688,18.686371448,11.5));
#9839 = CARTESIAN_POINT('',(10.470092049607,18.405294924657,11.5));
#9840 = CARTESIAN_POINT('',(10.805058386189,18.284372410866,11.5));
#9841 = CARTESIAN_POINT('',(11.146988193592,18.183707743264,11.5));
#9842 = CARTESIAN_POINT('',(11.494350569388,18.103779918362,11.5));
#9843 = CARTESIAN_POINT('',(11.845576294784,18.044921843438,11.5));
#9844 = CARTESIAN_POINT('',(12.259771098,18.000840408312,11.5));
#9845 = CARTESIAN_POINT('',(12.320554960693,17.995005096592,11.5));
#9846 = CARTESIAN_POINT('',(12.381397379384,17.989797268711,11.5));
#9847 = CARTESIAN_POINT('',(12.442290249974,17.985217639463,11.5));
#9848 = CARTESIAN_POINT('',(12.503225455819,17.9812667829,11.5));
#9849 = CARTESIAN_POINT('',(12.61355278687,17.975256082956,11.5));
#9850 = CARTESIAN_POINT('',(12.662933124665,17.972979399089,11.5));
#9851 = CARTESIAN_POINT('',(12.712331568604,17.971115310616,11.5));
#9852 = CARTESIAN_POINT('',(12.761743802929,17.969663986326,11.5));
#9853 = CARTESIAN_POINT('',(12.811165508638,17.968625533918,11.5));
#9854 = CARTESIAN_POINT('',(12.86059236348,17.968,11.5));
#9855 = PCURVE('',#91,#9856);
#9856 = DEFINITIONAL_REPRESENTATION('',(#9857),#9880);
#9857 = B_SPLINE_CURVE_WITH_KNOTS('',6,(#9858,#9859,#9860,#9861,#9862,
    #9863,#9864,#9865,#9866,#9867,#9868,#9869,#9870,#9871,#9872,#9873,
    #9874,#9875,#9876,#9877,#9878,#9879),.UNSPECIFIED.,.F.,.F.,(7,5,5,5,
    7),(7.322431014895E-02,0.505968363641,0.93871442755,1.013047671723,
    1.073224310149),.UNSPECIFIED.);
#9858 = CARTESIAN_POINT('',(1.700513688886,-8.339529971182));
#9859 = CARTESIAN_POINT('',(1.469645995311,-8.60983169419));
#9860 = CARTESIAN_POINT('',(1.255015168666,-8.894010217714));
#9861 = CARTESIAN_POINT('',(1.057671876829,-9.190834233729));
#9862 = CARTESIAN_POINT('',(0.878531164318,-9.498985828185));
#9863 = CARTESIAN_POINT('',(0.718371448,-9.817062015688));
#9864 = CARTESIAN_POINT('',(0.437294924657,-10.4700920496));
#9865 = CARTESIAN_POINT('',(0.316372410866,-10.80505838618));
#9866 = CARTESIAN_POINT('',(0.215707743264,-11.14698819359));
#9867 = CARTESIAN_POINT('',(0.135779918362,-11.49435056938));
#9868 = CARTESIAN_POINT('',(7.692184343776E-02,-11.84557629478));
#9869 = CARTESIAN_POINT('',(3.284040831217E-02,-12.259771098));
#9870 = CARTESIAN_POINT('',(2.700509659178E-02,-12.32055496069));
#9871 = CARTESIAN_POINT('',(2.179726871149E-02,-12.38139737938));
#9872 = CARTESIAN_POINT('',(1.721763946263E-02,-12.44229024997));
#9873 = CARTESIAN_POINT('',(1.326678290006E-02,-12.50322545581));
#9874 = CARTESIAN_POINT('',(7.256082956346E-03,-12.61355278687));
#9875 = CARTESIAN_POINT('',(4.979399088619E-03,-12.66293312466));
#9876 = CARTESIAN_POINT('',(3.115310615996E-03,-12.7123315686));
#9877 = CARTESIAN_POINT('',(1.663986326207E-03,-12.76174380292));
#9878 = CARTESIAN_POINT('',(6.255339177699E-04,-12.81116550863));
#9879 = CARTESIAN_POINT('',(0.,-12.86059236348));
#9880 = ( GEOMETRIC_REPRESENTATION_CONTEXT(2) 
PARAMETRIC_REPRESENTATION_CONTEXT() REPRESENTATION_CONTEXT('2D SPACE',''
  ) );
#9881 = PCURVE('',#9572,#9882);
#9882 = DEFINITIONAL_REPRESENTATION('',(#9883),#9931);
#9883 = B_SPLINE_CURVE_WITH_KNOTS('',3,(#9884,#9885,#9886,#9887,#9888,
    #9889,#9890,#9891,#9892,#9893,#9894,#9895,#9896,#9897,#9898,#9899,
    #9900,#9901,#9902,#9903,#9904,#9905,#9906,#9907,#9908,#9909,#9910,
    #9911,#9912,#9913,#9914,#9915,#9916,#9917,#9918,#9919,#9920,#9921,
    #9922,#9923,#9924,#9925,#9926,#9927,#9928,#9929,#9930),
  .UNSPECIFIED.,.F.,.F.,(4,1,1,1,1,1,1,1,1,1,1,1,1,1,1,1,1,1,1,1,1,1,1,1
    ,1,1,1,1,1,1,1,1,1,1,1,1,1,1,1,1,1,1,1,1,4),(7.322431014895E-02,
    9.595158287622E-02,0.118678855603,0.141406128331,0.164133401058,
    0.186860673785,0.209587946513,0.23231521924,0.255042491967,
    0.277769764694,0.300497037422,0.323224310149,0.345951582876,
    0.368678855603,0.391406128331,0.414133401058,0.436860673785,
    0.459587946513,0.48231521924,0.505042491967,0.527769764694,
    0.550497037422,0.573224310149,0.595951582876,0.618678855603,
    0.641406128331,0.664133401058,0.686860673785,0.709587946513,
    0.73231521924,0.755042491967,0.777769764694,0.800497037422,
    0.823224310149,0.845951582876,0.868678855604,0.891406128331,
    0.914133401058,0.936860673785,0.959587946513,0.98231521924,
    1.005042491967,1.027769764694,1.050497037422,1.073224310149),
  .QUASI_UNIFORM_KNOTS.);
#9884 = CARTESIAN_POINT('',(3.142589734036,0.706745818995));
#9885 = CARTESIAN_POINT('',(3.142674423145,0.701487578522));
#9886 = CARTESIAN_POINT('',(3.142844376456,0.690971067139));
#9887 = CARTESIAN_POINT('',(3.143101161403,0.675196232618));
#9888 = CARTESIAN_POINT('',(3.143359928525,0.659421357218));
#9889 = CARTESIAN_POINT('',(3.143620813786,0.643646458053));
#9890 = CARTESIAN_POINT('',(3.143883959556,0.627871547107));
#9891 = CARTESIAN_POINT('',(3.144149515975,0.612096631166));
#9892 = CARTESIAN_POINT('',(3.14441764138,0.596321712959));
#9893 = CARTESIAN_POINT('',(3.144688503061,0.580546791987));
#9894 = CARTESIAN_POINT('',(3.144962278016,0.564771865457));
#9895 = CARTESIAN_POINT('',(3.145239153799,0.548996929197));
#9896 = CARTESIAN_POINT('',(3.145519329454,0.533221978585));
#9897 = CARTESIAN_POINT('',(3.145803016544,0.517447009471));
#9898 = CARTESIAN_POINT('',(3.146090440291,0.501672019125));
#9899 = CARTESIAN_POINT('',(3.14638184084,0.485897007099));
#9900 = CARTESIAN_POINT('',(3.146677474662,0.470121976343));
#9901 = CARTESIAN_POINT('',(3.146977616127,0.454346933388));
#9902 = CARTESIAN_POINT('',(3.147282559196,0.438571891914));
#9903 = CARTESIAN_POINT('',(3.147592619576,0.422796863625));
#9904 = CARTESIAN_POINT('',(3.147908136121,0.407021896418));
#9905 = CARTESIAN_POINT('',(3.148229476206,0.391246935955));
#9906 = CARTESIAN_POINT('',(3.148557037275,0.375471902938));
#9907 = CARTESIAN_POINT('',(3.148891246344,0.359696854492));
#9908 = CARTESIAN_POINT('',(3.14923256745,0.343921801998));
#9909 = CARTESIAN_POINT('',(3.149581504714,0.328146761037));
#9910 = CARTESIAN_POINT('',(3.14993860727,0.312371739308));
#9911 = CARTESIAN_POINT('',(3.150304474513,0.296596741144));
#9912 = CARTESIAN_POINT('',(3.150679762215,0.280821767547));
#9913 = CARTESIAN_POINT('',(3.151065189519,0.265046817413));
#9914 = CARTESIAN_POINT('',(3.151461547026,0.249271888424));
#9915 = CARTESIAN_POINT('',(3.151869706137,0.233496978018));
#9916 = CARTESIAN_POINT('',(3.152290629911,0.217722084351));
#9917 = CARTESIAN_POINT('',(3.152725385718,0.201947207269));
#9918 = CARTESIAN_POINT('',(3.153175160053,0.186172349268));
#9919 = CARTESIAN_POINT('',(3.153641275942,0.170397516583));
#9920 = CARTESIAN_POINT('',(3.154125213506,0.154622719918));
#9921 = CARTESIAN_POINT('',(3.154628634316,0.138847976617));
#9922 = CARTESIAN_POINT('',(3.155153410567,0.123073307642));
#9923 = CARTESIAN_POINT('',(3.155701659528,0.107298754127));
#9924 = CARTESIAN_POINT('',(3.156275787009,9.15243211006E-02));
#9925 = CARTESIAN_POINT('',(3.156878541647,7.574995643522E-02));
#9926 = CARTESIAN_POINT('',(3.157513064863,5.997568782863E-02));
#9927 = CARTESIAN_POINT('',(3.158182998399,4.420152466661E-02));
#9928 = CARTESIAN_POINT('',(3.158892476013,2.842748361417E-02));
#9929 = CARTESIAN_POINT('',(3.159395241397,1.79115506882E-02));
#9930 = CARTESIAN_POINT('',(3.159654876294,1.265361095721E-02));
#9931 = ( GEOMETRIC_REPRESENTATION_CONTEXT(2) 
PARAMETRIC_REPRESENTATION_CONTEXT() REPRESENTATION_CONTEXT('2D SPACE',''
  ) );
#9932 = ORIENTED_EDGE('',*,*,#9933,.T.);
#9933 = EDGE_CURVE('',#9829,#42,#9934,.T.);
#9934 = SURFACE_CURVE('',#9935,(#9946,#9960),.PCURVE_S1.);
#9935 = B_SPLINE_CURVE_WITH_KNOTS('',5,(#9936,#9937,#9938,#9939,#9940,
    #9941,#9942,#9943,#9944,#9945),.UNSPECIFIED.,.F.,.F.,(6,4,6),(0.,
    0.500010627985,1.),.UNSPECIFIED.);
#9936 = CARTESIAN_POINT('',(8.339529971182,19.668513688886,11.5));
#9937 = CARTESIAN_POINT('',(8.272347982684,19.725894568896,11.5));
#9938 = CARTESIAN_POINT('',(8.200095692323,19.777341539986,11.5));
#9939 = CARTESIAN_POINT('',(8.123477446065,19.82225260133,11.5));
#9940 = CARTESIAN_POINT('',(8.043290392662,19.860159777613,11.5));
#9941 = CARTESIAN_POINT('',(7.877520884214,19.921322030754,11.5));
#9942 = CARTESIAN_POINT('',(7.791933927739,19.944579475739,11.5));
#9943 = CARTESIAN_POINT('',(7.704512489088,19.960193045694,11.5));
#9944 = CARTESIAN_POINT('',(7.616166640129,19.968,11.5));
#9945 = CARTESIAN_POINT('',(7.52782331531,19.968,11.5));
#9946 = PCURVE('',#91,#9947);
#9947 = DEFINITIONAL_REPRESENTATION('',(#9948),#9959);
#9948 = B_SPLINE_CURVE_WITH_KNOTS('',5,(#9949,#9950,#9951,#9952,#9953,
    #9954,#9955,#9956,#9957,#9958),.UNSPECIFIED.,.F.,.F.,(6,4,6),(0.,
    0.500010627985,1.),.UNSPECIFIED.);
#9949 = CARTESIAN_POINT('',(1.700513688886,-8.339529971182));
#9950 = CARTESIAN_POINT('',(1.757894568896,-8.272347982684));
#9951 = CARTESIAN_POINT('',(1.809341539986,-8.200095692323));
#9952 = CARTESIAN_POINT('',(1.85425260133,-8.123477446065));
#9953 = CARTESIAN_POINT('',(1.892159777613,-8.043290392662));
#9954 = CARTESIAN_POINT('',(1.953322030754,-7.877520884214));
#9955 = CARTESIAN_POINT('',(1.976579475739,-7.791933927739));
#9956 = CARTESIAN_POINT('',(1.992193045694,-7.704512489088));
#9957 = CARTESIAN_POINT('',(2.,-7.616166640129));
#9958 = CARTESIAN_POINT('',(2.,-7.52782331531));
#9959 = ( GEOMETRIC_REPRESENTATION_CONTEXT(2) 
PARAMETRIC_REPRESENTATION_CONTEXT() REPRESENTATION_CONTEXT('2D SPACE',''
  ) );
#9960 = PCURVE('',#63,#9961);
#9961 = DEFINITIONAL_REPRESENTATION('',(#9962),#9973);
#9962 = B_SPLINE_CURVE_WITH_KNOTS('',5,(#9963,#9964,#9965,#9966,#9967,
    #9968,#9969,#9970,#9971,#9972),.UNSPECIFIED.,.F.,.F.,(6,4,6),(0.,
    0.500010627985,1.),.UNSPECIFIED.);
#9963 = CARTESIAN_POINT('',(-3.142589734036,4.00564316139));
#9964 = CARTESIAN_POINT('',(-3.142389340926,4.076315027379));
#9965 = CARTESIAN_POINT('',(-3.142212697105,4.146990166015));
#9966 = CARTESIAN_POINT('',(-3.142061505272,4.217662650201));
#9967 = CARTESIAN_POINT('',(-3.141936318067,4.288339985365));
#9968 = CARTESIAN_POINT('',(-3.141737558808,4.429689154037));
#9969 = CARTESIAN_POINT('',(-3.141663979956,4.500365045709));
#9970 = CARTESIAN_POINT('',(-3.141615999479,4.571037629205));
#9971 = CARTESIAN_POINT('',(-3.14159265359,4.64171432053));
#9972 = CARTESIAN_POINT('',(-3.14159265359,4.712388980385));
#9973 = ( GEOMETRIC_REPRESENTATION_CONTEXT(2) 
PARAMETRIC_REPRESENTATION_CONTEXT() REPRESENTATION_CONTEXT('2D SPACE',''
  ) );
#9974 = ORIENTED_EDGE('',*,*,#243,.T.);
#9975 = ORIENTED_EDGE('',*,*,#267,.F.);
#9976 = ORIENTED_EDGE('',*,*,#678,.T.);
#9977 = ORIENTED_EDGE('',*,*,#703,.T.);
#9978 = ORIENTED_EDGE('',*,*,#918,.F.);
#9979 = ORIENTED_EDGE('',*,*,#3511,.F.);
#9980 = ORIENTED_EDGE('',*,*,#3402,.T.);
#9981 = ORIENTED_EDGE('',*,*,#2120,.T.);
#9982 = ORIENTED_EDGE('',*,*,#1817,.T.);
#9983 = ORIENTED_EDGE('',*,*,#763,.T.);
#9984 = ORIENTED_EDGE('',*,*,#894,.T.);
#9985 = ORIENTED_EDGE('',*,*,#9479,.T.);
#9986 = ORIENTED_EDGE('',*,*,#75,.T.);
#9987 = ORIENTED_EDGE('',*,*,#9988,.F.);
#9988 = EDGE_CURVE('',#9989,#40,#9991,.T.);
#9989 = VERTEX_POINT('',#9990);
#9990 = CARTESIAN_POINT('',(23.470409822505,19.967998750924,11.5));
#9991 = SURFACE_CURVE('',#9992,(#9997,#10010),.PCURVE_S1.);
#9992 = CIRCLE('',#9993,1.25);
#9993 = AXIS2_PLACEMENT_3D('',#9994,#9995,#9996);
#9994 = CARTESIAN_POINT('',(23.47217668469,18.71835524791,
    11.470200778989));
#9995 = DIRECTION('',(0.,2.383937680911E-02,-0.999715801672));
#9996 = DIRECTION('',(-0.649362477208,0.760262915044,1.812934643567E-02)
  );
#9997 = PCURVE('',#91,#9998);
#9998 = DEFINITIONAL_REPRESENTATION('',(#9999),#10009);
#9999 = B_SPLINE_CURVE_WITH_KNOTS('',8,(#10000,#10001,#10002,#10003,
    #10004,#10005,#10006,#10007,#10008),.UNSPECIFIED.,.F.,.F.,(9,9),(
    0.705332328776,0.706745818995),.PIECEWISE_BEZIER_KNOTS.);
#10000 = CARTESIAN_POINT('',(1.999998751633,-23.4704098225));
#10001 = CARTESIAN_POINT('',(1.999999063725,-23.47063068013));
#10002 = CARTESIAN_POINT('',(1.9999993312,-23.47085153781));
#10003 = CARTESIAN_POINT('',(1.999999554203,-23.47107239558));
#10004 = CARTESIAN_POINT('',(1.999999732384,-23.47129325332));
#10005 = CARTESIAN_POINT('',(1.99999986629,-23.47151411115));
#10006 = CARTESIAN_POINT('',(1.999999955381,-23.471734969));
#10007 = CARTESIAN_POINT('',(2.,-23.47195582684));
#10008 = CARTESIAN_POINT('',(2.,-23.47217668469));
#10009 = ( GEOMETRIC_REPRESENTATION_CONTEXT(2) 
PARAMETRIC_REPRESENTATION_CONTEXT() REPRESENTATION_CONTEXT('2D SPACE',''
  ) );
#10010 = PCURVE('',#63,#10011);
#10011 = DEFINITIONAL_REPRESENTATION('',(#10012),#10016);
#10012 = LINE('',#10013,#10014);
#10013 = CARTESIAN_POINT('',(-6.28318530718,4.00564316139));
#10014 = VECTOR('',#10015,1.);
#10015 = DIRECTION('',(0.,1.));
#10016 = ( GEOMETRIC_REPRESENTATION_CONTEXT(2) 
PARAMETRIC_REPRESENTATION_CONTEXT() REPRESENTATION_CONTEXT('2D SPACE',''
  ) );
#10017 = ORIENTED_EDGE('',*,*,#10018,.F.);
#10018 = EDGE_CURVE('',#9519,#9989,#10019,.T.);
#10019 = SURFACE_CURVE('',#10020,(#10031,#10045),.PCURVE_S1.);
#10020 = B_SPLINE_CURVE_WITH_KNOTS('',5,(#10021,#10022,#10023,#10024,
    #10025,#10026,#10027,#10028,#10029,#10030),.UNSPECIFIED.,.F.,.F.,(6,
    4,6),(0.,0.501012598688,1.),.UNSPECIFIED.);
#10021 = CARTESIAN_POINT('',(22.660470028818,19.668513688886,11.5));
#10022 = CARTESIAN_POINT('',(22.727652017316,19.725894568896,11.5));
#10023 = CARTESIAN_POINT('',(22.799904307677,19.777341539986,11.5));
#10024 = CARTESIAN_POINT('',(22.876522553935,19.82225260133,11.5));
#10025 = CARTESIAN_POINT('',(22.956709607338,19.860159777613,11.5));
#10026 = CARTESIAN_POINT('',(23.122147594799,19.9211997129,11.5));
#10027 = CARTESIAN_POINT('',(23.207381414241,19.94439329788,11.5));
#10028 = CARTESIAN_POINT('',(23.294438544706,19.960005315945,11.5));
#10029 = CARTESIAN_POINT('',(23.382419947218,19.967874342656,11.5));
#10030 = CARTESIAN_POINT('',(23.470409822505,19.967998750924,11.5));
#10031 = PCURVE('',#91,#10032);
#10032 = DEFINITIONAL_REPRESENTATION('',(#10033),#10044);
#10033 = B_SPLINE_CURVE_WITH_KNOTS('',5,(#10034,#10035,#10036,#10037,
    #10038,#10039,#10040,#10041,#10042,#10043),.UNSPECIFIED.,.F.,.F.,(6,
    4,6),(0.,0.501012598688,1.),.UNSPECIFIED.);
#10034 = CARTESIAN_POINT('',(1.700513688886,-22.66047002881));
#10035 = CARTESIAN_POINT('',(1.757894568896,-22.72765201731));
#10036 = CARTESIAN_POINT('',(1.809341539986,-22.79990430767));
#10037 = CARTESIAN_POINT('',(1.85425260133,-22.87652255393));
#10038 = CARTESIAN_POINT('',(1.892159777613,-22.95670960733));
#10039 = CARTESIAN_POINT('',(1.9531997129,-23.12214759479));
#10040 = CARTESIAN_POINT('',(1.97639329788,-23.20738141424));
#10041 = CARTESIAN_POINT('',(1.992005315945,-23.2944385447));
#10042 = CARTESIAN_POINT('',(1.999874342656,-23.38241994721));
#10043 = CARTESIAN_POINT('',(1.999998750924,-23.4704098225));
#10044 = ( GEOMETRIC_REPRESENTATION_CONTEXT(2) 
PARAMETRIC_REPRESENTATION_CONTEXT() REPRESENTATION_CONTEXT('2D SPACE',''
  ) );
#10045 = PCURVE('',#63,#10046);
#10046 = DEFINITIONAL_REPRESENTATION('',(#10047),#10058);
#10047 = B_SPLINE_CURVE_WITH_KNOTS('',5,(#10048,#10049,#10050,#10051,
    #10052,#10053,#10054,#10055,#10056,#10057),.UNSPECIFIED.,.F.,.F.,(6,
    4,6),(0.,0.501012598688,1.),.UNSPECIFIED.);
#10048 = CARTESIAN_POINT('',(-6.282188226733,4.00564316139));
#10049 = CARTESIAN_POINT('',(-6.282388619844,4.076315027379));
#10050 = CARTESIAN_POINT('',(-6.282565263664,4.146990166015));
#10051 = CARTESIAN_POINT('',(-6.282716455498,4.217662650201));
#10052 = CARTESIAN_POINT('',(-6.282841642702,4.288339985365));
#10053 = CARTESIAN_POINT('',(-6.283040004465,4.429406471074));
#10054 = CARTESIAN_POINT('',(-6.283113391774,4.499799633842));
#10055 = CARTESIAN_POINT('',(-6.28316138428,4.570189560393));
#10056 = CARTESIAN_POINT('',(-6.283184931299,4.640583519616));
#10057 = CARTESIAN_POINT('',(-6.283185303444,4.710975490166));
#10058 = ( GEOMETRIC_REPRESENTATION_CONTEXT(2) 
PARAMETRIC_REPRESENTATION_CONTEXT() REPRESENTATION_CONTEXT('2D SPACE',''
  ) );
#10059 = ADVANCED_FACE('',(#10060),#9737,.T.);
#10060 = FACE_BOUND('',#10061,.T.);
#10061 = EDGE_LOOP('',(#10062,#10063));
#10062 = ORIENTED_EDGE('',*,*,#9721,.F.);
#10063 = ORIENTED_EDGE('',*,*,#10064,.T.);
#10064 = EDGE_CURVE('',#9722,#9633,#10065,.T.);
#10065 = SURFACE_CURVE('',#10066,(#10071,#10078),.PCURVE_S1.);
#10066 = CIRCLE('',#10067,2.55);
#10067 = AXIS2_PLACEMENT_3D('',#10068,#10069,#10070);
#10068 = CARTESIAN_POINT('',(15.5,17.968568396655,11.452321246382));
#10069 = DIRECTION('',(0.,0.999715801672,2.383937680911E-02));
#10070 = DIRECTION('',(1.,0.,0.));
#10071 = PCURVE('',#9737,#10072);
#10072 = DEFINITIONAL_REPRESENTATION('',(#10073),#10077);
#10073 = CIRCLE('',#10074,2.55);
#10074 = AXIS2_PLACEMENT_2D('',#10075,#10076);
#10075 = CARTESIAN_POINT('',(0.,0.));
#10076 = DIRECTION('',(1.,0.));
#10077 = ( GEOMETRIC_REPRESENTATION_CONTEXT(2) 
PARAMETRIC_REPRESENTATION_CONTEXT() REPRESENTATION_CONTEXT('2D SPACE',''
  ) );
#10078 = PCURVE('',#9686,#10079);
#10079 = DEFINITIONAL_REPRESENTATION('',(#10080),#10084);
#10080 = LINE('',#10081,#10082);
#10081 = CARTESIAN_POINT('',(0.,0.706745818995));
#10082 = VECTOR('',#10083,1.);
#10083 = DIRECTION('',(1.,0.));
#10084 = ( GEOMETRIC_REPRESENTATION_CONTEXT(2) 
PARAMETRIC_REPRESENTATION_CONTEXT() REPRESENTATION_CONTEXT('2D SPACE',''
  ) );
#10085 = ADVANCED_FACE('',(#10086),#9686,.T.);
#10086 = FACE_BOUND('',#10087,.T.);
#10087 = EDGE_LOOP('',(#10088,#10089,#10255,#10256));
#10088 = ORIENTED_EDGE('',*,*,#9748,.F.);
#10089 = ORIENTED_EDGE('',*,*,#10090,.F.);
#10090 = EDGE_CURVE('',#9517,#9749,#10091,.T.);
#10091 = SURFACE_CURVE('',#10092,(#10149,#10195),.PCURVE_S1.);
#10092 = B_SPLINE_CURVE_WITH_KNOTS('',4,(#10093,#10094,#10095,#10096,
    #10097,#10098,#10099,#10100,#10101,#10102,#10103,#10104,#10105,
    #10106,#10107,#10108,#10109,#10110,#10111,#10112,#10113,#10114,
    #10115,#10116,#10117,#10118,#10119,#10120,#10121,#10122,#10123,
    #10124,#10125,#10126,#10127,#10128,#10129,#10130,#10131,#10132,
    #10133,#10134,#10135,#10136,#10137,#10138,#10139,#10140,#10141,
    #10142,#10143,#10144,#10145,#10146,#10147,#10148),.UNSPECIFIED.,.F.,
  .F.,(5,3,3,3,3,3,3,3,3,3,3,3,3,3,3,3,3,3,5),(0.,5.69049593278E-02,
    9.939354842527E-02,0.154021716971,0.210673146552,0.267324576132,
    0.325999265905,0.372534383536,0.408953177278,0.467627867051,
    0.510116456148,0.587000431976,0.65376815212,0.698280005688,
    0.763024470014,0.821699159787,0.876327328333,0.930955496878,1.),
  .UNSPECIFIED.);
#10093 = CARTESIAN_POINT('',(18.13940763652,17.968,11.5));
#10094 = CARTESIAN_POINT('',(18.137301227904,17.96522017,11.616573516149
    ));
#10095 = CARTESIAN_POINT('',(18.128326029067,17.962443286167,
    11.733023483331));
#10096 = CARTESIAN_POINT('',(18.112493104873,17.959683867551,
    11.848741038185));
#10097 = CARTESIAN_POINT('',(18.07306605564,17.954919488905,
    12.048537562058));
#10098 = CARTESIAN_POINT('',(18.052454284615,17.952900489595,
    12.133205275034));
#10099 = CARTESIAN_POINT('',(18.028133962914,17.950905080348,
    12.216883727328));
#10100 = CARTESIAN_POINT('',(17.964253654364,17.946411130414,
    12.405339692295));
#10101 = CARTESIAN_POINT('',(17.92232462558,17.943931715967,
    12.509315136887));
#10102 = CARTESIAN_POINT('',(17.874572186149,17.941512895616,
    12.610749538671));
#10103 = CARTESIAN_POINT('',(17.765958668937,17.936732105552,
    12.81123428331));
#10104 = CARTESIAN_POINT('',(17.704677187271,17.934375541773,
    12.910057925652));
#10105 = CARTESIAN_POINT('',(17.637694629973,17.932108866711,
    13.005112041161));
#10106 = CARTESIAN_POINT('',(17.493075731359,17.92777771291,
    13.186741071533));
#10107 = CARTESIAN_POINT('',(17.415438836954,17.925713217606,
    13.273316681028));
#10108 = CARTESIAN_POINT('',(17.332848808482,17.923761010927,
    13.355183412731));
#10109 = CARTESIAN_POINT('',(17.155553456292,17.920034752345,
    13.511445869408));
#10110 = CARTESIAN_POINT('',(17.060520031947,17.918269537351,
    13.585471014318));
#10111 = CARTESIAN_POINT('',(16.961157064416,17.916645449211,
    13.653577936333));
#10112 = CARTESIAN_POINT('',(16.776252363679,17.914001034543,
    13.764472744977));
#10113 = CARTESIAN_POINT('',(16.692103982559,17.912925306492,
    13.809583921285));
#10114 = CARTESIAN_POINT('',(16.605877327489,17.911947575374,
    13.850585548833));
#10115 = CARTESIAN_POINT('',(16.449011387737,17.910384806115,
    13.916121033902));
#10116 = CARTESIAN_POINT('',(16.379058387246,17.909760605068,
    13.942297206812));
#10117 = CARTESIAN_POINT('',(16.308167385009,17.90919976138,
    13.965816458273));
#10118 = CARTESIAN_POINT('',(16.121013465086,17.907903537221,
    14.020174245569));
#10119 = CARTESIAN_POINT('',(16.003497318077,17.907270941941,
    14.046702434745));
#10120 = CARTESIAN_POINT('',(15.884584256363,17.906809988274,
    14.066032749814));
#10121 = CARTESIAN_POINT('',(15.678298759738,17.90631393312,
    14.086835062724));
#10122 = CARTESIAN_POINT('',(15.59127434017,17.9061964326,
    14.091762503876));
#10123 = CARTESIAN_POINT('',(15.504117304901,17.906170380111,
    14.092855027605));
#10124 = CARTESIAN_POINT('',(15.25958610882,17.906353578628,
    14.085172509161));
#10125 = CARTESIAN_POINT('',(15.102483413966,17.906770390076,
    14.067693319397));
#10126 = CARTESIAN_POINT('',(14.947278098603,17.907484880746,
    14.037730807433));
#10127 = CARTESIAN_POINT('',(14.663546709139,17.909358155862,
    13.959174108992));
#10128 = CARTESIAN_POINT('',(14.534194800539,17.910446126335,
    13.913549540778));
#10129 = CARTESIAN_POINT('',(14.408315423632,17.91174511725,
    13.859075728215));
#10130 = CARTESIAN_POINT('',(14.205762160237,17.914243824853,
    13.754291215844));
#10131 = CARTESIAN_POINT('',(14.126672494325,17.915332307037,
    13.708645188777));
#10132 = CARTESIAN_POINT('',(14.049773051659,17.916506597946,
    13.65940073129));
#10133 = CARTESIAN_POINT('',(13.866979304328,17.919589730634,
    13.530108070174));
#10134 = CARTESIAN_POINT('',(13.763792870147,17.921589853955,
    13.446231930902));
#10135 = CARTESIAN_POINT('',(13.666475084107,17.923750692726,
    13.355616111492));
#10136 = CARTESIAN_POINT('',(13.493322091525,17.928146416557,
    13.171279305669));
#10137 = CARTESIAN_POINT('',(13.416327368141,17.930355389521,
    13.078644955589));
#10138 = CARTESIAN_POINT('',(13.345113634723,17.932671958067,
    12.981498532658));
#10139 = CARTESIAN_POINT('',(13.219458698372,17.937327253411,
    12.786276469875));
#10140 = CARTESIAN_POINT('',(13.164199026828,17.93965345049,
    12.68872626979));
#10141 = CARTESIAN_POINT('',(13.114554757989,17.942050526868,
    12.588203711997));
#10142 = CARTESIAN_POINT('',(13.026918800664,17.946962804354,
    12.382204978693));
#10143 = CARTESIAN_POINT('',(12.988926822391,17.949478021706,
    12.276728122002));
#10144 = CARTESIAN_POINT('',(12.956971611496,17.952040499511,
    12.169269375346));
#10145 = CARTESIAN_POINT('',(12.898575976618,17.957920394185,
    11.922693147085));
#10146 = CARTESIAN_POINT('',(12.875815977892,17.961258621994,
    11.78270294864));
#10147 = CARTESIAN_POINT('',(12.863148132623,17.964627148368,
    11.641442165222));
#10148 = CARTESIAN_POINT('',(12.860592363479,17.968,11.5));
#10149 = PCURVE('',#9686,#10150);
#10150 = DEFINITIONAL_REPRESENTATION('',(#10151),#10194);
#10151 = B_SPLINE_CURVE_WITH_KNOTS('',11,(#10152,#10153,#10154,#10155,
    #10156,#10157,#10158,#10159,#10160,#10161,#10162,#10163,#10164,
    #10165,#10166,#10167,#10168,#10169,#10170,#10171,#10172,#10173,
    #10174,#10175,#10176,#10177,#10178,#10179,#10180,#10181,#10182,
    #10183,#10184,#10185,#10186,#10187,#10188,#10189,#10190,#10191,
    #10192,#10193),.UNSPECIFIED.,.F.,.F.,(12,10,10,10,12),(0.,0.5,0.625,
    0.75,1.),.UNSPECIFIED.);
#10152 = CARTESIAN_POINT('',(6.265123084475,0.694092208038));
#10153 = CARTESIAN_POINT('',(6.12396555005,0.694092209911));
#10154 = CARTESIAN_POINT('',(5.982807230047,0.694092201094));
#10155 = CARTESIAN_POINT('',(5.841651783902,0.694092219519));
#10156 = CARTESIAN_POINT('',(5.700490861482,0.694092200081));
#10157 = CARTESIAN_POINT('',(5.559335843665,0.694092206621));
#10158 = CARTESIAN_POINT('',(5.418178304097,0.694092214297));
#10159 = CARTESIAN_POINT('',(5.277017880101,0.694092204165));
#10160 = CARTESIAN_POINT('',(5.135863359037,0.694092208754));
#10161 = CARTESIAN_POINT('',(4.994704313237,0.69409220838));
#10162 = CARTESIAN_POINT('',(4.853546948392,0.694092207945));
#10163 = CARTESIAN_POINT('',(4.677099975914,0.694092208089));
#10164 = CARTESIAN_POINT('',(4.641810662542,0.694092200563));
#10165 = CARTESIAN_POINT('',(4.606521078185,0.694092240317));
#10166 = CARTESIAN_POINT('',(4.571230906302,0.694092166809));
#10167 = CARTESIAN_POINT('',(4.535942910147,0.694092216205));
#10168 = CARTESIAN_POINT('',(4.500652961159,0.694092235249));
#10169 = CARTESIAN_POINT('',(4.465362236315,0.69409218163));
#10170 = CARTESIAN_POINT('',(4.430074469579,0.694092218932));
#10171 = CARTESIAN_POINT('',(4.394784165015,0.694092207349));
#10172 = CARTESIAN_POINT('',(4.359494934019,0.694092207533));
#10173 = CARTESIAN_POINT('',(4.28891610597,0.694092208184));
#10174 = CARTESIAN_POINT('',(4.2536266283,0.694092208148));
#10175 = CARTESIAN_POINT('',(4.218337209966,0.694092208108));
#10176 = CARTESIAN_POINT('',(4.183047849305,0.694092208123));
#10177 = CARTESIAN_POINT('',(4.147758497332,0.694092208138));
#10178 = CARTESIAN_POINT('',(4.112469110389,0.694092208095));
#10179 = CARTESIAN_POINT('',(4.077179678371,0.694092208012));
#10180 = CARTESIAN_POINT('',(4.041890228196,0.69409220797));
#10181 = CARTESIAN_POINT('',(4.006600802872,0.694092208065));
#10182 = CARTESIAN_POINT('',(3.971311415851,0.694092208288));
#10183 = CARTESIAN_POINT('',(3.865443110994,0.694092208465));
#10184 = CARTESIAN_POINT('',(3.794864213955,0.694092202499));
#10185 = CARTESIAN_POINT('',(3.724286418669,0.694092230427));
#10186 = CARTESIAN_POINT('',(3.653703974679,0.694092155041));
#10187 = CARTESIAN_POINT('',(3.583132675944,0.694092291238));
#10188 = CARTESIAN_POINT('',(3.512543526171,0.694092120229));
#10189 = CARTESIAN_POINT('',(3.44197457738,0.694092268734));
#10190 = CARTESIAN_POINT('',(3.371389398054,0.694092183575));
#10191 = CARTESIAN_POINT('',(3.300813245491,0.694092211693));
#10192 = CARTESIAN_POINT('',(3.230233644906,0.694092208974));
#10193 = CARTESIAN_POINT('',(3.159654876294,0.694092208038));
#10194 = ( GEOMETRIC_REPRESENTATION_CONTEXT(2) 
PARAMETRIC_REPRESENTATION_CONTEXT() REPRESENTATION_CONTEXT('2D SPACE',''
  ) );
#10195 = PCURVE('',#9572,#10196);
#10196 = DEFINITIONAL_REPRESENTATION('',(#10197),#10254);
#10197 = B_SPLINE_CURVE_WITH_KNOTS('',4,(#10198,#10199,#10200,#10201,
    #10202,#10203,#10204,#10205,#10206,#10207,#10208,#10209,#10210,
    #10211,#10212,#10213,#10214,#10215,#10216,#10217,#10218,#10219,
    #10220,#10221,#10222,#10223,#10224,#10225,#10226,#10227,#10228,
    #10229,#10230,#10231,#10232,#10233,#10234,#10235,#10236,#10237,
    #10238,#10239,#10240,#10241,#10242,#10243,#10244,#10245,#10246,
    #10247,#10248,#10249,#10250,#10251,#10252,#10253),.UNSPECIFIED.,.F.,
  .F.,(5,3,3,3,3,3,3,3,3,3,3,3,3,3,3,3,3,3,5),(0.,5.69049593278E-02,
    9.939354842527E-02,0.154021716971,0.210673146552,0.267324576132,
    0.325999265905,0.372534383536,0.408953177278,0.467627867051,
    0.510116456148,0.587000431976,0.65376815212,0.698280005688,
    0.763024470014,0.821699159787,0.876327328333,0.930955496878,1.),
  .UNSPECIFIED.);
#10198 = CARTESIAN_POINT('',(6.26512304879,1.265361095717E-02));
#10199 = CARTESIAN_POINT('',(6.220943948136,1.265361095717E-02));
#10200 = CARTESIAN_POINT('',(6.176764859906,1.265361095729E-02));
#10201 = CARTESIAN_POINT('',(6.1325856662,1.265361095717E-02));
#10202 = CARTESIAN_POINT('',(6.05541984587,1.265361095717E-02));
#10203 = CARTESIAN_POINT('',(6.022433116932,1.265361095721E-02));
#10204 = CARTESIAN_POINT('',(5.989446387993,1.265361095725E-02));
#10205 = CARTESIAN_POINT('',(5.914048191732,1.265361095725E-02));
#10206 = CARTESIAN_POINT('',(5.871636669559,1.265361095713E-02));
#10207 = CARTESIAN_POINT('',(5.829225147387,1.265361095725E-02));
#10208 = CARTESIAN_POINT('',(5.74283139637,1.265361095725E-02));
#10209 = CARTESIAN_POINT('',(5.698849073612,1.265361095722E-02));
#10210 = CARTESIAN_POINT('',(5.654866750854,1.265361095717E-02));
#10211 = CARTESIAN_POINT('',(5.566902207769,1.265361095717E-02));
#10212 = CARTESIAN_POINT('',(5.522919885011,1.26536109572E-02));
#10213 = CARTESIAN_POINT('',(5.478937562253,1.265361095725E-02));
#10214 = CARTESIAN_POINT('',(5.389402227754,1.265361095725E-02));
#10215 = CARTESIAN_POINT('',(5.343849103756,1.26536109572E-02));
#10216 = CARTESIAN_POINT('',(5.298295979759,1.265361095717E-02));
#10217 = CARTESIAN_POINT('',(5.216614610861,1.265361095717E-02));
#10218 = CARTESIAN_POINT('',(5.18048628577,1.265361095719E-02));
#10219 = CARTESIAN_POINT('',(5.144357960678,1.265361095725E-02));
#10220 = CARTESIAN_POINT('',(5.079955323666,1.265361095725E-02));
#10221 = CARTESIAN_POINT('',(5.051680986973,1.265361095709E-02));
#10222 = CARTESIAN_POINT('',(5.023406650279,1.265361095729E-02));
#10223 = CARTESIAN_POINT('',(4.949579256251,1.265361095729E-02));
#10224 = CARTESIAN_POINT('',(4.904026132254,1.265361095703E-02));
#10225 = CARTESIAN_POINT('',(4.858473008256,1.265361095725E-02));
#10226 = CARTESIAN_POINT('',(4.779933228513,1.265361095725E-02));
#10227 = CARTESIAN_POINT('',(4.746946499574,1.265361095721E-02));
#10228 = CARTESIAN_POINT('',(4.713959770636,1.265361095717E-02));
#10229 = CARTESIAN_POINT('',(4.62128291139,1.265361095717E-02));
#10230 = CARTESIAN_POINT('',(4.561592533013,1.265361095725E-02));
#10231 = CARTESIAN_POINT('',(4.501902154635,1.265361095721E-02));
#10232 = CARTESIAN_POINT('',(4.390375791636,1.265361095721E-02));
#10233 = CARTESIAN_POINT('',(4.338539454608,1.265361095715E-02));
#10234 = CARTESIAN_POINT('',(4.286703117579,1.265361095725E-02));
#10235 = CARTESIAN_POINT('',(4.200309385517,1.265361095725E-02));
#10236 = CARTESIAN_POINT('',(4.16575185866,1.265361095712E-02));
#10237 = CARTESIAN_POINT('',(4.131194331804,1.265361095725E-02));
#10238 = CARTESIAN_POINT('',(4.04637138776,1.265361095725E-02));
#10239 = CARTESIAN_POINT('',(3.996105855366,1.265361095707E-02));
#10240 = CARTESIAN_POINT('',(3.945840322973,1.265361095725E-02));
#10241 = CARTESIAN_POINT('',(3.850021827495,1.265361095725E-02));
#10242 = CARTESIAN_POINT('',(3.804468703497,1.265361095713E-02));
#10243 = CARTESIAN_POINT('',(3.7589155795,1.265361095725E-02));
#10244 = CARTESIAN_POINT('',(3.670951037069,1.265361095725E-02));
#10245 = CARTESIAN_POINT('',(3.628539514896,1.265361095711E-02));
#10246 = CARTESIAN_POINT('',(3.586127992724,1.265361095725E-02));
#10247 = CARTESIAN_POINT('',(3.501305033775,1.265361095725E-02));
#10248 = CARTESIAN_POINT('',(3.458893511603,1.26536109571E-02));
#10249 = CARTESIAN_POINT('',(3.41648198943,1.265361095725E-02));
#10250 = CARTESIAN_POINT('',(3.320466671407,1.265361095725E-02));
#10251 = CARTESIAN_POINT('',(3.266862656399,1.265361095718E-02));
#10252 = CARTESIAN_POINT('',(3.213258748086,1.265361095721E-02));
#10253 = CARTESIAN_POINT('',(3.159654911979,1.265361095721E-02));
#10254 = ( GEOMETRIC_REPRESENTATION_CONTEXT(2) 
PARAMETRIC_REPRESENTATION_CONTEXT() REPRESENTATION_CONTEXT('2D SPACE',''
  ) );
#10255 = ORIENTED_EDGE('',*,*,#9632,.T.);
#10256 = ORIENTED_EDGE('',*,*,#10064,.F.);
#10257 = ADVANCED_FACE('',(#10258),#9572,.F.);
#10258 = FACE_BOUND('',#10259,.F.);
#10259 = EDGE_LOOP('',(#10260,#10282,#10283,#10284));
#10260 = ORIENTED_EDGE('',*,*,#10261,.F.);
#10261 = EDGE_CURVE('',#9829,#9519,#10262,.T.);
#10262 = SURFACE_CURVE('',#10263,(#10268,#10275),.PCURVE_S1.);
#10263 = CIRCLE('',#10264,7.16047358818);
#10264 = AXIS2_PLACEMENT_3D('',#10265,#10266,#10267);
#10265 = CARTESIAN_POINT('',(15.5,19.668683891715,11.492862462033));
#10266 = DIRECTION('',(0.,0.999715801672,2.383937680911E-02));
#10267 = DIRECTION('',(1.,0.,0.));
#10268 = PCURVE('',#9572,#10269);
#10269 = DEFINITIONAL_REPRESENTATION('',(#10270),#10274);
#10270 = LINE('',#10271,#10272);
#10271 = CARTESIAN_POINT('',(0.,0.706745818995));
#10272 = VECTOR('',#10273,1.);
#10273 = DIRECTION('',(1.,0.));
#10274 = ( GEOMETRIC_REPRESENTATION_CONTEXT(2) 
PARAMETRIC_REPRESENTATION_CONTEXT() REPRESENTATION_CONTEXT('2D SPACE',''
  ) );
#10275 = PCURVE('',#63,#10276);
#10276 = DEFINITIONAL_REPRESENTATION('',(#10277),#10281);
#10277 = LINE('',#10278,#10279);
#10278 = CARTESIAN_POINT('',(0.,4.00564316139));
#10279 = VECTOR('',#10280,1.);
#10280 = DIRECTION('',(-1.,0.));
#10281 = ( GEOMETRIC_REPRESENTATION_CONTEXT(2) 
PARAMETRIC_REPRESENTATION_CONTEXT() REPRESENTATION_CONTEXT('2D SPACE',''
  ) );
#10282 = ORIENTED_EDGE('',*,*,#9828,.T.);
#10283 = ORIENTED_EDGE('',*,*,#10090,.F.);
#10284 = ORIENTED_EDGE('',*,*,#9516,.T.);
#10285 = ADVANCED_FACE('',(#10286),#63,.T.);
#10286 = FACE_BOUND('',#10287,.F.);
#10287 = EDGE_LOOP('',(#10288,#10289,#10290,#10291,#10292));
#10288 = ORIENTED_EDGE('',*,*,#9988,.T.);
#10289 = ORIENTED_EDGE('',*,*,#39,.T.);
#10290 = ORIENTED_EDGE('',*,*,#9933,.F.);
#10291 = ORIENTED_EDGE('',*,*,#10261,.T.);
#10292 = ORIENTED_EDGE('',*,*,#10018,.T.);
#10293 = ( GEOMETRIC_REPRESENTATION_CONTEXT(3) 
GLOBAL_UNCERTAINTY_ASSIGNED_CONTEXT((#10297)) 
GLOBAL_UNIT_ASSIGNED_CONTEXT((#10294,#10295,#10296)) 
REPRESENTATION_CONTEXT('Context #1',
  '3D Context with UNIT and UNCERTAINTY') );
#10294 = ( LENGTH_UNIT() NAMED_UNIT(*) SI_UNIT(.MILLI.,.METRE.) );
#10295 = ( NAMED_UNIT(*) PLANE_ANGLE_UNIT() SI_UNIT($,.RADIAN.) );
#10296 = ( NAMED_UNIT(*) SI_UNIT($,.STERADIAN.) SOLID_ANGLE_UNIT() );
#10297 = UNCERTAINTY_MEASURE_WITH_UNIT(LENGTH_MEASURE(5.E-07),#10294,
  'distance_accuracy_value','confusion accuracy');
#10298 = CONTEXT_DEPENDENT_SHAPE_REPRESENTATION(#10299,#10301);
#10299 = ( REPRESENTATION_RELATIONSHIP('','',#32,#10) 
REPRESENTATION_RELATIONSHIP_WITH_TRANSFORMATION(#10300) 
SHAPE_REPRESENTATION_RELATIONSHIP() );
#10300 = ITEM_DEFINED_TRANSFORMATION('','',#11,#15);
#10301 = PRODUCT_DEFINITION_SHAPE('Placement','Placement of an item',
  #10302);
#10302 = NEXT_ASSEMBLY_USAGE_OCCURRENCE('1','=>[0:1:1:2]','',#5,#27,$);
#10303 = PRODUCT_RELATED_PRODUCT_CATEGORY('part',$,(#29));
ENDSEC;
END-ISO-10303-21;
